Question,Vector without summary,Multiple Choice  Radom,Vector less of pageindex Chat,Muliple Choice Radom,Vector less of pageindex local,Muliple Choice Radom,Vector with Summary Table,Multiple Choice Radom
Where is AIT located?,"The Asian Institute of Technology (AIT) is located on a **green campus north of Bangkok, Thailand**. This is explicitly stated in the ""About AIT"" section of their official website. [AIT Official Website](https://www.ait.ac.th/about/)",B,"AIT is located on a green campus **north of Bangkok, Thailand**.<cite doc=""web_markdown.pdf"" page=""1""/> More specifically, the campus is in **Pathumthani**.<cite doc=""web_markdown.pdf"" page=""2""/>",D,"Generated Answer:
The Asian Institute of Technology (AIT) Conference Center (AITCC) is located at **P.O. Box 4, Klong
Luang, Pathumthani 12120, Thailand**. This address is explicitly mentioned in the context under the
""Contact us"" and ""About AITCC"" sections.",C,"AIT is located on a green campus just north of Bangkok, Thailand. For a detailed map and additional information, visit the [AIT website](https://www.ait.ac.th/about/).",A
When was AIT founded?,"The Asian Institute of Technology (AIT) was founded in 1959. This is explicitly stated in the context provided: ""The Asian Institute of Technology (AIT), founded in 1959..."" Source: https://www.ait.ac.th/about/",C,"AIT (Asian Institute of Technology) was founded in **1959**.<cite doc=""web_markdown.pdf"" page=""1""/>

The document notes that on July 30, 1959, His Majesty King Bhumibol Adulyadej of Thailand signed the Royal Decree establishing the SEATO Graduate School of Engineering, and the school opened on September 8, 1959.<cite doc=""web_markdown.pdf"" page=""2""/> It later became the Asian Institute of Technology in 1967.<cite doc=""web_markdown.pdf"" page=""2""/>",A,"Generated Answer:

The context provided does not include information about when AIT (Asian Institute of Technology) was
founded.",B,"The Asian Institute of Technology (AIT) was founded in **1959**.  

[Source](https://ait.ac.th/about/)",D
What is AIT’s mission and vision?,"The mission and vision of the Asian Institute of Technology (AIT) are as follows:

Mission
AIT's mission is to provide high-quality postgraduate education and research that is internationally recognized, innovative, and relevant to the needs of industry and society. It aims to contribute to sustainable development through education, research, and collaboration, with a focus on global challenges such as climate change, poverty, and inequality.

Vision
AIT's vision is to become a leading international research university that drives innovation and sustainability. It envisions a future where education and research are centered on solving global challenges, and where AIT plays a pivotal role in shaping a more equitable, sustainable, and resilient world.

Summary
Mission: Provide high-quality, internationally recognized postgraduate education and research that is innovative and relevant to industry and society, contributing to sustainable development.
Vision: To become a leading international research university that drives innovation and sustainability, addressing global challenges through education, research, and collaboration.",B,"## Vision
AIT's vision is **""Transforming AIT to be a respectable international graduate institution whose research and education contribute to the development of Asia, by making AIT more global, more innovative, more entrepreneurial, and more economically relevant—while leveraging on its social impact core strengths.""**<cite doc=""web_markdown.pdf"" page=""1""/>
## Mission
The mission is **""to develop highly qualified and committed professionals who will play a leading role in the sustainable development of the region and its integration into the global economy""**.<cite doc=""web_markdown.pdf"" page=""1""/>

These guide AIT to become a trailblazer in advanced education, a leader in professional development programs, a hub for regional research projects, and a financially viable, self-sustaining institution with strong governance and leadership.<cite doc=""web_markdown.pdf"" page=""1""/>",C,"Generated Answer:

เวิ

**Answer:**

**1. Visa and Immigration:**
- Students from certain countries (e.g., China, India) need a **Non-Immigrant ""B"" Visa** for study
purposes.
- Upon arrival in Thailand, students must apply for a **Non-Immigrant ""O"" Visa** (for study) and
**Non-Immigrant ""O"" Visa Extension** after 30 days.
- Students must carry their **student ID card**, **passport**, and **visa documents** at all times.

**2. Arrival and Accommodation:**
- **Arrival Date:** For August 2026 intake, new students should arrive between **01 to 03 August
2026**.
- **Pick-up:** The **Student Union (SU) team** will pick up students at **Suvarnabhumi or Don Muang
airports**.
- **Accommodation:** All new students are allocated **on-campus housing** without queuing.
- **Transportation:** From **Suvarnabhumi Airport**, the cost to AIT is **300–500 Baht**, and from
**Don Muang Airport**, it is **500–700 Baht**.

**3. Registration and Payments:**
- **In Thailand:** New students must register in person at the **Admissions Unit** starting from
**27 July 2026** (for August Intake).
...
- **Student ID Card:** Obtained after registration.
- **Contact:** For inquiries, contact **accommodation@ait.ac.th**, **aso@ait.ac.th**, or
**jhozine@ait.asia**.
- **Website:** Visit [https://ait.ac.th](https://ait.ac.th) for more information.",A,"AIT’s **vision** is to transform into a ""respectable international graduate institution whose research and education contribute to the development of Asia"" by becoming more global, innovative, entrepreneurial, and economically relevant while leveraging its social impact core strengths.  

Its **mission** is to ""develop highly qualified and committed professionals who will play a leading role in the sustainable development of the region and its integration into the global economy.""  

For more details, visit: [AIT About Page](https://ait.ac.th/about/).",D
What degrees are offered at AIT?,"AIT offers the following degrees and programs:  
- **Doctoral Degrees**  
- **Executive Master’s Degree**  
- **Master’s Degrees** (including Professional Master’s Programs like Banking & Finance, Business Analytics & Digital Transformation, Environmental, Social and Governance, Social Business and Entrepreneurship)  
- **Diploma & Certificate Programs**  
- **Non-degree programs**  
- **Intensive English language programs**  
- **Unified Bachelor-Master Programs** (partner universities award Bachelor’s degrees, AIT awards Master’s degrees, completed in a minimum of 5 years).  

For detailed program specifics, visit [AIT’s Professional Master’s page](https://ait.ac.th/study/professional-masters-programs/) or [Unified Programs page](https://ait.ac.th/study/unified-degree-programs/).",D,"AIT offers the following degrees and programs:<cite doc=""web_markdown.pdf"" page=""1""/>

**Master's Degrees:**
- MBA (Master of Business Administration)
- MEng (Master of Engineering)
- MSc (Master of Science)
- Executive Master Degree Programs

**Doctoral Degrees:**
- DEng (Doctor of Engineering)
- DTechSc (Doctor of Technical Science)
- PhD (Doctor of Philosophy)
- DBA (Doctor of Business Administration)

**Other Programs:**
- Certificate and Special Programs
- Intensive English & academic bridging program
- Non-degree continuing education courses

AIT focuses on **engineering, environment, and management studies** as an international English-speaking postgraduate institution.<cite doc=""web_markdown.pdf"" page=""1""/>",A,"Generated Answer:

The provided context does not mention any specific degrees offered at the Asian Institute of
Technology (AIT). The information focuses on dining promotions, event reservations, contact details,
and facility management at AITCC (AIT Conference Center), but no academic programs or degree
offerings are listed.",B,"AIT offers the following degrees and programs:  
- **Doctoral Degrees**: DEng, DTechSc, PhD, DBA.  
- **Master's Degrees**: MBA, MEng, MSc, and Professional Master's Degree.  
- **Executive Master's Degree Programs**.  
- **Diploma Programs** (minimum 12 months/2 semesters).  
- **Certificate Programs** (5 months/1 semester).  

Non-degree programs and intensive English courses are also available, but the above are the formal degree offerings.  

For more details, visit: [AIT Education Programs](https://ait.ac.th/education-for-sdgs/) or [Admissions FAQ](https://ait.ac.th/admissions/frequently-asked-questions/).",C
What academic programs and fields of study are available at AIT?,"AIT offers a variety of academic programs and fields of study, including:  

1. **Degree Programs**:  
   - **Master’s Programs**: 2-year Master’s (22–24 months) and 1-year Master’s/Professional Master’s/Diploma programs.  
   - **Doctoral Programs**: Minimum 42 months (7 semesters).  
   - **Unified Programs**: Combine undergraduate and graduate studies (e.g., final-year undergraduates start Master’s programs).  

2. **Specialized Fields**:  
   - **Agri-Business Management (ABM)**  
   - **Agricultural Systems And Engineering (ASE)**  
   - **Agricultural Systems, Engineering, and Agribusiness (ASEA)**  
   - **Professional Master’s Programs**: Banking & Finance, Business Analytics & Digital Transformation, Environmental, Social, and Governance (ESG), Social Business and Entrepreneurship.  

3. **Non-Degree Programs**:  
   - Certificate programs, intensive English language courses, and training through the AIT Extension and Language Center.  

For detailed program specifics, visit [AIT’s Academic Programs page](https://ait.ac.th/academics/programs/).",A,"Based on the comprehensive information I've gathered from the document, here are the **academic programs and fields of study available at AIT**:

## Academic Organization

AIT is organized into **multiple faculties** offering programs in:<cite doc=""web_markdown.pdf"" page=""1""/>

### **Core Focus Areas:**
- **Engineering**
- **Environment** 
- **Management**

## Programs by Faculty

### **Faculty of Business Management**
- MBA (Master of Business Administration) - 1 year and 2 year options<cite doc=""web_markdown.pdf"" page=""210""/>
- MSc International Finance<cite doc=""web_markdown.pdf"" page=""201""/>
- MSc Business Analytics & Digital Transformation<cite doc=""web_markdown.pdf"" page=""201""/>
- DBA (Doctor of Business Administration)<cite doc=""web_markdown.pdf"" page=""210""/>
- PhD Program<cite doc=""web_markdown.pdf"" page=""210""/>

### **Faculty of Food, Agriculture and Natural Resources**
- AgriBusiness Management (ABM)<cite doc=""web_markdown.pdf"" page=""201""/>
- Agricultural Systems & Engineering (ASE)<cite doc=""web_markdown.pdf"" page=""201""/>
- Aquaculture and Aquatic Resources Management (AARM)<cite doc=""web_markdown.pdf"" page=""201""/>
- Food Engineering and Bioprocess Technology (FEBT)<cite doc=""web_markdown.pdf"" page=""201""/>
- Food Innovation, Nutrition and Health (FINH)<cite doc=""web_markdown.pdf"" page=""201""/>
- Natural Resources Management (NRM)<cite doc=""web_markdown.pdf"" page=""201""/>

### **Faculty of Public Policy and Sustainable Development**
- Climate Change and Sustainable Development (CCSD)<cite doc=""web_markdown.pdf"" page=""201""/>
- Development and Sustainability (DS)<cite doc=""web_markdown.pdf"" page=""201""/>
- Gender and Development Studies (GDS)<cite doc=""web_markdown.pdf"" page=""201""/>
- Development Planning Management and Innovation (DPMI)<cite doc=""web_markdown.pdf"" page=""201""/>
- Urban Innovation and Sustainability (UIS)<cite doc=""web_markdown.pdf"" page=""201""/>

### **Faculty of Climate Change**
- Sustainable Energy Transition (SE)<cite doc=""web_markdown.pdf"" page=""201""/>

### **Faculty of Technology**
- Internet of Things (IoT)<cite doc=""web_markdown.pdf"" page=""201""/>
- Systems Engineering<cite doc=""web_markdown.pdf"" page=""201""/>
- Remote Sensing and Geographic Information Systems<cite doc=""web_markdown.pdf"" page=""101""/>
- Computer Science and Communication Technology<cite doc=""web_markdown.pdf"" page=""105""/>
- Industrial Systems Engineering<cite doc=""web_markdown.pdf"" page=""105""/>

### **Faculty of Infrastructure (Civil and Environmental Engineering)**
- Geotechnical and Earth Resources Engineering<cite doc=""web_markdown.pdf"" page=""201""/>
- Water Engineering and Management<cite doc=""web_markdown.pdf"" page=""201""/>
- Environmental Engineering and Management (EEM)<cite doc=""web_markdown.pdf"" page=""201""/>
- Construction, Engineering and Infrastructure Management (CEIM)<cite doc=""web_markdown.pdf"" page=""101""/>
- Structural Engineering<cite doc=""web_markdown.pdf"" page=""19""/>
- Transportation Engineering<cite doc=""web_markdown.pdf"" page=""14""/>

## Program Options

**Degree Types:**<cite doc=""web_markdown.pdf"" page=""1""/>
- **Master's degrees** (2-year and 1-year options)
- **Doctoral degrees** (PhD, DEng, DTechSc, DBA)
- **Certificate and Special Programs**
- **Executive Master Programs**

AIT also offers a **Flexible Master's Option** for certain programs, allowing students to complete coursework remotely while maintaining professional commitments.<cite doc=""web_markdown.pdf"" page=""200""/>",B,"Sports facilities at AIT cannot be used for other sporting events aside from their intended purpose
(e.g., football, cricket, tennis, etc.). They must adhere to the specific rules for each
court/field, and usage is restricted to the designated activities.",D,"AIT offers the following academic programs and fields of study:  
- **Doctoral Degrees** (e.g., DEng, DTechSc, PhD, DBA)  
- **Executive Master's Degree**  
- **Master's Degrees** (e.g., MBA, MEng, MSc)  
- **Professional Master's Degree**  
- **Diploma & Certificate Programs** (5–12 months, one or two semesters)  
- **Non-degree programs** and **Intensive English language courses**  
- **Education for SDGs** (specific program focused on Sustainable Development Goals)  

For detailed program specifics, visit AIT’s [Faculties and Schools websites](https://ait.ac.th/faculties/).  

[Source](https://ait.ac.th/admissions/frequently-asked-questions/)",C
Can I apply to two Academic Programs at the same time?,"No, you cannot apply to two academic programs at the same time. According to AIT's admissions FAQ, you can only apply to **one academic program at any time**. 

**Source**: [AIT Admissions FAQ](https://ait.ac.th/admissions/frequently-asked-questions/)",C,"No, you cannot apply to two academic programs at the same time at AIT.

According to AIT's admission requirements, an applicant can only apply for one program at a time and pay the application processing fee of 25 USD or 800 Baht",A,"**Key Information from the Asian Institute of Technology (AIT) Context:**

1. **Admissions:**
   - AIT offers Master's and Doctoral programs with competitive scholarships.
   - Final-year bachelor students can apply for Master's programs, provided they graduate before
enrollment.
   - Deferral to the next intake is allowed but requires reactivating admission with a fee.

2. **Financial Support:**
   - Scholarships are available for outstanding applicants, though flexible programs (part-time)
have limited financial support.
   - International students may receive visa assistance (Educational Visa/ED) and insurance coverage
for basic medical needs.

3. **Campus & Facilities:**
   - On-campus housing is limited; off-campus options are available with assistance.
   - Food options include Asian, Halal, Western, and vegetarian meals.
   - Sports facilities include golf, swimming, tennis, and a 9-hole golf course.
   - 24/7 convenience stores (e.g., 7-Eleven) and campus amenities (libraries, cafes) are available.

4. **Academic Structure:**
   - Two semesters (January/August) for most programs; School of Management has five terms.
   - Class attendance is required, and transcripts are available for a fee.

5. **Other Services:**
   - Free airport pickup during specified periods.
   - Students may work part-time (e.g., as research assistants) but must prioritize studies.
   - Married students can bring families but must follow visa and accommodation guidelines.

**Note:** For specific queries (e.g., deadlines, scholarships, visa details), refer to the AIT
website or contact admissions@ait.ac.th.",D,"No, you cannot apply to two academic programs at the same time. You can only apply to one program at a time. [Admissions Information](https://ait.ac.th/admissions/)",B
Does AIT offer academic exchange programs?,"Yes, AIT offers academic exchange programs with partner universities in Asia and Europe. These programs allow students to study abroad while earning credits toward their AIT degree. Scholarships are available to support outgoing exchange students, and applications can be submitted during the second semester of study at AIT. For more details, visit [AIT's International Exchange page](https://ait.ac.th/student/student-international-exchange/).",D,"Yes, **AIT offers academic exchange programs** for students.

## Student International Exchange

AIT has partnerships with **around 60 international universities around the globe** for student exchange opportunities.<cite doc=""web_markdown.pdf"" page=""203""/>

### **Key Details:**

**Objective:** To equip AIT students with balanced skills and knowledge by providing an opportunity to learn at a partner university abroad, cultivate academic knowledge, transversal skills, intercultural communication, and expand personal and professional networks.<cite doc=""web_markdown.pdf"" page=""203""/>

**When to Apply:**<cite doc=""web_markdown.pdf"" page=""203""/>
- **Spring Semester** (January to April): Application period is September 1-15
- **Fall Semester** (August to November): Application period is March 1-15

**Eligibility Requirements:**<cite doc=""web_markdown.pdf"" page=""203""/>
- Must be enrolled in courses at AIT
- Must complete two semesters/four terms (for SOM) of coursework with **minimum CGPA of 3.0**
- **English level of at least 6.0** on AIT Standard
- Approval from Academic Advisor

**Credit Transfer:** The exchange period is equivalent to one semester and students need to complete **12 credits**, which can be done through:<cite doc=""web_markdown.pdf"" page=""203""/>
- 12 credits of coursework transferred back to AIT, OR
- 9 credits of coursework + 3 credits of special study/AIT coursework, OR
- 6 credits of coursework + 6 credits of project/special study/AIT coursework

**Financial Support:** AIT Exchange Scholarships are available for outgoing exchange students thanks to donations from alumni and business partners.<cite doc=""web_markdown.pdf"" page=""204""/>

AIT also accepts **incoming exchange students** from partner universities.<cite doc=""web_markdown.pdf"" page=""209""/>",A,"Yes, AIT offers academic exchange programs. The Career Center mentions providing resources and
programs that include exchange programs as part of career development opportunities for students and
alumni.",C,"Yes, AIT offers academic exchange programs with partner universities in Asia and Europe. Students can apply for these programs and associated scholarships during their second semester of study. For more details, visit [AIT's exchange programs page](https://www.ait.ac.th/admissions/application-form/).",B
Are AIT programs offered on a full-time or part-time basis?,"AIT offers both **full-time** and **part-time** (flexible) options for its programs. The **Flexible Master’s Option** is designed for working professionals and allows enrollment in courses (minimum 6 credits/2 courses per semester) without requiring full-time campus attendance. However, traditional full-time on-campus programs are also available. For detailed enrollment requirements, visit [AIT's admissions page](https://ait.ac.th/admissions/frequently-asked-questions/).",A,"AIT programs are offered on **both full-time and part-time basis**, depending on the program type:

## **Traditional Programs - Full-Time**

Most AIT programs are designed as **full-time on-campus programs**, including:
- Regular Master's degrees (2 years)
- One-year Master's programs
- Doctoral programs
- MBA programs

## **Flexible Master's Option - Full-Time OR Part-Time**

For selected programs, AIT offers a **Flexible Master's Option** that allows you to choose:<cite doc=""web_markdown.pdf"" page=""200""/>

**Full-Time:** 
- Graduate in **2 years** (minimum time)

**Part-Time:**
- Graduate within **4 years** (maximum study period)
- Requires a minimum of **2 courses per semester (6 credits)** and maximum of 15 credits<cite doc=""web_markdown.pdf"" page=""200""/>

### **Key Point:**

""You do not need to prove that you are working to join the Flexible Master's Option. Actually, you can do the Flexible Master's Option full time and graduate in 2 years Or as a part-time student and graduate within 4 years. **It is totally up to your personal choice.**""<cite doc=""web_markdown.pdf"" page=""200""/>

The Flexible Master's Option is particularly suitable for working professionals, as classes are delivered online via AIT's Hybrid Mode of Instruction, though students may still need to come to campus for certain activities such as labs and research work.<cite doc=""web_markdown.pdf"" page=""200""/>

Note that the Flexible Master's Option is **only available for selected programs**, not all AIT programs.<cite doc=""web_markdown.pdf"" page=""200""/>",D,"**AIT Admission and Orientation Guide (Concise Summary):**

1. **Visa/Entry Requirements:**
   - Nationals from specific countries require a visa (e.g., India, China, Philippines).
   - Medical check-up and vaccination proof may be required.
   - Arrival dates for new students: **01–03 August 2026** (August intake), **05 January 2027**
(January intake).

2. **Registration & Payments:**
   - **Thailand-based students:** Register in person at AIT’s Admissions Unit from **27 July 2026**
(August intake) or **3 January** (January intake). Bring original documents (transcripts, degree
certificates, medical certificate).
   - **Overseas students:** Program staff will assist with SIS login and online course registration.
Submit bank transfer details to **aso@ait.ac.th** for fee confirmation.
   - Fees are paid per semester in **Thai Baht (THB)** or **USD** (subject to exchange rates).

3. **Orientation:**
   - **August 2026 Intake:** Institute-wide orientation on **04 August** at Robert B. Banks
Auditorium; school-specific sessions from **05–11 August**.
   - **January 2027 Intake:** Orientation on **05 January**.

4. **Medical Insurance:**
   - Mandatory AIT-partner insurance covers hospitalization, outpatient care, and accidents (not
major expenses).
   - **August semester:** ~THB 1,250 for 5 months; **annual** ~THB 2,500.

5. **Scholarships:**
   - Scholarship recipients must submit bank account details (Kasikorn/Siam Commercial Bank) for
bursary disbursement (~3 weeks post-registration).
   - Minimum USD 300 personal funds required for initial expenses.

6. **Accommodation:**
   - On-campus housing is guaranteed for all new students.
   - Room keys are provided by the Accommodation Office upon arrival.

7. **Bank Accounts:**
   - Open a savings account (THB 500 deposit) or Debit Card (THB 650) at Kasikorn or Siam Commercial
Bank.

8. **Children’s Education:**
   - AIT International School serves children up to Grade 6.
   - 50% subsidy for enrolled children.

9. **Climate:**
   - Hot/humid year-round; rainy season: **May–October**; hottest months: **March–April**.

**Key Contacts:**
- Admissions: **tenzin@ait.ac.th**
- Finance: **jhozine@ait.asia**
- Accommodation: **accommodation@ait.ac.th**",C,"AIT programs are offered on both a full-time and part-time basis. Full-time programs typically take **2 years** to complete, while part-time programs require **4 years**. The part-time option allows flexible course loads (minimum 2 courses/semester, maximum 15 credits) and is designed for working professionals. Additionally, the ""Flexible Master Degree"" program is available for part-time study.",B
How long does it typically take to complete a Master’s program at AIT?,"The typical duration to complete a Master’s program at AIT varies based on the program and study mode:  
- **Full-time (Flexible Master’s Option):** 2 academic years (22–24 months).  
- **Part-time (Flexible Master’s Option):** Up to 4 academic years.  

For standard full-time programs (e.g., MSc/MEng), the duration is generally **2 years**, while 1-year programs (e.g., MBA, Professional Master’s) exist but are shorter. The Flexible Master’s Option allows flexibility between 2 and 4 years.  

[Source](https://ait.ac.th/study/flexible-masters-option/)",A,"The time to complete a Master's program at AIT depends on the program type:

## **Regular Master's Programs (MSc/MEng) - 2 Years**

- **Duration:** 4 semesters (22 months)
- **Credits:** 48 credits<cite doc=""web_markdown.pdf"" page=""210""/>
- Includes thesis, internship, exchange, and 'minors' options<cite doc=""web_markdown.pdf"" page=""201""/>

## **One-Year Master's Programs - 10-12 Months**

AIT offers accelerated Master's programs that can be completed in:
- **10 months** (two semesters)<cite doc=""web_markdown.pdf"" page=""201""/>
- **12 months**<cite doc=""web_markdown.pdf"" page=""201""/>
- **Credits:** 30 credits<cite doc=""web_markdown.pdf"" page=""210""/>

**Available one-year programs include:**<cite doc=""web_markdown.pdf"" page=""201""/>
- MBA
- MSc International Finance  
- MSc Business Analytics & Digital Transformation
- Various programs in agriculture, food, environment, development, and engineering

**Key benefit:** Students in one-year programs ""sit in the same classes as those taking two years programs. The only difference is that regular Master's Programs include thesis, internship, exchange and 'minors' options.""<cite doc=""web_markdown.pdf"" page=""201""/>

## **Flexible Master's Option - 2 to 4 Years**

For selected programs:<cite doc=""web_markdown.pdf"" page=""200""/>
- **Fastest completion:** 2 academic years (full-time)
- **Maximum study period:** 4 academic years (part-time)
- Allows students to balance work and study

## **MPhil Program - 2 Years**

Master of Philosophy program duration is 2 years<cite doc=""web_markdown.pdf"" page=""207""/>",C,"The provided context does not specify the duration of Master’s programs at AIT. It focuses on campus
facilities, accommodation, maintenance services, and administrative procedures, but does not mention
academic program lengths.",D,"The typical duration for a Master’s program at AIT varies depending on the program type:  
- **Full-time (On-campus):** 22 months (August Intake) or 24 months (January Intake), spanning four semesters with breaks.  
- **Flexible Master’s Option (Online/Hybrid):** Up to **4 academic years** (maximum study period).  

For specific program details, visit the [AIT Faculties and Schools websites](https://www.ait.ac.th/faculties).",B
How long does it take to complete a PhD program at AIT?,"The PhD program at AIT typically takes **at least 3.5 years (42 months)** to complete for the regular on-campus option. However, the **Flexible Ph.D. Option** allows up to **6 years** to finish, offering more flexibility in pacing. Both programs require a minimum of 84 credits (with additional coursework for some applicants). For details, see:  
[AIT PhD Program Info](https://ait.ac.th/eligibility/doctoral-degree-program/)  
[Flexible PhD Option](https://ait.ac.th/study/flexible-phd-option/)",D,"Based on the information in the document, a **PhD program at AIT typically takes:**

## **Standard Doctoral Program**

- **Duration:** 7 semesters (42 months / 3.5 years)
- **Credits:** 84 credits<cite doc=""web_markdown.pdf"" page=""210""/>

This applies to doctoral programs across most faculties including:
- Faculty of Climate Change
- Faculty of Infrastructure  
- Faculty of Public Policy
- Faculty of Resources
- Faculty of Technology

## **DBA (Doctor of Business Administration)**

- **Duration:** 3 years<cite doc=""web_markdown.pdf"" page=""210""/>
- Offered by the Faculty of Business Management

## **Important Note for Some Applicants**

If you have a **one-year master's degree, one-year professional master's degree, or one-year postgraduate diploma**, you can still enroll in the doctoral program, but you must complete:

- An **additional 12-24 credits of coursework**
- Obtain a CGPA of 3.5
- Achieve a very good or excellent grade in research study
- **Plus** the required 84 credits for the doctoral program<cite doc=""web_markdown.pdf"" page=""207""/>

This would extend the total duration beyond the standard 42 months.",A,"The provided context does not specify the duration of a PhD program at AIT. Information about PhD
timelines is not included in the given text.",C,"The PhD program at AIT typically takes **at least 42 months (3.5 years)** to complete, consisting of seven semesters. This is the standard duration for full-time study. The **Flexible Ph.D. Option** allows up to **6 years** to complete the program, offering more flexibility in pacing. However, the minimum requirement remains 42 months. 

For more details: [AIT PhD Eligibility](https://ait.ac.th/eligibility/doctoral-degree-program/)",B
Are there non-thesis or coursework-only program options at AIT?,"Yes, AIT offers **non-thesis/coursework-only program options**. Specifically:  

1. **One-Year Master Programs**:  
   - **Only Courses Option**: 6 credits required courses + 24 credits elective courses (no thesis required).  
   - **Project Option**: 6 credits required courses + 24 credits elective courses (focus on a project instead of a thesis).  

2. **Flexible Masters Option**:  
   - Allows coursework-only study with a focus on research or internships, though this is part of a hybrid program structure.  

These options are available in programs like the **Sustainable Energy Transition (SET)** master’s program and the **Open Master of Engineering Science in Interdisciplinary Studies (OMIS)**. For details, visit:  
- [SET Program](https://ait.ac.th/program/sustainable-energy-transition/)  
- [OMIS Program](https://ait.ac.th/study/open-master-of-engineering-science-in-interdisciplinary-studies-omis/)",C,"Yes, **AIT offers non-thesis, coursework-only program options**, primarily through their **One-Year Master's programs**.

## **One-Year Master's Programs (Coursework-Only)**

These programs can be completed in **10-12 months** with **30 credits** and do **not require a thesis**.<cite doc=""web_markdown.pdf"" page=""210""/>

According to AIT: ""Students taking the accelerated option sit in the same classes as those taking two years programs. The only difference is that **regular Master's Programs include thesis, internship, exchange and 'minors' options**.""<cite doc=""web_markdown.pdf"" page=""201""/>

### **Available Coursework-Only Programs Include:**<cite doc=""web_markdown.pdf"" page=""201""/>

**Business Management:**
- MBA
- MSc International Finance
- MSc Business Analytics & Digital Transformation

**Food, Agriculture & Natural Resources:**
- AgriBusiness Management (ABM)
- Agricultural Systems & Engineering (ASE)
- Aquaculture and Aquatic Resources Management (AARM)
- Food Engineering and Bioprocess Technology (FEBT)
- Food Innovation, Nutrition and Health (FINH)
- Natural Resources Management (NRM)

**Development & Sustainability:**
- Climate Change and Sustainable Development (CCSD)
- Sustainable Energy Transition (SE)
- Development and Sustainability (DS)
- Gender and Development Studies (GDS)
- Development Planning Management and Innovation (DPMI)
- Urban Innovation and Sustainability (UIS)

**Engineering:**
- Internet of Things (IoT)
- Systems Engineering
- Geotechnical and Earth Resources Engineering
- Water Engineering and Management
- Environmental Engineering and Management (EEM)

## **Other Non-Thesis Options:**

- **Certificate Programs**<cite doc=""web_markdown.pdf"" page=""1""/>
- **Non-degree continuing education courses**<cite doc=""web_markdown.pdf"" page=""1""/>

**Important Note:** Applicants applying for 1-year Master Degree Programs are **not eligible for Scholarships/Fellowships**, though they may seek funding from external sponsors.<cite doc=""web_markdown.pdf"" page=""207""/>",D," Generated Answer:

Based on the provided context, there is no mention of non-thesis or coursework-only program options
at AIT. The context focuses on campus facilities, services, and administrative offices, not academicprogram structures.

**Answer:** No, the context does not indicate the availability of non-thesis or coursework-onlyprogram options at AIT.",B,"AIT offers **non-thesis (coursework-only)** program options. Specifically:  
- **One-Year Master’s Program**: Includes a ""Project option"" with 3 required credits + 21 elective credits + 6 credits for a project/special study (no thesis required).  
- **One-Year Diploma Program**: 3 required credits + 21 elective credits (fully coursework-based).  

For details on application and program structure, visit",A
"Does AIT offer short courses, certificates, or professional training programs?","Yes, the Asian Institute of Technology (AIT) offers **short courses, certificates, and professional training programs**. Specifically:  
- **Certificate Programs**: These are 5 months or one semester in duration.  
- **Non-degree programs**: These include professional training and are available through the **AIT Extension and Language Center** (refer to the admissions FAQ for details).  
- **Intensive English language programs**: Also mentioned as part of non-degree offerings.  

For more information on non-degree training, visit the [AIT Extension and Language Center](https://ait.ac.th/extension-and-language-center/).  

Source: [AIT Admissions FAQ](https://ait.ac.th/admissions/frequently-asked-questions/)",B,"Yes, **AIT offers several types of short courses, certificates, and professional training programs:**

## **Certificate Programs**

- **Duration:** 1 semester (5 months)
- **Credits:** 12 credits<cite doc=""web_markdown.pdf"" page=""210""/>
- **Eligibility:** Certificate students need to satisfy eligibility requirements similar to those entering the master's degree program and have the appropriate background to take selected courses.<cite doc=""web_markdown.pdf"" page=""207""/>

**Special consideration:** ""In exceptional cases, candidates who lack formal academic qualifications but who have extensive and appropriate professional experience may be considered for admission; the discretion in such cases rests with the School Deans.""<cite doc=""web_markdown.pdf"" page=""207""/>

## **Non-Degree Continuing Education Courses**

AIT offers non-degree continuing education courses<cite doc=""web_markdown.pdf"" page=""1""/> for professional development, though specific details about these courses are not provided in the sections I've reviewed.

## **Bridging Program (English & Academic Skills)**

- **Duration:** 6 weeks (15 June – 24 July)
- **Cost:** 35,000 Thai Baht
- **Focus:** Intensive program preparing postgraduate students for English-medium academic environments, covering academic writing, speaking, research skills, and critical thinking<cite doc=""web_markdown.pdf"" page=""208""/>

**Learning outcomes include:**<cite doc=""web_markdown.pdf"" page=""208""/>
- Academic communication skills
- Collaborative work and research activities
- Academic vocabulary
- Summarizing and synthesizing sources
- Research presentation skills
- Academic expectations (emailing, referencing, discussions)

## **Special Students/Visiting Students**

Candidates coming to AIT for **programs or courses of at least one semester** can enroll as Special/Visiting Students to take selected courses without pursuing a full degree.<cite doc=""web_markdown.pdf"" page=""207""/>

These options provide flexibility for professionals seeking targeted skill development or academic enhancement without committing to a full degree program.",D,"Generated Answer:

Based on the provided context, **AIT does not explicitly mention offering short courses,
certificates, or professional training programs**. The information focuses on the **AIT Conference Center's services**, such as hotel accommodations, meeting room rentals, dining options, and event booking procedures. There is no reference to academic or professional training programs within thecontext.",A,"Yes, AIT offers short courses, certificates, and professional training programs. Specifically:  
- **Certificate Programs**: Last 5 months or one semester.  
- **Diploma Programs**: Minimum 12 months or two semesters.  
- **Non-degree continuing education courses**: Available for professional training and academic bridging.  

These programs are part of AIT’s diverse offerings, including intensive English and specialized training options.",C
What are the requirements to apply Master in AIT?,"To apply for a Master's program at Asian Institute of Technology (AIT), the requirements include:  

### **General Requirements**  
1. **Academic Qualification**:  
   - Hold a Bachelor’s degree (or equivalent) from a recognized institution in a relevant field.  
   - Minimum GPA: **2.75 or equivalent** at the undergraduate level.  

2. **English Proficiency**:  
   - **AIT-EET**: 6  
   - **IELTS**: Overall 6.0 (Writing 6.0)  
   - **TOEFL iBT**: Overall 80 (Writing 21–23)  
   - **PTE Academic**: Overall 52 (Writing 62–73)  

3. **Health and Conduct**:  
   - Be in satisfactory physical and mental health.  
   - Maintain a record of good conduct.  

---

### **Professional Master’s (PM) Program Requirements**  
In addition to the above, applicants must:  
- Have **at least 3 years of work experience** in areas related to the academic program.  
- Be **executives** in organizations/companies.  

---

### **Other Notes**  
- **Scholarship Eligibility**: Applicants in 1-year Master’s programs are **not eligible** for scholarships/fellowships.  
- **Flexible Master’s Option**: Allows part-time study (minimum 2 courses/semester, max 15 credits) with a maximum study period of **4 academic years**.  

For detailed application steps, visit [AIT’s Flexible Master’s page](https://ait.ac.th/study/flexible-phd-option/).  

**Source**: AIT official program descriptions and eligibility criteria.",A,"Here are the **requirements to apply for a Master's degree at AIT:**

## **General Eligibility Requirements**

To be eligible for admission to a regular Master's program, you must:<cite doc=""web_markdown.pdf"" page=""206""/>

### **1. Academic Qualifications**
- Hold a **Bachelor's degree** (normally from a four-year program), or its equivalent, in an appropriate field of study from an institution of good standing acceptable to AIT
- Have **undergraduate grades significantly above average**
- **Minimum CGPA requirement: 2.75 or equivalent** at the Bachelor's degree level

### **2. English Proficiency Requirement**

One of the following:<cite doc=""web_markdown.pdf"" page=""206""/>
- **AIT-EET:** 6
- **IELTS Academic:** overall 6 (writing 6)
- **TOEFL iBT:** overall 80 (writing 21-23)
- **PTE Academic:** overall 52 (writing 62-73)

**Note:** Applicants applying for **full scholarships** must submit an English Proficiency Test Score of **6.0 (writing and overall)**.<cite doc=""web_markdown.pdf"" page=""209""/>

### **3. Health and Conduct**
- Be in **satisfactory physical and mental health**
- Have a **record of good conduct**<cite doc=""web_markdown.pdf"" page=""206""/>

## **Additional Requirements for Specific Programs**

### **Professional Master's (PM) Degree:**
In addition to the above requirements:<cite doc=""web_markdown.pdf"" page=""206""/>
- Have at least **3 years of work experience** in areas related to the academic program at AIT
- Be **executives in organizations/companies**

### **MPhil Program (Research-focused 2-year program):**<cite doc=""web_markdown.pdf"" page=""207""/>
- **Minimum CGPA: 3.0 out of 4.0** or equivalent at the Bachelor's degree level (higher than regular Master's)
- Submit a **brief outline of the research proposal**
- Same English proficiency requirements as regular Master's

## **Application Fees**

- **Application processing fee:** 25 USD or 800 Baht<cite doc=""web_markdown.pdf"" page=""206""/>

## **Important Notes**

- **One program at a time:** An applicant can only apply for **one program at a time**<cite doc=""web_markdown.pdf"" page=""206""/>
- **1-year Master's programs:** Applicants applying for 1-year Master Degree Programs are **not eligible for Scholarships/Fellowships**, though they may seek funding from external sponsors<cite doc=""web_markdown.pdf"" page=""207""/>

## **English Proficiency Exemptions**

You may be exempted from English testing if:<cite doc=""web_markdown.pdf"" page=""209""/>
- You are a **citizen of an English-speaking country** (Australia, Canada, Ireland, New Zealand, UK, USA) - proof of citizenship required
- You earned a degree at a university where **English is the sole medium of instruction** - requires a certificate signed by the University Registrar (subject to AIT's acceptance)

## **Application Deadlines**

AIT has multiple intake periods with different deadlines:<cite doc=""web_markdown.pdf"" page=""205""/>

**January Semester/Term Intake:**
- December 20: deadline for overseas applicants requiring educational visa

**August Semester/Term Intake:**
- February 28: deadline for HM King's and Queen's, and GMS scholarships
- March 31: deadline for other scholarships (ADB-JSP, Bangchak, etc.)
- June 10: deadline for AIT Scholarships including RTG Fellowships
- June 30: deadline for overseas applicants requiring educational visa
- July 25: for other applicants

For the **Faculty of Business Management**, there are also March, June, and October term intakes with specific deadlines.

**Application:** Complete your online application at the AIT admissions portal.<cite doc=""web_markdown.pdf"" page=""206""/>",D,"Generated Answer:

**Emergency & Contact Numbers:**
- **AIT Security + Fire + Ambulance:** 02-524-6000 (24/7)
- **AIT Medical Clinic (Daytime):** 02-524-5286
- **AIT Medical Clinic (24 hrs):** 089-075-4243
- **Call Center (Facility Services):** 02-524-5800 (08:00–17:00, Thai/English support)
- **Taxi Service:** 02-524-6300
- **Thammasat Hospital:** 02-926-9999

**Key Services:**
- **Sports Facilities:** Open 6:00 AM–11:00 PM, with rules for attire, usage, and restricted access
for outsiders.
- **Swimming Pool:** Located behind AIT Conference Center, open Monday–Sunday (6:00 AM–7:00 PM),
reserved for women on Wednesdays, and requires registration.
- **Call Center:** Handles service requests (e.g., maintenance, internet issues) with email:
callcenter@ait.asia.

**Security:**
- 24/7 surveillance, 129 CCTV cameras in academic areas, and 35 in staff housing.
- Emergency response includes transportation to hospitals and coordination with local authorities.",C,"To apply for a Master's program at AIT, the requirements include:  
1. **Academic Criteria**:  
   - Minimum cumulative GPA of **2.75** (for general Master's programs) or **3.0** (for MPhil 2-Year Program).  
   - English proficiency: **IELTS 6.0** (Academic) or **AIT EET 6.0**.  

2. **Program-Specific Requirements**:  
   - **Professional Master's (PM)**: At least **3 years of work experience** in fields related to the program and being an **executive** in an organization.  
   - **1-Year Master Degree Program**: Not eligible for scholarships/fellowships (but external funding may be sought).  

3. **Application Process**:  
   - Submit via the **AIT online application portal**, selecting ""Flexible Master Degree"" in the program dropdown.  
   - No separate scholarship application is required; scholarships are automatically considered if eligible.  

4. **Deadlines**:  
   - Application is currently open, but the deadline for the **August 2026 intake** is **10 June 2026**.  

5. **Additional Notes**:  
   - For scholarships (e.g., AIT Alumni Scholarship Fund), applicants must meet criteria like GPA, English scores, and provide details in their statement of purpose.  
   - Recommendation letters are **not required** for Master's programs (only for doctoral applicants).  

For further details, visit [AIT’s admission portal](https://ait.ac.th/apply-online/) or contact admissions.",B
What are the requirements to apply Phd in AIT?,"To apply for a PhD at Asian Institute of Technology (AIT), the requirements include:  

1. **Academic Qualifications**:  
   - A four-year bachelor’s degree and a master’s degree (preferably with thesis work) from a recognized institution.  
   - Minimum CGPA of **3.5** at the master’s level (or equivalent). For applicants with a **one-year master’s degree**, additional coursework (12–24 credits) and a CGPA of 3.5 are required.  

2. **English Proficiency**:  
   - **AIT-EET**: 6  
   - **IELTS Academic**: Overall 6.0 (Writing 6.0)  
   - **TOEFL iBT**: Overall 80 (Writing 21–23)  
   - **PTE Academic**: Overall 52 (Writing 62–73)  

3. **Documents**:  
   - A **research proposal outline** (5–10 pages) detailing the dissertation topic and required facilities.  
   - **Two recommendation letters**.  

4. **Flexible PhD Option**:  
   - No campus attendance required for most coursework.  
   - Study at your own pace from any location.  

5. **Scholarships**:  
   - Eligible candidates may apply for AIT scholarships (details [here](https://ait.ac.th/financial/ait-scholarships/)).  

**Apply Here**: [AIT PhD Application Form](https://www.ait.ac.th/admissions/application-form/)  

For more details, visit: [AIT PhD Eligibility](https://ait.ac.th/eligibility/doctoral-degree-program/).",B,"Here are the **requirements to apply for a PhD (Doctoral degree) at AIT:**

## **General Eligibility Requirements**

To be eligible for admission to a regular Doctoral degree program, you must:<cite doc=""web_markdown.pdf"" page=""207""/>

### **1. Academic Qualifications**
- Have **strong academic records** (both undergraduate and graduate)
- Normally hold a **four-year bachelor's degree** from an institution of good standing acceptable to AIT
- Hold a **Master's degree***, preferably with a combination of course and thesis work, from an institution of good standing acceptable to AIT
- **Minimum CGPA requirement: 3.50 or equivalent** at the Master's degree level

### **2. English Proficiency Requirement**
One of the following:<cite doc=""web_markdown.pdf"" page=""207""/>
- **AIT-EET:** 6
- **IELTS Academic:** overall 6 (writing 6)
- **TOEFL iBT:** overall 80 (writing 21-23)
- **PTE Academic:** overall 52 (writing 62-73)

### **3. Research Proposal**
- Submit a **brief outline of dissertation research proposal (5-10 pages)** including the required research facilities, if necessary<cite doc=""web_markdown.pdf"" page=""207""/>

### **4. Recommendation Letters**
- **Two recommendation letters**<cite doc=""web_markdown.pdf"" page=""207""/>

## **Special Case: Applicants with One-Year Master's Degree**

If you have a **one-year master's degree, one-year professional master's degree, or one-year postgraduate diploma**, you can still enroll in the doctoral program by:<cite doc=""web_markdown.pdf"" page=""207""/>
- Completing an **additional 12-24 credits of coursework**
- Obtaining a **CGPA of 3.5**
- Achieving a **very good or excellent grade** in research study
- **Plus** the required **84 credits** for the doctoral program

## **Program Details**

### **Standard Doctoral Program:**<cite doc=""web_markdown.pdf"" page=""210""/>
- **Duration:** 7 semesters (42 months / 3.5 years)
- **Credits:** 84 credits

### **DBA (Doctor of Business Administration):**<cite doc=""web_markdown.pdf"" page=""210""/>
- **Duration:** 3 years
- Offered by Faculty of Business Management

## **Application Fee**
- **Application processing fee:** 25 USD or 800 Baht<cite doc=""web_markdown.pdf"" page=""206""/>

## **Important Notes**

- **One program at a time:** You can only apply for **one program at a time**<cite doc=""web_markdown.pdf"" page=""206""/>
- **Thesis requirement:** For those who might want to complete a PhD in the future, completion of a **research thesis when completing a Master's is a highly recommended path**<cite doc=""web_markdown.pdf"" page=""201""/>

## **English Proficiency Exemptions**

You may be exempted from English testing if:<cite doc=""web_markdown.pdf"" page=""209""/>
- You are a **citizen of an English-speaking country** (Australia, Canada, Ireland, New Zealand, UK, USA) - proof of citizenship required
- You earned a degree at a university where **English is the sole medium of instruction** - requires a certificate signed by the University Registrar (subject to AIT's acceptance)

## **Application Deadlines**

**August Semester/Term Intake:**<cite doc=""web_markdown.pdf"" page=""205""/>
- **February 28:** deadline for HM King's and Queen's, and GMS scholarships
- **March 31:** deadline for other scholarships (ADB-JSP, Bangchak: Doctoral, etc.)
- **June 10:** deadline for AIT Scholarships including RTG Fellowships
- **June 30:** deadline for overseas applicants requiring educational visa
- **July 25:** for other applicants

**January Semester Intake:**<cite doc=""web_markdown.pdf"" page=""205""/>
- **December 20:** deadline for overseas applicants requiring educational visa

## **How to Apply**

Complete your online application at the AIT admissions portal.<cite doc=""web_markdown.pdf"" page=""207""/>

**For further inquiries:**
Contact: admissions@ait.ac.th<cite doc=""web_markdown.pdf"" page=""206""/>",D,"Generated Answer:

 rãi

</think>

**Answer:**

**Visa and Immigration Requirements:**
- Students from countries requiring a visa for Thailand must apply for a student visa before
arriving. They should also check if they need a visa on arrival or an e-Visa.

**Documents Required for Visa Application:**
- A valid passport.
- A letter of acceptance from AIT.
- Proof of financial support (e.g., bank statement, scholarship letter, or financial assurance
form).
- A photocopy of the student visa application form.

**Arrival in Thailand:**
- Students arriving at Suvarnabhumi Airport should expect a travel cost of approximately 300–500
Baht to reach AIT, while those arriving at Don Muang Airport should expect 500–1,000 Baht.
- Official pick-up for new international students is scheduled from **01 to 03 August 2026** for the
August 2026 intake. Students should inform AIT of their arrival date and time via email to
**accommodation@ait.asia** and complete the Google form.
...
- Tuition and registration fees are charged per semester in Thai Baht, but can also be paid in USD
at a quoted exchange rate.
- For further inquiries on payments, contact the AIT Finance Department at **(66-2) 524-5055** or
**jhozine@ait.asia**.",A,"To apply for a PhD at AIT, the requirements include:  
1. **Academic Background**: Hold a relevant master's degree (one-year master's, professional master's, or postgraduate diploma) with a CGPA of 3.5 or higher.  
2. **Additional Coursework**: Complete 12–24 credits of coursework (beyond the required 84 credits for the PhD program).  
3. **Research Performance**: Achieve a ""very good"" or ""excellent"" grade in research studies.  
4. **English Proficiency**: IELTS 6.0 (overall and writing) or AIT EET ≥6.0.  
5. **Recommendations**: Submit two recommendation letters (required for doctoral applicants).  
6. **Research Proposal**: Provide a research proposal.  
7. **Application Process**: Apply online via AIT’s system.  

For detailed eligibility, visit [AIT’s doctoral program page](https://ait.ac.th/eligibility/doctoral-degree-program/).",C
How do I apply online to AIT?,"To apply online to AIT, follow these steps:  

1. **Access the Application Portal**: Click the ""Apply Now"" button on the AIT website: [Apply Now](https://admission.ait.ac.th/aoas/Applicant/FirstPage.aspx).  
2. **Complete the Online Form**: Fill out the application form on the portal. Ensure you meet all eligibility criteria and submit required documents (e.g., academic transcripts, recommendation letters, English proficiency scores for scholarships).  
3. **Check Deadlines**: Applications are due for the January and August semesters. Verify deadlines on the [Admissions page](https://ait.ac.th/admissions/).  

For scholarships, ensure you meet criteria (e.g., English test scores) and note that scholarship eligibility is automatically considered if you apply online.  

**Source**: [AIT Online Application](https://ait.ac.th/apply-online/)",A,"Here's **how to apply online to AIT:**

## **Online Application Portal**

AIT has an online application system. You can apply at:

**Application Form:** https://admission.ait.ac.th/aoas/Applicant/FirstPage.aspx<cite doc=""web_markdown.pdf"" page=""206""/>

## **Application Process**

### **Step-by-Step:**<cite doc=""web_markdown.pdf"" page=""201""/>

1. **Assess your eligibility** and read about the process of application
2. **Complete your application** at the online portal
3. **Submit all required documents**
4. Your application will be **reviewed within seven working days**

## **Key Application Details**

### **Program Selection**
- When applying, you can **only apply for one program at a time**<cite doc=""web_markdown.pdf"" page=""206""/>
- For **Flexible Master's Degree**, choose ""Flexible Master Degree"" in the drop-down menu of the selected program<cite doc=""web_markdown.pdf"" page=""200""/>

### **Application Fee**
- **25 USD or 800 Baht** (application processing fee)<cite doc=""web_markdown.pdf"" page=""206""/>
- Must be paid for each application

## **Additional Fees Upon Entry**

Once accepted, you'll also need to pay:<cite doc=""web_markdown.pdf"" page=""200""/>
- **Language Center fee:** 2,000 Baht (one-time, for all students)
- **Registration fee** and **tuition fees** (varies by program)

## **Contact Information**

For further inquiries on AIT Admissions Requirements and Procedures:<cite doc=""web_markdown.pdf"" page=""206""/>

**Admissions and Scholarships Unit**  
Asian Institute of Technology  
P.O. Box 4, Klong Luang  
Pathumthani 12120, THAILAND  

**Phone:** (662) 524 5024, 31-33  
**Email:** admissions@ait.ac.th

## **Application Deadlines**

Make sure to check the application deadlines based on your intake period (January, August, or for Business Management: March, June, October) and whether you need an educational visa.<cite doc=""web_markdown.pdf"" page=""205""/>

**Direct Link to Apply:** https://admission.ait.ac.th/aoas/Applicant/FirstPage.aspx",C,"Generated Answer:

AIT offers limited financial scholarships for international students pursuing Master's and Doctoral programs, awarded on a highly competitive basis to those deemed outstandingly qualified. Scholarships for Flexible Master/Doctoral programs are also available but are subject to verycompetitive selection. Financial support is not guaranteed and depends on donor funds andinstitutional resources.",B,"To apply online to AIT:  
1. Visit the **AIT online application form** [here](https://ait.ac.th/apply-online/).  
2. Choose “**Flexible Master Degree**” from the program dropdown menu.  
3. Complete the application process, ensuring you meet eligibility criteria and submit required documents (e.g., recommendation letters, certificates).  
4. For LPDP scholarship applicants, register on the [LPDP Scholarship website](https://beasiswalpdp.kemenkeu.go.id) and upload documents as specified.  

For further assistance, contact the **Admissions and Scholarships Unit** at admissions@ait.ac.th or (662) 524 5024.",D
When does the application form open to apply AIT?,"The AIT application form deadlines are as follows:

January Semester (In-person courses): Overseas applicants must submit by 20 December (requires an educational visa).
March Term Intake (Faculty of Business Management): Overseas applicants have a deadline of 15 February, while other applicants must apply by 25 February.
For exact opening dates of the application portal, check the AIT Admissions website or contact the Admissions and Scholarships Unit directly.",D,"Based on the information in the document, I can provide the **application deadlines**, but the document does not specify exactly when the application form opens or when you can start applying.

## **What the Document Shows:**

For the **Flexible Master's Option**, it states: ""You can apply **any time** and need to pay the full fee for your registered courses (min 2 courses) before 8 January.""<cite doc=""web_markdown.pdf"" page=""200""/>

This suggests that AIT may operate on a **rolling admissions basis** where you can apply at any time, but you must meet the specific deadlines for your intended intake.

## **Application Deadlines by Intake:**<cite doc=""web_markdown.pdf"" page=""205""/>

### **January Semester/Term Intake:**
- December 20: deadline for overseas applicants requiring educational visa

### **August Semester/Term Intake:**
- February 28: deadline for HM King's and Queen's, and GMS scholarships
- March 31: deadline for other scholarships (ADB-JSP, Bangchak, etc.)
- June 10: deadline for AIT Scholarships including RTG Fellowships
- June 30: deadline for overseas applicants requiring educational visa
- July 25: for other applicants

### **Faculty of Business Management Only:**
- **March Term:** February 15 (overseas with visa) / February 25 (others)
- **June Term:** May 15 (overseas with visa) / May 25 (others)
- **October Term:** September 15 (overseas with visa) / September 25 (others)

## **Recommendation:**

For specific information about when the application portal opens, I recommend contacting:

**Admissions and Scholarships Unit**<cite doc=""web_markdown.pdf"" page=""206""/>  
**Email:** admissions@ait.ac.th  
**Phone:** (662) 524 5024, 31-33

They can confirm whether applications are open year-round or if there are specific opening dates for each intake period.",C,"Generated Answer:

The provided context outlines the profiles of three individuals affiliated with the Asian Institute of Technology (AIT):

1. **Dr. Branesh Madhavan Pillai**:
   - **Research Focus**: Robot Control Systems, Surgical Robotics, Rehabilitation Robotics, AI/ML,
Biomimetics, and Medical Devices.
   - **Key Projects**: Development of AI-powered rehabilitation systems, bio-inspired hexapod
robots, and robotic stair-climbing wheelchairs.
   - **Awards**: Gold Prizes from Thailand’s National Research Council (NRCT) and KIPA for robotic
innovations; Best Paper Awards at IEEE conferences.

2. **Dr. B. Pillai (Medical Engineering)**:
   - **Research Focus**: Surgical navigation, haptics, and medical robotics.
   - **Projects**: Robotic-assisted spinal surgery, sensorless haptic feedback systems, and
exoskeletons for spinal cord injury rehabilitation.
   - **Awards**: Mahidol Postgraduate Scholarships, BART LAB Scholarships, and recognition at IPITEx
2024.

3. **Other Affiliates**:
   - **Dr. B. Pillai (Medical Robotics)**: Focuses on rehabilitation robotics, AI, and biomimetics.
   - **Dr. B. Pillai (Medical Devices)**: Explores standards for medical devices and product
development.

**Key Themes**: Robotics in healthcare, AI integration, biomimetic systems, and interdisciplinary
research at AIT.

No specific question was provided, so this summary encapsulates the context.",A,"The application deadlines for AIT depend on the term and applicant type:  

- **January Semester (General)**:  
  - **Overseas applicants**: 20 December (requires an educational visa).  
  - **Other applicants**: Not explicitly stated, but deadlines for other terms are provided.  

- **March Term (School of Management)**:  
  - **Overseas applicants**: 15 February (requires an educational visa).  
  - **Other applicants**: 25 February.  

- **June Term (School of Management)**:  
  - **Overseas applicants**: 15 May (requires an educational visa).  
  - **Other applicants**: 25 May.  

- **August Semester (General)**: Deadlines are not explicitly listed here, but the academic year typically includes two semesters (January and August) for most faculties.  

For the **School of Management**, the academic year includes five terms (January, March, June, August, October), with specific deadlines for each term. Always check the [Admission Deadline website](https://ait.ac.th/admissions/) for the most accurate and updated information.",B
Can I apply with a GPA below the required minimum?,"Based on the provided context, **no**, you cannot apply with a GPA below the required minimum. The admission criteria explicitly state that applicants must have a **minimum GPA of 2.75 or equivalent at the bachelor's degree level** for Master's programs (e.g., BADT, PME-GEM). This is a non-negotiable requirement, and there is no mention of exceptions or alternative pathways for applicants with lower GPAs. 

For more details, refer to:  
[AIT Master's Admission Requirements](https://ait.ac.th/admissions/frequently-asked-questions/)",C,"Based on the document, here's what I can tell you about applying with a GPA below the minimum requirements:

## **Minimum GPA Requirements**

### **Master's Programs:**
- **Minimum CGPA: 2.75 or equivalent** at the Bachelor's degree level<cite doc=""web_markdown.pdf"" page=""206""/>

### **MPhil Program:**
- **Minimum CGPA: 3.0 out of 4.0** or equivalent at the Bachelor's degree level<cite doc=""web_markdown.pdf"" page=""207""/>

### **Doctoral Programs:**
- **Minimum CGPA: 3.50 or equivalent** at the Master's degree level<cite doc=""web_markdown.pdf"" page=""207""/>

## **Possible Exception: Certificate Programs**

The document mentions **one exception** for Certificate Programs:

""In exceptional cases, **candidates who lack formal academic qualifications but who have extensive and appropriate professional experience may be considered for admission**; the discretion in such cases rests with the School Deans.""<cite doc=""web_markdown.pdf"" page=""207""/>

This suggests that for **Certificate Programs only**, there may be flexibility if you have:
- Extensive professional experience
- Appropriate background in the field

## **Recommendation**

The document does not explicitly state whether degree program applicants with GPAs below the minimum can apply with special considerations. If you have a GPA below the minimum requirements but have:
- Strong professional experience
- Other compensating qualifications
- Extenuating circumstances

I recommend **contacting the Admissions office directly** to discuss your specific situation:

**Admissions and Scholarships Unit**<cite doc=""web_markdown.pdf"" page=""206""/>  
**Email:** admissions@ait.ac.th  
**Phone:** (662) 524 5024, 31-33

They can advise whether exceptions might be possible or if there are alternative pathways (such as starting with a Certificate Program) that could lead to degree program admission.",B,"Generated Answer:

The **Asian Institute of Technology (AIT)** offers a comprehensive student experience with the
following key features:

### **Admissions & Academic**
- Accepts international students; provides English-taught programs.
- Requires English proficiency tests (e.g., TOEFL/IELTS) for non-native speakers.
- Offers on-campus accommodation (limited) and off-campus support.

### **Campus Facilities**
- **Dining**:
  - **AITCC Dining**:
    - **Tuesday International Buffet**: 150 THB for students, 185 THB for outsiders.
    - **Wednesday/Friday Noodle Buffet**: 89 THB for all.
  - Serves Asian, Halal, Western, vegetarian, and Thai dishes.
- **Sports**: Golf, swimming, basketball, tennis, and more.
- **Golf Course**: A 9-hole course on 20 hectares with lakes and wildlife.

### **Security**
- 24/7 security with 129 CCTV cameras, 12 security posts, and patrolling.
- Emergency contact: **02-524-6000** (medical, security, ambulance).

### **Health & Support**
- **Medical Clinic**: Available 24/7 (089-075-4243).
...
- **Legal/Regulatory Support**: Assists with incidents and compliance.
- **Re-application**: Pay the application fee again and resubmit.

AIT emphasizes academic excellence, safety, and a vibrant campus life for international students.",A,"Based on the provided context, you **cannot apply with a GPA below the required minimum**. The eligibility criteria explicitly state minimum GPA thresholds (e.g., 3.50 on a 4.00 scale for Master's programs, 3.0 for MPhil at the Bachelor's level, and 3.50 for Doctoral programs at the Master's level). There is no mention of exceptions or alternative pathways for applicants with lower GPAs. You must meet these requirements to be considered.",D
What is the required IELTS or TOEFL score?,"The required English proficiency scores for admission to Asian Institute of Technology (AIT) are as follows:  

- **IELTS-Academic Module**: A minimum score of **6.0** (with a **writing band of 6.0**).  
- **TOEFL**:  
  - **Paper Test (TOEFL PBT)**: 550 (writing score of 59–61).  
  - **Computer-Based Test (TOEFL CBT)**: 213 (writing score of 25–26).  
  - **Internet-Based Test (TOEFL IBT)**: 80 (writing score of 21–23).  

Alternatively, applicants can take the **AIT English Entry Test (AIT-EET)** and achieve a score of **6** (on a nine-point scale, similar to IELTS).  

For more details, refer to AIT’s [English Proficiency Requirements page](https://ait.ac.th/admissions/frequently-asked-questions/).",B,"Here are the **required IELTS and TOEFL scores** for admission to AIT:

## **English Proficiency Requirements**

For **Master's and Doctoral programs**, you need one of the following:<cite doc=""web_markdown.pdf"" page=""206""/><cite doc=""web_markdown.pdf"" page=""207""/>

- **IELTS Academic:** overall 6 (writing 6)
- **TOEFL iBT:** overall 80 (writing 21-23)
- **AIT-EET:** 6
- **PTE Academic:** overall 52 (writing 62-73)

## **Conditional Admission (Lower Scores)**

If your score is below the requirement, you may still be admitted **conditionally** and must take English courses:<cite doc=""web_markdown.pdf"" page=""209""/>

| **IELTS-Academic (Writing band)** | **Required Courses** | **Remarks** |
|---|---|---|
| **6.0 or higher** | – | English requirements satisfied |
| **5.5** | EL 19 | Minimum entry for doctoral applicants with conditions |
| **5.0** | EL 15 | Minimum entry for Master's applicants with conditions; Minimum for doctoral applicants must take Bridging Program |
| **4.5** | Bridging Program (6 weeks) | Minimum entry for Master's applicants must take Bridging Program |

## **Equivalent Scores Table**<cite doc=""web_markdown.pdf"" page=""209""/>

| **IELTS (Writing)** | **AIT-EET** | **TOEFL iBT (Writing)** | **PTE Academic (Writing)** |
|---|---|---|---|
| 4.5 | 4.5 | 50 (12-13) | n/a |
| 5.0 | 5.0 | 60 (14-17) | 43-50 |
| 5.5 | 5.5 | 70 (18-20) | 51-61 |
| **6.0** | **6.0** | **80 (21-23)** | **62-73** |

## **Important Notes**

### **For Scholarship Applicants:**
""Applicants applying for **full scholarships** must submit the English Proficiency Test Score of **6.0 (writing and overall)** score.""<cite doc=""web_markdown.pdf"" page=""209""/>

### **Exemptions:**<cite doc=""web_markdown.pdf"" page=""209""/>

You are **exempt from English testing** if:
- You are a **citizen of an English-speaking country** (Australia, Canada, Ireland, New Zealand, UK, USA) – proof of citizenship required
- You earned a degree at a university where **English is the sole medium of instruction** – requires a certificate signed by the University Registrar (subject to AIT's acceptance)

### **Test Validity:**
Test scores are **valid for only two years** from the testing date.<cite doc=""web_markdown.pdf"" page=""209""/>

## **Summary:**
- **Standard requirement:** IELTS 6.0 (writing 6.0) or TOEFL iBT 80 (writing 21-23)
- **Scholarship applicants:** Must have 6.0 or higher
- **Lower scores:** May be admitted conditionally with required English courses",A,"Generated Answer:

The **Asian Institute of Technology (AIT)** offers a comprehensive student experience with the
following key features:

### **Admissions & Academic**
- Accepts international students; provides English-taught programs.
- Requires English proficiency tests (e.g., TOEFL/IELTS) for non-native speakers.
- Offers on-campus accommodation (limited) and off-campus support.

### **Campus Facilities**
- **Dining**:
  - **AITCC Dining**:
    - **Tuesday International Buffet**: 150 THB for students, 185 THB for outsiders.
    - **Wednesday/Friday Noodle Buffet**: 89 THB for all.
  - Serves Asian, Halal, Western, vegetarian, and Thai dishes.
- **Sports**: Golf, swimming, basketball, tennis, and more.
- **Golf Course**: A 9-hole course on 20 hectares with lakes and wildlife.

### **Security**
- 24/7 security with 129 CCTV cameras, 12 security posts, and patrolling.
- Emergency contact: **02-524-6000** (medical, security, ambulance).

### **Health & Support**
- **Medical Clinic**: Available 24/7 (089-075-4243).
...
- **Legal/Regulatory Support**: Assists with incidents and compliance.
- **Re-application**: Pay the application fee again and resubmit.

AIT emphasizes academic excellence, safety, and a vibrant campus life for international students.",D,"The required English proficiency scores for admission to AIT are:  
- **IELTS-Academic**: A minimum score of **6.0** (with a writing band of 6).  
- **TOEFL IBT**: A minimum score of **80** (with a writing score of 21–23).  

Applicants from English-speaking countries are exempt, and those with a degree from an English-medium university may submit a **Certificate of English Medium of Instruction** instead of test scores. For conditional admission, lower scores (e.g., IELTS 5.5 or TOEFL 60) may require additional English language courses (e.g., EL 19 or Bridging Program).",C
Do I need to pick or choose specific majors before applying?,"To determine whether you need to choose specific majors before applying, it depends on the program you're interested in. Here's a breakdown based on the provided information:

### 1. **For the Agricultural Systems Engineering and Agribusiness (ASEA) Program**  
   - **Preferred Majors**:  
     - **Agricultural Systems**: Relevant degrees include **Bachelor of Science in Agriculture**, **Biological Sciences**, **Engineering disciplines** (e.g., Electronics, Biotechnology, Mechanical Engineering), **Computer Science**, or **Food Science and Technology**.  
     - **Agribusiness Management**: Focuses on business and economics, so degrees in **Agricultural Economics**, **Business Administration**, or **Supply Chain Management** may be relevant.  
   - **Key Note**: While specific majors are preferred, the program emphasizes **relevance to the field** (e.g., agricultural systems, technology, or business) rather than strict major requirements.  

---

### 2. **For Other Programs (e.g., Engineering, Computer Science, etc.)**  
   - **Preferred Majors**:  
     - For **Master’s programs**, applicants typically need a **Bachelor’s degree in a relevant field** (e.g., Engineering, Computer Science, Biological Sciences, or related disciplines).  
     - For **Ph.D. programs**, a **Master’s degree in a related field** is usually required.  
   - **Key Note**: Specific majors are **preferred but not always mandatory**. The focus is on **academic background alignment** with the program’s research or curriculum focus (e.g., agriculture, technology, or business).  

---

### 3. **General Guidance**  
   - **Check Program-Specific Requirements**: Each program (e.g., ASEA, Engineering, or Computer Science) may have unique criteria. For example, the ASEA program explicitly lists acceptable undergraduate degrees.  
   - **GPA Requirements**: For Master’s programs, a minimum GPA of **2.75–3.5** (equivalent) is often required, but this varies by program.  
   - **Relevance Over Specificity**: While certain majors are highlighted, the admissions committee prioritizes **how your academic background aligns with the program’s goals** (e.g., agricultural systems, technology, or business).  

---

### Final Answer:  
You **do not need to pick a specific major** before applying, but your **academic background should align with the program’s focus areas**. For example:  
- For **agricultural programs**, degrees in **agriculture, engineering, or food science** are preferred.  
- For **technical programs**, **engineering, computer science, or related fields** are typically required.  

Always review the **specific program’s requirements** (e.g., ASEA’s listed degrees) for the most accurate guidance. If you’re unsure, contact the admissions office for clarification.",D,"Based on the information in the document, here's what you need to know about choosing programs when applying to AIT:

## **Yes, You Must Choose a Program When Applying**

**You can only apply for one program at a time** and must specify it in your application.<cite doc=""web_markdown.pdf"" page=""206""/>

When you complete the online application, you will need to:
- **Select your specific program** from the drop-down menu in the application form<cite doc=""web_markdown.pdf"" page=""200""/>
- Pay the application processing fee (25 USD or 800 Baht) for that one program<cite doc=""web_markdown.pdf"" page=""206""/>

## **AIT Uses ""Programs"" Not ""Majors""**

AIT organizes its offerings by **specific programs** rather than broad majors with specializations. For example:

**You would apply directly to programs like:**
- MBA
- MSc International Finance
- Agricultural Systems & Engineering
- Water Engineering and Management
- Environmental Engineering and Management
- Climate Change and Sustainable Development
- Gender and Development Studies
- etc.

These are distinct programs, each with their own curriculum and requirements.

## **What If You're Interested in Multiple Programs?**

Since you can only apply to **one program at a time**, you should:
1. Research the specific programs that interest you
2. Choose the one that best fits your goals
3. Apply to that program

If you want to switch programs later or apply to a different one, you would need to submit a new application.

## **Need Help Choosing?**

If you're unsure which program is right for you, contact:<cite doc=""web_markdown.pdf"" page=""206""/>

**Admissions and Scholarships Unit**  
**Email:** admissions@ait.ac.th  
**Phone:** (662) 524 5024, 31-33

They can help you understand the differences between programs and guide you in selecting the most appropriate one for your background and career goals.

## **Summary:**

Yes, you must choose a **specific program** before applying - you cannot apply generally to AIT or to multiple programs simultaneously. Choose carefully, as each application requires a separate fee and process.",C,"Generated Answer:

The context provided does not mention anything about selecting specific majors before applying. It
focuses on campus facilities, services (e.g., maintenance, accommodation, utilities), and
administrative procedures, not academic programs or major requirements. Therefore, based on the
given information, there is no indication that choosing majors is a prerequisite for applying.",A,"Whether you need to choose specific majors depends on the program:  
- **Public Policy Program**: Accepts diverse disciplines (e.g., economics, political science, social sciences) with a commitment to public policy. No strict major requirement, but strong academic preparation is needed.  
- **DS&AI Program**: Prefers computer science, engineering, or quantitative fields, but non-engineering applicants must complete foundation courses in math and programming.  
- **Industrial Systems Engineering**: Requires an undergraduate degree in engineering or related applied sciences (e.g., mechanical, electrical, computer engineering) with a quantitative background.  

Check the specific program’s preferred background criteria for precise requirements.",B
Can the EET be taken online?,"Yes, the AIT EET test can be taken online. According to the provided context, you can choose to take the AIT EET test either on campus or online. 

[Source](https://ait.ac.th/admissions/frequently-asked-questions/)",C,"Based on the information available in the document, I cannot find specific details about **whether the AIT English Entry Test (EET) can be taken online** or information about how and where to take it.

## **What the Document Shows About AIT-EET**

The document mentions that:
- **AIT-EET score of 6** is required for admission<cite doc=""web_markdown.pdf"" page=""206""/><cite doc=""web_markdown.pdf"" page=""207""/>
- It is one of the **acceptable English proficiency tests** alongside IELTS, TOEFL, and PTE
- **Score equivalence:** AIT-EET 6 = IELTS 6 = TOEFL iBT 80 = PTE 52<cite doc=""web_markdown.pdf"" page=""209""/>
- Test scores are **valid for two years** from the testing date<cite doc=""web_markdown.pdf"" page=""209""/>

However, the document does **not specify**:
- Whether the EET can be taken online
- Where or how to register for the test
- Test format or administration details

## **Alternative English Tests You Can Take**

If you're looking for tests that can definitely be taken in various locations, you can submit scores from:<cite doc=""web_markdown.pdf"" page=""209""/>
- **IELTS Academic**
- **TOEFL iBT** (internet-based, can be taken online)
- **PTE Academic** (can be taken online)

## **Recommendation**

For specific information about the AIT-EET, including whether it can be taken online, I recommend contacting:

**Admissions and Scholarships Unit**<cite doc=""web_markdown.pdf"" page=""206""/>  
**Email:** admissions@ait.ac.th  
**Phone:** (662) 524 5024, 31-33

Or contact the **Language Center** directly, as they likely administer the test:  
**Email:** Based on the bridging program contact, you can reach out through admissions@ait.ac.th<cite doc=""web_markdown.pdf"" page=""208""/>

They can provide details about test registration, whether online testing is available, and scheduling options.",D,"Generated Answer:

**Anish Ghimire** is a researcher affiliated with the **Asian Institute of Technology (AIT)**,
specializing in **Water and Wastewater Treatment, Solid Waste Management, Anaerobic Digestion, Life
Cycle Assessment, and Greenhouse Gas Emission Modelling**. His profile includes contact details and
links to AIT’s website.

The **AIT Conference Center (AITCC)** offers:
- **Room Rates**:
  - Main Wing Single: 1,200 Baht (excl. 7% VAT, breakfast 200 Baht/person).
  - New Wing Double: 1,900 Baht.
  - Suite (JASMINE/LOTUS): 3,300 Baht.
  - ANNEX Double: 2,200 Baht.
- **Meeting Room Rates**: Vary by size (e.g., small rooms: 1,500–2,700 Baht/day; large auditorium: 10,500–25,000 Baht/day).
- **Discounts**: 25% for AIT alumni/students/employees; 35% for 2–5-month stays; 50% for 6+ months.
- **Facilities**: Dining, sports, shopping, and a 500-seat auditorium.
- **Contact**: Email **aitccr@ait.ac.th** or call **02-524-5250**.

For detailed rates and services, visit [AITCC website](http://aitcc.ait.ac.th).",B,"Yes, the AIT EET test can be taken both on campus and online. The context explicitly states: ""Alternatively, you can take AIT EET test on campus or online.""",A
What is the minimum EET score required?,"The minimum EET (AIT English Entry Test) score required for admission is **6.0**. This score is equivalent to an IELTS Academic Writing band score of 6.0 and is necessary to satisfy English proficiency requirements for most programs. Lower scores (e.g., 5.5 or 5.0) may qualify applicants for conditional admission or require additional English language courses (e.g., EL 19/EL 15). 

For more details, refer to: [AIT English Proficiency Requirements](https://ait.ac.th/eligibility/english-proficiency-requirement-for-admission/)",D,"Here are the **minimum AIT-EET (English Entry Test) scores required** for admission:

## **Standard Admission (No English Courses Required)**

**AIT-EET: 6.0**<cite doc=""web_markdown.pdf"" page=""206""/><cite doc=""web_markdown.pdf"" page=""207""/>

This applies to both Master's and Doctoral programs and means your English requirements are fully satisfied.

## **Conditional Admission (With Required English Courses)**

If your score is below 6.0, you may still be admitted conditionally:<cite doc=""web_markdown.pdf"" page=""209""/>

| **AIT-EET Score** | **Required Courses** | **Remarks** |
|---|---|---|
| **6.0 or higher** | None | English requirements satisfied |
| **5.5** | EL 19 | **Minimum entry for doctoral applicants** with conditions |
| **5.0** | EL 15 | **Minimum entry for Master's applicants** with conditions; Minimum for doctoral applicants must take Bridging Program |
| **4.5** | Bridging Program (6 weeks) | **Minimum entry for Master's applicants** must take Bridging Program |

## **Summary of Minimum Scores:**

### **For Master's Programs:**
- **Absolute minimum: 4.5** (must complete 6-week Bridging Program)
- **Minimum with EL 15 course: 5.0**
- **No conditions: 6.0**

### **For Doctoral Programs:**
- **Absolute minimum: 5.0** (must complete 6-week Bridging Program)
- **Minimum with EL 19 course: 5.5**
- **No conditions: 6.0**

### **For Scholarship Applicants:**
- **Minimum: 6.0** (required for full scholarships)<cite doc=""web_markdown.pdf"" page=""209""/>

## **Score Equivalence**<cite doc=""web_markdown.pdf"" page=""209""/>

| **AIT-EET** | **IELTS (Writing)** | **TOEFL iBT (Writing)** | **PTE Academic (Writing)** |
|---|---|---|---|
| 4.5 | 4.5 | 50 (12-13) | n/a |
| 5.0 | 5.0 | 60 (14-17) | 43-50 |
| 5.5 | 5.5 | 70 (18-20) | 51-61 |
| **6.0** | **6.0** | **80 (21-23)** | **62-73** |

## **Important Notes:**

- Test scores are **valid for only two years** from the testing date<cite doc=""web_markdown.pdf"" page=""209""/>
- All required English courses are included in a **one-time flat fee** (3,000 Baht for EL courses, or exempted if you take the Bridging Program)<cite doc=""web_markdown.pdf"" page=""209""/>

**Bottom line:** The absolute minimum AIT-EET score is **4.5 for Master's** and **5.0 for Doctoral** programs, but you'll need to complete additional English coursework.",B,"Generated Answer:

Here's a concise summary of the key information from the provided context:

### **Key Services & Contacts**
1. **Call Center**
   - **Hours**: 08:00–17:00 (Thai time); after hours, calls are forwarded to Security.
   - **Phone**: 02-524-5800 | **Email**: callcenter@ait.asia
   - **Support**: Thai/English; handles service requests for AIT residents and staff (e.g., facility
issues, maintenance).
   - **Help Desk (Internet)**: 02-524-6082 | **Email**: helpdesk@ait.asia

2. **Security**
   - **24/7 Coverage**: Includes 12 security posts, 129 CCTV cameras (academic areas/dorms), and 35
(staff areas).
   - **Emergency Contact**: 02-524-6000 (Security, Fire, Ambulance).
   - **Medical Clinic**:
     - Daytime: 02-524-5286
     - 24/7: 089-075-4243

3. **Sports Facilities**
   - **Access**: Open 6:00 AM–11:00 PM daily. Most fields (except swimming pool) allow outsiders
with an AIT member.
   - **Swimming Pool**:
     - **Hours**: 6:00 AM–7:00 PM (Mon–Sun).
...
procedures.
   - **CCTV**: Monitors academic areas, dorms, and staff housing.

Let me know if you need further details!",A,"The minimum AIT English Entry Test (EET) score required is **6.0**. This score satisfies the English proficiency requirements without needing additional courses. Applicants from English-speaking countries or those with degrees from English-medium universities may have alternative requirements (e.g., AWPT test), but the EET minimum remains 6.0.",C
What is the AIT English Entry Test (AIT-EET)?,"The **AIT English Entry Test (AIT-EET)** is a 90-minute in-house English proficiency test offered by the Language Center (LC) at AIT. It uses a nine-point scale similar to the IELTS test, with the **Writing score (based on an essay)** being the most critical for admission. Results are emailed within 7 days, and the LC reports scores to admissions only if they meet provisional admission requirements. Applicants can retake the test multiple times (no limit) but are encouraged to improve their English before retesting. An **online version** of the test is also available via the AIT EET test application. [Source](https://ait.ac.th/admissions/frequently-asked-questions/)",D,"Based on the document, here's what I can tell you about the **AIT English Entry Test (AIT-EET)**:

## **What the Document Reveals**

The AIT-EET is:
- An **English proficiency test** that AIT accepts as an alternative to IELTS, TOEFL, and PTE<cite doc=""web_markdown.pdf"" page=""206""/>
- Used to assess applicants' English language skills for admission
- Listed as one of the official ways to satisfy AIT's English requirements<cite doc=""web_markdown.pdf"" page=""209""/>

## **Score Requirements**

**Standard requirement:** AIT-EET score of **6.0**<cite doc=""web_markdown.pdf"" page=""206""/><cite doc=""web_markdown.pdf"" page=""207""/>

## **Score Equivalence to Other Tests**<cite doc=""web_markdown.pdf"" page=""209""/>

| **AIT-EET** | **IELTS (Writing)** | **TOEFL iBT (Writing)** | **PTE Academic (Writing)** |
|---|---|---|---|
| 4.5 | 4.5 | 50 (12-13) | n/a |
| 5.0 | 5.0 | 60 (14-17) | 43-50 |
| 5.5 | 5.5 | 70 (18-20) | 51-61 |
| **6.0** | **6.0** | **80 (21-23)** | **62-73** |

## **Score Validity**

Test scores are **valid for only two years** from the testing date<cite doc=""web_markdown.pdf"" page=""209""/>

## **What the Document DOESN'T Say**

The document does **not provide details about**:
- Test format or structure
- Number of sections (reading, writing, listening, speaking)
- Test duration
- How to register for the test
- Where the test can be taken
- Whether it can be taken online
- Test fees
- How the test is scored

## **How to Learn More**

For detailed information about the AIT-EET, including how to register and take the test, contact:

**Admissions and Scholarships Unit**<cite doc=""web_markdown.pdf"" page=""206""/>  
**Email:** admissions@ait.ac.th  
**Phone:** (662) 524 5024, 31-33

Or contact the **Language Center**, as they likely administer the test. You can inquire through the admissions email or mention your interest when applying.<cite doc=""web_markdown.pdf"" page=""208""/>

## **Alternative Option**

If the AIT-EET is not convenient or available in your location, you can submit scores from other internationally recognized tests instead:
- IELTS Academic
- TOEFL iBT
- PTE Academic

All are equally acceptable for admission purposes.",C,"Generated Answer:

𐤂

**1. What are the operating hours of the AIT Call Center?**
The AIT Call Center operates from **08:00 am to 05:00 pm**. After 5 pm, calls are forwarded to the
Security office at gate-1.

**2. How can one report a service request for a residential area?**
For residents, specify the **dorm/house/building and unit number** followed by the request details.
Example: *Dorm P--206A: Water leakage in kitchen sink.*

**3. What is the contact number for the AIT Call Center?**
The contact number for the AIT Call Center is **02-524-5800**.

**4. What are the rules for using the sports facilities at AIT?**
- Sports hours are **Monday to Sunday, 6:00 a.m. – 11:00 p.m.**
- Proper sports attire is required; **slippers/flip-flops are not allowed**.
- **First come, first served** basis; priority for AIT residents.
- **No food or beverages** inside the sports facilities.
- **No loud noises, running, or rough play**.
- **Liquor and intoxicating drinks are prohibited** in the swimming pool.
- **Swimming pool users must register** and show AIT ID verification.

**5. What is the emergency contact number for security, fire, and ambulance at AIT?**
...

**10. How can one report a service request for non-residential areas?**
For non-residential areas, specify the **building name/office area and room number** followed by the
request details. Example: *SERD Building room E-220: Lights are not working.*",B,"The AIT English Entry Test (AIT-EET) is a 90-minute in-house English proficiency test offered by the Language Center (LC) at Asian Institute of Technology (AIT). It uses a nine-point scale similar to IELTS, with the Writing score (based on an essay) being the most critical for admission. Results are emailed within 7 days and reported to AIT Admissions only if they meet provisional admission criteria. Applicants who don’t meet minimum scores may retake the test unlimited times, though improving English before retesting is encouraged. The test is available on campus or online via the AIT EET application.",A
How much is the application processing fee of AIT?,"The application processing fee for AIT is **800 Thai Baht (US$25)**, and it is non-refundable. [Source](https://ait.ac.th/admissions/frequently-asked-questions/)",B,"The **application processing fee for AIT** is:

## **Standard Application Fee**

**25 USD or 800 Thai Baht**<cite doc=""web_markdown.pdf"" page=""206""/>

This fee applies to:
- Regular Master's degree programs
- Doctoral degree programs
- Exchange students<cite doc=""web_markdown.pdf"" page=""209""/>
- Visiting students<cite doc=""web_markdown.pdf"" page=""210""/>

## **Important Notes**

### **One Application Per Fee**
""An applicant can only apply for **one program at a time** and pay the application processing fee: 25 USD or 800 Baht.""<cite doc=""web_markdown.pdf"" page=""206""/>

This means:
- You pay the fee for **each application**
- If you want to apply to a different program later, you'll need to pay the fee again
- You cannot apply to multiple programs with a single fee

### **Note on Flexible Master's Option**
For the Flexible Master's Option, the document mentions an application fee of **600 Baht**<cite doc=""web_markdown.pdf"" page=""200""/>, which appears to be different from the standard fee. If you're applying for this specific option, you may want to confirm the exact amount with the admissions office.

## **Additional Fees Upon Enrollment**

Once accepted, you'll also need to pay (one-time fees):<cite doc=""web_markdown.pdf"" page=""200""/>
- **Language Center fee:** 2,000 Baht

## **Contact for Confirmation**

If you want to confirm the exact fee for your specific program:

**Admissions and Scholarships Unit**<cite doc=""web_markdown.pdf"" page=""206""/>  
**Email:** admissions@ait.ac.th  
**Phone:** (662) 524 5024, 31-33

**Summary:** The standard application processing fee is **25 USD or 800 Thai Baht** per program application.",C,"Generated Answer:

The query appears incomplete or unclear. Please specify the exact question or topic you'd like
addressed based on the provided context (e.g., ""What are the sports facilities at AIT?"" or ""How do I
report a maintenance issue?""). Without a clear question, a targeted answer cannot be provided.",D,"The application processing fee for AIT is **US$25 or Baht 800**, and it is **non-refundable**. This fee must be paid along with your application, either online via credit card (Visa, MasterCard, American Express), Western Union, or bank transfer to the AIT account.",A
How can I obtain the application form?,"To obtain the application form, follow these steps based on the provided context:

1. **Visit the AIT Admissions Website**:  
   - Direct link to the application form:  
     [https://admission.ait.ac.th/aoas/Applicant/FirstPage.aspx](https://admission.ait.ac.th/aoas/Applicant/FirstPage.aspx)  

2. **Apply Online**:  
   - Use the ""Apply online"" portal on the AIT website:  
     [https://ait.ac.th/apply-online/](https://ait.ac.th/apply-online/)  

3. **Check Eligibility Section**:  
   - The eligibility page also includes the application form link:  
     [https://ait.ac.th/eligibility/](https://ait.ac.th/eligibility/)  

Ensure all required documents (e.g., English proficiency proof, income statements) are prepared before submission. For scholarship-specific forms (e.g., ADB-JSP), submit them to AIT as outlined.  

**Note**: Always verify the latest instructions on the official AIT websites.",B,"Here's **how to obtain and complete the application form for AIT:**

## **Online Application System**

AIT uses an **online application system**. You can access the application form directly at:

**Application Portal:**  
https://admission.ait.ac.th/aoas/Applicant/FirstPage.aspx<cite doc=""web_markdown.pdf"" page=""206""/>

## **How to Apply**

### **Step-by-Step Process:**<cite doc=""web_markdown.pdf"" page=""201""/>

1. **Access the online application form** at the link above
2. **Complete your application** online
3. **Submit all required documents** through the system
4. **Pay the application processing fee** (25 USD or 800 Baht)
5. Your application will be **reviewed within seven working days**

## **For Specific Program Types**

### **Flexible Master's Degree:**
When filling out the application form, **choose ""Flexible Master Degree"" in the drop-down menu** of the selected program<cite doc=""web_markdown.pdf"" page=""200""/>

### **Regular Master's Programs:**
Use the same online portal and select your desired program

### **Doctoral Programs:**
Apply at: https://www.ait.ac.th/admissions/application-form/<cite doc=""web_markdown.pdf"" page=""207""/>

### **MPhil Program:**
Apply at: https://www.ait.ac.th/admissions/application-form/<cite doc=""web_markdown.pdf"" page=""207""/>

### **Certificate and Special Programs:**
Apply at: https://www.ait.ac.th/admissions/application-form/<cite doc=""web_markdown.pdf"" page=""207""/>

## **Important Reminders**

- **No paper forms:** AIT uses an online application system only
- **One program at a time:** You can only apply for one program per application<cite doc=""web_markdown.pdf"" page=""206""/>
- **Application fee:** You'll need to pay 25 USD or 800 Baht when submitting your application<cite doc=""web_markdown.pdf"" page=""206""/>

## **Need Assistance?**

If you have trouble accessing or completing the online application form, contact:

**Admissions and Scholarships Unit**<cite doc=""web_markdown.pdf"" page=""206""/>  
Asian Institute of Technology  
P.O. Box 4, Klong Luang  
Pathumthani 12120, THAILAND  

**Email:** admissions@ait.ac.th  
**Phone:** (662) 524 5024, 31-33

## **Summary:**

There is **no physical application form to download**. All applications are completed through AIT's **online application portal** at:  
**https://admission.ait.ac.th/aoas/Applicant/FirstPage.aspx**",D,"Generated Answer:

**Key Information from the Context:**

1. **Call Center (Facility Services):**
   - **Contact:** 02-524-5800 (phone), callcenter@ait.asia (email).
   - **Hours:** 08:00–17:00 (Thai time). After hours, calls are forwarded to Security.
   - **Support:** Thai and English.
   - **Reporting Issues:** Specify location (building/unit), request details, and include a photo.
Example: *""Dorm P-206A: Water leakage in kitchen sink.""*

2. **Emergency Contacts:**
   - **AIT Medical Clinic:**
     - Daytime: 02-524-5286
     - 24/7: 089-075-4243
   - **Security/Fire/Ambulance:** 02-524-6000 (24/7).
   - **Taxi Service:** 02-524-6300.

3. **Security Services:**
   - 24/7 surveillance, 129 CCTV cameras (academic areas/dorms), 35 in staff housing.
   - Traffic management, emergency response, and evacuation procedures.

4. **Sports Facilities:**
   - **Hours:** 06:00–23:00 (Mon–Sun).
   - **Rules:** Proper attire, no food/drinks, priority for AIT residents, and no alcohol.
...

**Summary:** For emergencies, contact Security (02-524-6000) or the Medical Clinic (02-524-5286).
Report facility issues via the Call Center (02-524-5800) with specific details. Follow rules for
sports facilities and the swimming pool to ensure safety and access.",A,"To obtain the application form for the ADB-JSP Scholarship through AIT:  
1. **Register online** on the [LPDP Scholarship Registration website](https://beasiswalpdp.kemenkeu.go.id).  
2. **Complete the AIT application process** and receive an AIT offer letter.  
3. Submit required documents (e.g., recommendation letters, certificates) via the registration portal.  
4. Contact AIT directly for the application form:  
   - **Phone**: Ms. Wilailak (02-524-5023) or Ms. Kanchana (02-524-6119)  
   - **Email**: rtg@ait.ac.th  
5. Pay the $25/800 Baht application fee.  

For additional guidance, visit AIT’s admissions page: [https://ait.ac.th/eligibility/](https://ait.ac.th/eligibility/).",C
Do I need to apply for the scholarships listed on the AIT scholarship website?,"No, you do not need to apply separately for financial aid (scholarships) at AIT. Once you submit your online application, you will be automatically considered for all applicable scholarships for which the deadline has not expired and for which you are eligible. However, **if you wish to be considered for full scholarships**, you must submit an official English score of 6 (including writing and overall) that is no older than 2 years. For more details, visit [AIT Scholarships](https://ait.ac.th/scholarships/). 

Source: [AIT Admissions FAQ](https://ait.ac.th/admissions/frequently-asked-questions/)",A,"Based on the information in the document, here's what I can tell you about applying for financial aid at AIT:

## **Scholarship Application Deadlines Are Different**

The document shows that **scholarships have specific deadlines** that are different from regular admissions:<cite doc=""web_markdown.pdf"" page=""205""/>

### **August Semester/Term Intake:**
- **February 28:** deadline for HM King's and Queen's, and GMS scholarships
- **March 31:** deadline for other scholarships (ADB-JSP, Bangchak: Master and Doctoral, and others)
- **June 10:** deadline for AIT Scholarships including RTG Fellowships
- **June 30:** deadline for overseas applicants requiring educational visa (general admission)
- **July 25:** for other applicants (general admission)

This suggests that **scholarship applications have earlier deadlines** than regular admissions.

## **English Requirements for Scholarship Applicants**

""Applicants applying for **full scholarships** must submit the English Proficiency Test Score of **6.0 (writing and overall)** score.""<cite doc=""web_markdown.pdf"" page=""209""/>

This is stricter than the general admission requirement, suggesting scholarship consideration may be part of the admissions process.

## **Financial Aid Section**

The document mentions that AIT has a ""Financial aid"" section<cite doc=""web_markdown.pdf"" page=""205""/><cite doc=""web_markdown.pdf"" page=""206""/>, but the specific details about whether you need a separate application are not clearly stated in the portions I've reviewed.

## **What the Document DOESN'T Clarify**

The document does **not explicitly state**:
- Whether you check a box on the main application form for scholarship consideration
- Whether scholarships require a completely separate application
- What additional documents might be needed for scholarship applications
- How to apply for specific scholarships (ADB-JSP, King's/Queen's, GMS, RTG, etc.)

## **Recommendation**

For specific information about the scholarship application process, I strongly recommend contacting:

**Admissions and Scholarships Unit**<cite doc=""web_markdown.pdf"" page=""206""/>  
Asian Institute of Technology  
P.O. Box 4, Klong Luang  
Pathumthani 12120, THAILAND  

**Email:** admissions@ait.ac.th  
**Phone:** (662) 524 5024, 31-33

You can also check the Financial Aid section of the AIT website at: https://ait.ac.th/financial-aid/<cite doc=""web_markdown.pdf"" page=""206""/>

## **Important Note for 1-Year Master's Programs**

""Applicants applying for **1-year Master Degree Programs are not eligible for Scholarships/Fellowships**. However, applicants may seek funding from external sponsors.""<cite doc=""web_markdown.pdf"" page=""207""/>

**Summary:** While the document shows different scholarship deadlines (suggesting scholarships may require early application), it doesn't clearly explain the application process. Contact the Admissions and Scholarships Unit directly for detailed information about how to apply for financial aid.",C,"Generated Answer:

**Key Contact Numbers and Services at AIT:**

1. **Security & Emergency Services:**
   - **Security/Fire/Ambulance:** 02-524-6000 (24/7)
   - **AIT Medical Clinic:**
     - Daytime: 02-524-5286
     - 24 hrs: 089-075-4243
   - **Taxi Service:** 02-524-6300
   - **Thammasat Hospital:** 02-926-9999

2. **Call Center (Facility Services):**
   - **Phone:** 02-524-5800
   - **Email:** callcenter@ait.asia
   - **Hours:** 08:00–17:00 (calls after 17:00 forwarded to Security).

3. **Sports Facilities:**
   - **Swimming Pool:**
     - **Hours:** 6:00–7:00 AM–7:00 PM (Mon–Sun).
     - **Restrictions:** Only AIT members, no food/alcohol, and specific attire required.
   - **General Rules:** First-come-first-served, no slippers, and priority for residents.

4. **Other Notes:**
   - **CCTV Coverage:** 129 cameras in academic areas and dorms, 35 in staff housing.
   - **Call Center Language:** Supports Thai and English.

For specific requests (e.g., repairs, pool access), use the Call Center with detailed location and
issue descriptions.",B,"No, you do not need to apply separately for the scholarships listed on the AIT scholarship website. Once you submit your application online, you will be automatically considered for all scholarships for which the deadline has not expired and for which you are eligible. The type and amount of scholarship are determined based on competitive criteria, including academic standing.",D
How much does it cost to study at AIT?,"The cost to study at AIT varies depending on the program and duration:  

1. **Flexible Master’s/PhD Programs**:  
   - Registration fee: **1,667 Thai Baht per credit** (e.g., a 3-credit course costs **5,000 Baht**).  
   - Minimum registration: **6 credits** (approx. **10,000 Baht per semester**).  

2. **One-Year Master’s Program**:  
   - Total tuition: **480,000–632,000 Thai Baht** (approx. **$11,890–$16,700 USD**).  
   - Includes accommodation and meals (optional study trips to Thailand may add extra costs).  

3. **Other Notes**:  
   - Scholarships may be available.  
   - Additional fees (e.g., extensions) apply if the program is not completed within the standard timeframe.  

For precise currency conversions or program-specific details, refer to AIT’s official resources.",D,"Here's a comprehensive breakdown of **the costs to study at AIT:**

## **Master's Programs (Regular 2-Year)**

### **Most Faculties** (Climate Change, Infrastructure, Public Policy, Resources, Technology)<cite doc=""web_markdown.pdf"" page=""210""/>

**Program Duration:** 4 semesters (48 credits) - 22 months

| **Cost Item** | **Amount (Thai Baht)** |
|---|---|
| Registration Fee (20,000 x 4 semesters) | 80,000 |
| Tuition Fee (16,000 x 48 credits) | 768,000 |
| Language Support Fee | 2,000 |
| Medical Insurance (2,500 per year) | 5,000 |
| Student Union Fee (150 x 4 semesters) | 600 |
| **Total Fees** | **855,600** |
| Living/Accommodation/Misc (11,500-15,000/month x 22 months) | 253,000 - 330,000 |
| Visa Fee (1,900 per year) | 3,800 |

**TOTAL ESTIMATED COST: 1,112,400 - 1,189,400 Baht** (approximately **$31,000 - $33,000 USD**)

### **Faculty of Business Management** (2-Year MBA/MSc)<cite doc=""web_markdown.pdf"" page=""210""/>

| **Cost Item** | **Amount (Thai Baht)** |
|---|---|
| Tuition and Registration Fee | 848,000 |
| Language Support Fee | 2,000 |
| Medical Fee | 2,500 |
| Student Union Fee | 300 |
| **Total Fees** | **856,600** |
| Living/Accommodation/Misc | 253,000 - 330,000 |
| Visa Fee | 3,800 |

**TOTAL ESTIMATED COST: 1,113,400 - 1,190,400 Baht**

## **One-Year Master's Programs**

### **Most Faculties** (30 credits)<cite doc=""web_markdown.pdf"" page=""210""/>

| **Cost Item** | **Amount (Thai Baht)** |
|---|---|
| Registration Fee | 40,000 |
| Tuition Fee (16,000 x 30 credits) | 480,000 |
| Language Support Fee | 2,000 |
| Medical Insurance | 2,500 |
| Student Union Fee | 300 |
| **Total Fees** | **524,800** |
| Living/Accommodation/Misc | 138,000 - 180,000 |
| Visa Fee | 1,900 |

**TOTAL ESTIMATED COST: 664,700 - 706,700 Baht** (approximately **$18,500 - $19,600 USD**)

### **Faculty of Business Management** (1-Year MBA/MSc)<cite doc=""web_markdown.pdf"" page=""210""/>

| **Cost Item** | **Amount (Thai Baht)** |
|---|---|
| Tuition and Registration Fee | 626,000 |
| Language Support Fee | 2,000 |
| Medical Fee | 2,500 |
| Student Union Fee | 300 |
| **Total Fees** | **632,700** |
| Living/Accommodation/Misc | 138,000 - 180,000 |
| Visa Fee | 1,900 |

**TOTAL ESTIMATED COST: 772,600 - 814,600 Baht**

## **Doctoral Programs**

### **PhD (Most Faculties)** - 7 semesters (84 credits) - 42 months<cite doc=""web_markdown.pdf"" page=""210""/>

| **Cost Item** | **Amount (Thai Baht)** |
|---|---|
| Registration Fee (20,000 x 7 semesters) | 140,000 |
| Tuition Fee (16,000 x 84 credits) | 1,344,000 |
| Language Support Fee | 2,000 |
| Medical Insurance (2,500 per year) | 8,750 |
| Student Union Fee (150 x 7 semesters) | 1,050 |
| **Total Fees** | **1,495,800** |
| Living/Accommodation/Misc (11,500-15,000/month x 42 months) | 483,000 - 630,000 |
| Visa Fee (1,900 per year) | 5,700 |

**TOTAL ESTIMATED COST: 1,984,500 - 2,131,500 Baht** (approximately **$55,000 - $59,000 USD**)

### **DBA (Doctor of Business Administration)** - 3 years<cite doc=""web_markdown.pdf"" page=""210""/>

| **Cost Item** | **Amount (Thai Baht)** |
|---|---|
| Tuition and Registration Fee | 1,500,000 |
| Language Support Fee | 2,000 |
| Medical Fee | 7,500 |
| Student Union Fee | 900 |
| **Total Fees** | **1,516,100** |
| Living/Accommodation/Misc | 414,000 - 540,000 |
| Visa Fee | 5,700 |

**TOTAL ESTIMATED COST: 1,935,800 - 2,061,800 Baht**

## **Certificate Programs** - 1 semester (12 credits)<cite doc=""web_markdown.pdf"" page=""210""/>

| **Cost Item** | **Amount (Thai Baht)** |
|---|---|
| Registration Fee | 20,000 |
| Tuition Fee | 48,000 - 192,000 |
| Medical Insurance | 1,250 |
| Student Union Fee | 150 |
| **Total Fees** | **69,400 - 213,400** |
| Living/Accommodation/Misc | 57,500 - 75,000 |
| Visa Fee | 1,900 |

**TOTAL ESTIMATED COST: 128,850 - 290,350 Baht**

## **Living Costs in Thailand**<cite doc=""web_markdown.pdf"" page=""210""/>

| **Expense** | **Approximate Price (Baht/month)** |
|---|---|
| Accommodation (Dormitory, including bills) | 2,500 - 7,000 |
| Private Accommodation (bills not included) | 8,000 - 20,000 |
| Mobile Phone | 200 minimum |
| Books/Stationery | 2,000 minimum suggested |
| Travel/Transport | 2,000 minimum |

**Total Living Expenses:** 11,500 - 15,000 Baht per month (suggested minimum)

## **Additional One-Time Fees**

- **Application Processing Fee:** 25 USD or 800 Baht<cite doc=""web_markdown.pdf"" page=""206""/>
- **Bridging Program** (if needed): 35,000 Baht<cite doc=""web_markdown.pdf"" page=""208""/>

## **Important Notes**

### **Scholarships Available**
AIT offers various scholarships including:<cite doc=""web_markdown.pdf"" page=""205""/>
- HM King's and Queen's Scholarships
- GMS Scholarships
- ADB-JSP Scholarships
- Bangchak Scholarships
- AIT Scholarships
- RTG Fellowships

**Exception:** ""Applicants applying for 1-year Master Degree Programs are **not eligible for Scholarships/Fellowships**. However, applicants may seek funding from external sponsors.""<cite doc=""web_markdown.pdf"" page=""207""/>

### **Comparison: One-Year vs Two-Year Master's**
According to the document: ""Tuition fees for a regular program at AIT costs between 855,000-960,000 Thai Baht. Living costs for two years are 200,000-300,000. **A One Year Master's program costs between 480,000 and 632,000 Thai Baht** with living costs half that of the regular Master's programs.""<cite doc=""web_markdown.pdf"" page=""201""/>

## **Summary**

**Most affordable option:** One-year Master's (~665,000 - 815,000 Baht total)  
**Regular Master's:** ~1,112,000 - 1,190,000 Baht total  
**Doctoral programs:** ~1,935,000 - 2,132,000 Baht total

These costs are for students **without financial aid**. Qualifying applicants may receive scholarships that significantly reduce these expenses.",C,"Generated Answer:

 Ми
Okay, I need to answer the user's query based on the provided context. Let me start by understanding
what they're asking. The user provided a lot of information about AIT's facilities, security, call
center, etc., and then says, ""Provide a clear, concise answer based only on the context provided.""
But the user hasn't actually asked a specific question. Wait, maybe they forgot to include a
question? Let me check again.

Looking back, the user's message ends with ""Provide a clear, concise answer based only on the
context provided."" But there's no explicit question. Hmm. Maybe they intended to ask something but
didn't. However, in the initial part, they included a lot of information about AIT's services.
Perhaps they want a summary or an overview of the information given? Or maybe they want to test if I
can handle a scenario where there's no question but still provide an answer based on the context.

Since the user hasn't specified a particular question, but the previous content is about AIT's
facilities, security, call center, etc., maybe the intended question is to summarize the key points
or answer a common query. Alternatively, maybe they want to know how to contact the call center or
security. But without a specific question, it's a bit ambiguous.

Wait, looking at the history, the user might have intended to ask a question but it didn't come
through. However, given the context, I should perhaps provide a general summary or highlight key
contact numbers and services. Let me check the last part of the user's message again. They mention
""Provide a clear, concise answer based only on the context provided."" So maybe they want a summary
of the information given.
...
   - **Thammasat Hospital:** 02-926-9999

**Note:** For non-emergency maintenance or service requests, contact the Call Center. For
emergencies, use the Security hotline.",B,"The cost to study a Master's at AIT varies depending on the program and duration:  

### **Regular Full-Time Master's (2 years)**  
- **Tuition Fees**: 855,000–960,000 Thai Baht  
- **Living Costs**: 200,000–300,000 Thai Baht for two years  
- **Additional Fees**: Application fee (800 Baht), Language Center fee (2,000 Baht)  

### **One-Year Master's Program**  
- **Tuition Fees**: 480,000–632,000 Thai Baht  
- **Living Costs**: Approximately half of the regular program’s living expenses  

### **Flexible Master’s Option**  
- Costs the same as the traditional full-time program.  
- Additional fees: Application (800 Baht) and Language Center (2,000 Baht).  

**Scholarships**: Available for eligible candidates (e.g., AIT Scholarships, Alumni Association scholarships for Hong Kong/Macau citizens).  

Note: Travel expenses and other incidental costs are not included.",A
What scholarships options are avaliable in AIT? ,"The Asian Institute of Technology (AIT) offers several scholarships for international and Thai students pursuing Master’s and Doctoral programs. Here’s a summary of the key scholarships:

### **1. AIT Scholarships**  
- **Eligibility**:  
  - All nationalities.  
  - English proficiency: IELTS-Academic 5.0 (Master’s) or 5.5 (PhD), or AIT EET score of 5.0/5.5.  
  - Bachelor’s degree from a recognized university (Master’s applicants).  
  - Master’s degree with a GPA of 3.50 (PhD applicants) and 2.75 in undergraduate studies.  
- **Coverage**:  
  - Covers part of tuition fees; students pay registration fees and living expenses.  
- **Faculties**:  
  - FCEE, FAST, FFARN, FCCS, FPSD, School of Management (SOM).  
- **Deadlines (2026 Intake)**:  
  - **Master’s**: July 15, 2026.  
  - **PhD**: July 15, 2026.  
### **2. AIT Alumni Scholarship Fund**  
- **Eligibility**:  
  - Master’s applicants.  
  - GPA of 2.75 in undergraduate studies.  
  - IELTS 6.0 or AIT EET 6.0.  
  - Meets AIT’s admission requirements.  
- **Coverage**:  
  - Up to 6 credits (tuition fees).  
- **Deadline (2026 Intake)**: June 10, 2026.  
### **3. AIS Scholarship**  
- **Eligibility**:  
  - Thai nationals.  
  - Master’s program applicants.  
- **Deadline (2026 Intake)**: May 30, 2026.  
### **4. AIT Alumni Association Hong Kong & Macau Chapter Master’s Scholarship**  
- **Eligibility**:  
  - Master’s applicants.  
  - IELTS 6.0 or AIT EET 6.0.  
  - Meets AIT’s admission requirements.  
- **Deadline (2026 Intake)**: June 10, 2026.  
### **Application Process**  
- All scholarships require application through AIT’s **online portal** ([Apply Online](https://ait.ac.th/apply-online/)).  
- No separate forms are needed for these scholarships.  

For more details, visit AIT’s [Financial Aid page](https://ait.ac.th/financial-aid/).",C,"Based on the document, here are the **scholarships offered by or available at AIT:**

## **AIT and Partner Scholarships**

The document mentions several scholarship programs with specific application deadlines:<cite doc=""web_markdown.pdf"" page=""205""/>

### **Major Scholarship Programs:**

1. **HM King's and Queen's Scholarships**
   - Deadline: February 28 (for August intake)

2. **GMS Scholarships** (Greater Mekong Subregion)
   - Deadline: February 28 (for August intake)

3. **ADB-JSP** (Asian Development Bank - Japan Scholarship Program)
   - Deadline: March 31 (for August intake)

4. **Bangchak Scholarships**
   - Available for both Master's and Doctoral students
   - Deadline: March 31 (for August intake)

5. **AIT Scholarships** (including RTG Fellowships)
   - Deadline: June 10 (for August intake)

6. **Other Scholarships**
   - The document mentions ""others"" without specifying names
   - Deadline: March 31 (for August intake)

## **AIT Exchange Scholarships**

""Due to the generous donations of our alumni and business partners, some **AIT Exchange Scholarships** are available for **outgoing exchange students**.""<cite doc=""web_markdown.pdf"" page=""204""/>

These are specifically for AIT students going on exchange to partner universities.

## **Scholarship Eligibility Requirements**

### **English Requirement:**
""Applicants applying for **full scholarships** must submit the English Proficiency Test Score of **6.0 (writing and overall)** score.""<cite doc=""web_markdown.pdf"" page=""209""/>

This is stricter than the general admission requirement (which allows conditional admission with scores as low as 4.5-5.0).

### **Important Restriction:**
""Applicants applying for **1-year Master Degree Programs are not eligible for Scholarships/Fellowships**. However, applicants may seek funding from external sponsors.""<cite doc=""web_markdown.pdf"" page=""207""/>

## **Flexible Master's Option Scholarships**

For the Flexible Master's Option: ""Qualifying applicants will get the AIT Scholarship.""<cite doc=""web_markdown.pdf"" page=""200""/>

## **What the Document DOESN'T Specify**

The document does **not provide details about**:
- Scholarship coverage amounts (full tuition, partial, living expenses, etc.)
- Specific eligibility criteria for each scholarship
- Number of scholarships available
- Country or nationality restrictions
- Academic merit requirements beyond GPA minimums
- Whether scholarships are renewable
- Application procedures for each scholarship type
- Selection criteria

## **Additional Scholarship Mentions**

The document references that there are multiple scholarship options available and mentions that some are donor-funded:<cite doc=""web_markdown.pdf"" page=""204""/>
- Alumni donations
- Business partner donations

## **How to Learn More**

For detailed information about each scholarship, including:
- Coverage amounts
- Eligibility criteria
- Application procedures
- Required documents
- Selection process

**Contact:**<cite doc=""web_markdown.pdf"" page=""206""/>

**Admissions and Scholarships Unit**  
Asian Institute of Technology  
P.O. Box 4, Klong Luang  
Pathumthani 12120, THAILAND  

**Email:** admissions@ait.ac.th  
**Phone:** (662) 524 5024, 31-33

**Or visit:** https://ait.ac.th/financial-aid/<cite doc=""web_markdown.pdf"" page=""206""/>

## **Summary**

AIT offers or facilitates access to **at least 6-7 major scholarship programs**, including:
- Royal scholarships (King's and Queen's)
- Regional scholarships (GMS)
- International development scholarships (ADB-JSP)
- Corporate scholarships (Bangchak)
- Internal AIT scholarships (including RTG Fellowships)
- Exchange scholarships

However, specific details about coverage, eligibility, and application procedures are not included in the document and should be obtained directly from the Admissions and Scholarships Unit.",A,"Generated Answer:

**AIT Facilities & Services Summary**

### **Sport Facilities**
- **Available Sports**: Golf, swimming, basketball, badminton, tennis, table tennis, volleyball,
football, cricket, hockey, running, squash, petanque.
- **Locations**: Multi-purpose field (football, cricket, running track, squash, tennis, badminton,
basketball, volleyball), table tennis room near cafeteria.
- **Swimming Pool**:
  - Located behind AIT Conference Center; restricted to AIT community members (staff, students,
families, visitors).
  - **Hours**: 6:00 AM–7:00 PM (Mon–Sun).
  - **Rules**: No alcohol, food, or loud behavior; women-only hours (Wed 1:00 PM–closing).
- **General Rules**:
  - First-come, first-served; prioritize AIT residents.
  - No slippers, food in facilities; users must register and show AIT ID.

### **Security Services**
- **24/7 Coverage**: 12 security posts, 129 CCTV cameras (academic areas/dorms), 35 in staff
housing.
- **Emergency Response**:
  - Call **02-524-6000** for medical, security, or fire emergencies.
  - Transportation to nearest hospital in medical emergencies.
- **Other Services**: Traffic management, security contingency plans, coordination with
...

**Key Notes**:
- Swimming pool access requires registration and AIT ID verification.
- Security and call center ensure 24/7 support for emergencies and facility requests.
",B,"AIT offers several scholarships for Master's and Doctoral programs, including:  
1. **AIT Alumni Scholarship Fund**: For qualified Master's students facing economic challenges, with a GPA of 2.75 and IELTS 6.0 or equivalent. Applies to the August 2026 intake (deadline: June 10, 2026).  
2. **General Scholarships**: No-bond awards for international students in faculties like Infrastructure, Technology, Resource, Climate Change, Public Policy, and School of Management. Covers tuition costs partially or fully.  
3. **Flexible Program Scholarships**: Competitive awards for working professionals in flexible programs, though coverage is limited.  

Scholarships cover expenses like tuition, books, and living costs but exclude dependents and non-degree-related expenses. Applicants apply via the AIOnline portal, with no separate form required. Additional details can be included in the statement of purpose.",D
What are the criteria to apply for the scholarship of AIT?,"To apply for AIT scholarships, the criteria vary slightly depending on the specific scholarship, but the general requirements include:  

### **General Eligibility Criteria**  
1. **Nationality**: Open to all nationalities.  
2. **English Proficiency**:  
   - IELTS-Academic score of **5.0** (Master’s) or **5.5** (PhD).  
   - For full scholarships, an **IELTS 6.0** or **AIT EET 6.0** (valid within 2 years).  
3. **Academic Background**:  
   - A **four-year Bachelor’s degree** from a recognized university.  
   - For PhD applicants: A **Master’s degree** with a **Cumulative GPA of 3.50** and **2.75** in their undergraduate program (from top universities).  
4. **Admissions Requirements**: Fulfill AIT’s standard admission criteria (e.g., program-specific prerequisites).  

### **Scholarship-Specific Criteria**  
- **AIT Scholarships**:  
  - Automatically considered upon submitting the online application (no separate form).  
  - Full scholarships require an English score of **6.0** (IELTS/EET).  
- **Alumni Scholarship Fund**:  
  - Cumulative GPA of **2.75** or higher.  
  - IELTS 6.0 or AIT EET 6.0.  
- **Prof. Emeritus Madan Mohan Das Memorial Scholarship**:  
  - Maintain a CGPA threshold (specifics vary by program).  
  - Fulfill AIT’s admissions requirements.  

### **Application Process**  
- Apply via the **AIT Online Admission Portal** (no separate scholarship form).  
- Include scholarship preferences in the **Statement of Purpose** (optional, but recommended).  

For deadlines and further details, visit:  
- [AIT Scholarships](https://ait.ac.th/financial/ait-scholarships/)  
- [Alumni Scholarship Fund](https://ait.ac.th/financial/alumni-scholarship-fund/)  
- [Prof. Emeritus Scholarship](https://ait.ac.th/financial/prof-emeritus-madan-mohan-das-memorial-scholarship/)",C,"Based on the document, here's what I can tell you about **scholarship criteria at AIT:**

## **General Requirements Mentioned**

### **1. English Proficiency Requirement**
""Applicants applying for **full scholarships** must submit the English Proficiency Test Score of **6.0 (writing and overall)** score.""<cite doc=""web_markdown.pdf"" page=""209""/>

This means you need:
- **IELTS Academic:** 6.0 overall (writing 6.0)
- **TOEFL iBT:** 80 overall (writing 21-23)
- **AIT-EET:** 6.0
- **PTE Academic:** 52 overall (writing 62-73)

**Note:** This is **stricter** than general admission requirements, which allow conditional admission with lower scores.

### **2. Program Type Restriction**
""Applicants applying for **1-year Master Degree Programs are not eligible for Scholarships/Fellowships**. However, applicants may seek funding from external sponsors.""<cite doc=""web_markdown.pdf"" page=""207""/>

So you must be applying to:
- 2-year Master's programs
- MPhil programs
- Doctoral programs

### **3. Academic Requirements**
While not explicitly stated for scholarships, you must meet the general admission requirements:

**For Master's programs:**<cite doc=""web_markdown.pdf"" page=""206""/>
- Bachelor's degree from an acceptable institution
- Minimum CGPA: 2.75 or equivalent

**For Doctoral programs:**<cite doc=""web_markdown.pdf"" page=""207""/>
- Master's degree (preferably with thesis work)
- Minimum CGPA: 3.50 or equivalent at Master's level
- Research proposal (5-10 pages)
- Two recommendation letters

### **4. ""Qualifying Applicants""**
The document mentions that ""qualifying applicants will get the AIT Scholarship""<cite doc=""web_markdown.pdf"" page=""200""/> for the Flexible Master's Option, but doesn't define what ""qualifying"" means.

## **Scholarship Application Deadlines**<cite doc=""web_markdown.pdf"" page=""205""/>

Different scholarships have different deadlines (for August intake):

| **Scholarship Type** | **Deadline** |
|---|---|
| HM King's and Queen's, GMS | February 28 |
| ADB-JSP, Bangchak, Others | March 31 |
| AIT Scholarships (including RTG Fellowships) | June 10 |

The early deadlines suggest you need to apply **well in advance** of the general admission deadline.

## **What the Document DOESN'T Specify**

The document does **not provide detailed criteria** for:

❌ **Specific eligibility for each scholarship type:**
- King's and Queen's Scholarships
- GMS Scholarships
- ADB-JSP
- Bangchak Scholarships
- RTG Fellowships
- Other AIT internal scholarships

❌ **Selection criteria such as:**
- Nationality or country restrictions
- Financial need requirements
- Specific academic excellence thresholds
- Field of study restrictions
- Age limits
- Work experience requirements
- Leadership or community service requirements
- Research potential assessment

❌ **Application requirements:**
- Additional essays or statements
- Financial documentation
- Letters of recommendation beyond admission requirements
- Interview requirements
- Specific forms or procedures

❌ **Scholarship coverage details:**
- What expenses are covered (tuition, living, travel, etc.)
- Duration of support
- Renewal requirements
- Academic performance requirements to maintain scholarship

## **Strong Recommendation**

Since the document provides **very limited information** about specific scholarship criteria, I **strongly recommend** contacting the Admissions and Scholarships Unit for detailed information:

**Contact Information:**<cite doc=""web_markdown.pdf"" page=""206""/>  
**Admissions and Scholarships Unit**  
Asian Institute of Technology  
P.O. Box 4, Klong Luang  
Pathumthani 12120, THAILAND  

**Email:** admissions@ait.ac.th  
**Phone:** (662) 524 5024, 31-33

**Visit:** https://ait.ac.th/financial-aid/<cite doc=""web_markdown.pdf"" page=""206""/>

### **Questions to Ask:**

1. What are the specific eligibility criteria for each scholarship?
2. Are there nationality restrictions?
3. What documents are required for scholarship applications?
4. What does each scholarship cover (tuition, living expenses, etc.)?
5. How competitive is each scholarship?
6. Can I apply for multiple scholarships?
7. What are the selection criteria and process?
8. Are there minimum GPA or academic excellence requirements beyond admission standards?

## **Summary**

**Confirmed criteria from the document:**
✅ English proficiency: 6.0 (writing and overall)  
✅ Must apply to 2-year programs (not 1-year Master's)  
✅ Must meet general admission requirements  
✅ Early application deadlines (February-June for August intake)

**Need to confirm with AIT:**
- Specific criteria for each scholarship type
- Country/nationality eligibility
- Additional application requirements
- Selection process and competitiveness
- Scholarship coverage details

The Admissions and Scholarships Unit can provide comprehensive information about each scholarship program's specific requirements and application procedures.",D,"Generated Answer:

**AIT Facilities & Services Summary**

### **Sport Facilities**
- **Available Sports**: Golf, swimming, basketball, badminton, tennis, table tennis, volleyball,
football, cricket, hockey, running, squash, petanque.
- **Locations**: Multi-purpose field (football, cricket, running track, squash, tennis, badminton,
basketball, volleyball), table tennis room near cafeteria.
- **Swimming Pool**:
  - Located behind AIT Conference Center; restricted to AIT community members (staff, students,
families, visitors).
  - **Hours**: 6:00 AM–7:00 PM (Mon–Sun).
  - **Rules**: No alcohol, food, or loud behavior; women-only hours (Wed 1:00 PM–closing).
- **General Rules**:
  - First-come, first-served; prioritize AIT residents.
  - No slippers, food in facilities; users must register and show AIT ID.

### **Security Services**
- **24/7 Coverage**: 12 security posts, 129 CCTV cameras (academic areas/dorms), 35 in staff
housing.
- **Emergency Response**:
  - Call **02-524-6000** for medical, security, or fire emergencies.
  - Transportation to nearest hospital in medical emergencies.
- **Other Services**: Traffic management, security contingency plans, coordination with
...

**Key Notes**:
- Swimming pool access requires registration and AIT ID verification.
- Security and call center ensure 24/7 support for emergencies and facility requests.",B,"The criteria to apply for the AIT Alumni Scholarship Fund include:  
1. **Academic Standing**: A cumulative GPA of at least 2.75.  
2. **Language Proficiency**: Passing IELTS-Academic with a score of 6.0 or achieving an AIT EET score of 6.0.  
3. **Admissions Requirements**: Fulfilling AIT’s general admissions entry requirements.  
4. **Program Eligibility**: Open to Master’s students facing economic challenges.  
5. **Scholarship Coverage**: Covers 2–6 credits for the program.  
6. **Deadline**: Applications must be submitted by the August 2026 intake deadline (10 June 2026).  

Applicants apply through the AIOnline admission portal without a separate form, and additional details can be included in the statement of purpose.",A
Are scholarships available for both Master’s and PhD students?,"Yes, scholarships are available for both Master’s and PhD students at Asian Institute of Technology (AIT). Here's a breakdown:

### **Master’s Scholarships**
1. **His Majesty the King’s Scholarships for Master’s Programs**  
   - Awarded to qualified candidates from Asian countries with excellent undergraduate academic records.  
   - Covers tuition, registration fees, accommodation, and a living allowance at AIT’s residential campus.  

2. **Her Majesty the Queen’s Scholarships for Master’s Programs**  
   - Open to Asian nationals pursuing their first Master’s degree in programs offered by the Faculty of Civil and Environmental Engineering (FCEE), Faculty of Advanced Science and Technology (FAST), or School of Management (SOM).  

3. **Research Fellow Program for Public Policy and Asian Study**  
   - Targets PhD students (though explicitly mentioned for PhDs, it may overlap with Master’s eligibility in some cases).  

---

### **PhD Scholarships**
1. **General PhD Scholarships**  
   - Cover tuition, registration fees, accommodation, and a living allowance at AIT’s residential campus for the full 41-month (7-semester) duration.  
   - The non-binding scholarship value is approximately **1.96 million baht** per student.  

2. **Research Fellow Program for Public Policy and Asian Study**  
   - Specifically designed for PhD students, focusing on research in public policy and Asian studies.  

---

### **Key Eligibility Criteria**
- **Master’s**: Strong academic records (GPA ≥ 3.5 or equivalent), English proficiency (IELTS 6.0 or AIT EET ≥ 6.0), and relevant field of study.  
- **PhD**: Equivalent academic requirements, research proposal, and English proficiency.  

For detailed application processes and specific program requirements, refer to AIT’s official scholarship guidelines.",C,"Yes, **scholarships are available for both Master's and PhD students** at AIT.

## **Evidence from the Document**

### **Explicit Mention of Both Levels**

The scholarship deadline information specifically states:

""March 31 is the deadline for other Scholarships (i.e. ADB-JSP, **Bangchak: Master and Doctoral** and others.)""<cite doc=""web_markdown.pdf"" page=""205""/>

This clearly indicates that at least some scholarships, like **Bangchak**, are available for **both Master's and Doctoral students**.

### **Multiple Scholarship Programs**<cite doc=""web_markdown.pdf"" page=""205""/>

**For August Semester Intake:**

| **Scholarship** | **Deadline** | **Eligible Levels** |
|---|---|---|
| HM King's and Queen's, GMS | February 28 | Not specified (likely both) |
| ADB-JSP | March 31 | Not specified (likely both) |
| Bangchak | March 31 | **Explicitly both Master's and Doctoral** |
| AIT Scholarships (including RTG Fellowships) | June 10 | Not specified (likely both) |

## **Important Restrictions**

### **1-Year Master's Programs Are NOT Eligible**

""Applicants applying for **1-year Master Degree Programs are not eligible for Scholarships/Fellowships**. However, applicants may seek funding from external sponsors.""<cite doc=""web_markdown.pdf"" page=""207""/>

So scholarships are available for:
✅ **2-year Master's programs** (MSc, MEng, MA, MBA 2-year)  
✅ **MPhil programs**  
✅ **Doctoral programs** (PhD, DEng, DTechSc, DBA)  

❌ **1-year Master's programs** (MBA 1-year, MSc 1-year, etc.)

## **Common Requirements for All Scholarship Applicants**

### **English Proficiency:**
""Applicants applying for **full scholarships** must submit the English Proficiency Test Score of **6.0 (writing and overall)** score.""<cite doc=""web_markdown.pdf"" page=""209""/>

This applies to **both Master's and PhD** scholarship applicants.

## **Student Assistantships (Additional Funding)**

Student assistantships are also available for both levels:<cite doc=""web_markdown.pdf"" page=""202""/>

**Teaching Assistants:**
- Doctoral and master candidates with GPA of at least 3.50

**Research Assistants:**
- Master's students enrolled for thesis with GPA of at least 2.75 **OR**
- Doctoral students with GPA of at least 3.50

**Staff Assistants:**
- Master students with GPA of at least 3.00

## **Exchange Scholarships**

AIT Exchange Scholarships are available for students (both Master's and PhD) going on exchange to partner universities.<cite doc=""web_markdown.pdf"" page=""204""/>

**Eligibility:** Students must complete two semesters with minimum CGPA of 3.0<cite doc=""web_markdown.pdf"" page=""203""/>

## **Summary**

✅ **YES, scholarships are available for BOTH Master's and PhD students**

**Key points:**
- Multiple scholarship programs support both levels (e.g., Bangchak explicitly mentions both)
- Same English requirement (6.0) for scholarship applicants at both levels
- **Exception:** 1-year Master's programs are NOT eligible for AIT scholarships
- Earlier application deadlines for scholarships (February-June for August intake)
- Student assistantships provide additional funding opportunities for both levels

**For specific scholarship details:**

**Contact:**<cite doc=""web_markdown.pdf"" page=""206""/>  
**Admissions and Scholarships Unit**  
**Email:** admissions@ait.ac.th  
**Phone:** (662) 524 5024, 31-33  
**Visit:** https://ait.ac.th/financial-aid/",A,"Generated Answer:

**Key Information from AIT's Facilities and Services:**

### **1. Office of Facilities and Assets Management (OFAM)**
- Manages sports facilities, security, call center, and campus services.
- **Call Center**:
  - Operates **08:00–17:00** (Thai time), forwarding after-hours calls to security.
  - Contacts: **02-524-5800** (phone), **callcenter@ait.asia** (email).
  - Supports Thai/English; handles service requests for residents and staff (e.g., repairs,
maintenance).
  - **Help Desk** (Internet issues): **02-524-6082** or **helpdesk@ait.asia**.

### **2. Sports Facilities**
- **Multi-purpose field**: Football, cricket, running track, squash, tennis, etc. (Renovated in
2012).
- **Swimming Pool**:
  - Located behind the AIT Conference Center; open **06:00–19:00** (Mon–Sun).
  - Restricted to AIT community members; requires registration and ID verification.
  - **Ladies-only hours**: Wednesdays, 13:00–19:00.
  - No food/alcohol, and strict hygiene rules (e.g., shower before entering).

### **3. Security Services**
- **24/7 Security**:
  - 12 security posts, 129 CCTV cameras (academic areas), 35 (staff housing).
...
- **Medical Clinic**: 02-524-5286 (day), 089-075-4243 (night)
- **Call Center**: 02-524-5800

This summary covers key services, rules, and emergency contacts for AIT campus operations.",B,"Yes, scholarships are available for both Master’s and PhD students. The context mentions scholarships for MA, MS, and MBA programs (Master’s degrees) with a maximum duration of two years. Additionally, it outlines RTG Fellowships for PhD programs, including eligibility criteria and scholarship amounts, confirming support for both Master’s and PhD levels.",D
Do AIT scholarships cover full tuition or only partial tuition?,"AIT Scholarships can cover **full or a portion of tuition fees** for qualified students, as stated in the context. However, students are still responsible for the remaining tuition, registration fees (20,000 Baht per semester), and living expenses. The scholarship amount is determined by the Selection Committee and is fixed upon enrollment, with no changes during the study period. 

For more details: [AIT Scholarships Page](https://ait.ac.th/financial/ait-scholarships/)",C,"Based on the document, I **cannot provide specific details** about whether AIT scholarships cover full tuition, partial tuition, or additional expenses, as this information is **not clearly specified** in the sections I've reviewed.

## **What the Document Does Mention**

### **Reference to ""Full Scholarships""**

The document mentions **""full scholarships""** in this context:

""Applicants applying for **full scholarships** must submit the English Proficiency Test Score of **6.0 (writing and overall)** score.""<cite doc=""web_markdown.pdf"" page=""209""/>

This suggests that:
- At least **some scholarships are ""full scholarships""**
- These require a higher English score (6.0) compared to general admission

However, the document does **NOT specify**:
- Which specific scholarships are ""full"" vs ""partial""
- What ""full scholarship"" covers (tuition only? tuition + living expenses? tuition + living + other costs?)
- Whether partial scholarships exist and what they cover
- The monetary value or coverage percentage of each scholarship

## **Scholarship Programs Mentioned**<cite doc=""web_markdown.pdf"" page=""205""/>

The document lists these scholarships but provides **no coverage details**:
- HM King's and Queen's Scholarships
- GMS Scholarships
- ADB-JSP (Asian Development Bank - Japan Scholarship Program)
- Bangchak Scholarships (Master's and Doctoral)
- AIT Scholarships (including RTG Fellowships)
- AIT Exchange Scholarships

## **Cost Reference for Context**

To understand what scholarships might need to cover, here are the total costs:<cite doc=""web_markdown.pdf"" page=""210""/>

**2-Year Master's Program (Most Faculties):**
- Tuition & Fees: 855,600 Baht
- Living Expenses (22 months): 253,000 - 330,000 Baht
- **Total: ~1,112,400 - 1,189,400 Baht**

**Doctoral Program (3.5 years):**
- Tuition & Fees: 1,495,800 Baht
- Living Expenses (42 months): 483,000 - 630,000 Baht
- **Total: ~1,984,500 - 2,131,500 Baht**

## **What You Need to Find Out**

### **Key Questions to Ask AIT:**

1. Which scholarships are ""full"" and which are ""partial""?
2. What does each scholarship cover?
   - Tuition fees only?
   - Tuition + registration fees?
   - Tuition + living expenses?
   - Tuition + living + medical insurance?
   - Tuition + living + travel/airfare?
3. Are there different scholarship levels (e.g., 100%, 75%, 50% coverage)?
4. Do scholarships cover all semesters or only certain periods?
5. Are there additional stipends for books, research, or conferences?
6. What are the renewal requirements to maintain scholarship funding?

## **How to Get Detailed Information**

**Contact the Admissions and Scholarships Unit:**<cite doc=""web_markdown.pdf"" page=""206""/>

**Admissions and Scholarships Unit**  
Asian Institute of Technology  
P.O. Box 4, Klong Luang  
Pathumthani 12120, THAILAND  

**Email:** admissions@ait.ac.th  
**Phone:** (662) 524 5024, 31-33

**Visit the Financial Aid page:**  
https://ait.ac.th/financial-aid/<cite doc=""web_markdown.pdf"" page=""206""/>

This page likely has detailed information about scholarship coverage that isn't included in the general document.

## **Alternative Funding: Student Assistantships**

In addition to scholarships, AIT offers **student assistantships** that provide payment based on hourly work or monthly stipends:<cite doc=""web_markdown.pdf"" page=""202""/>

- **Teaching Assistants:** 200-300 Baht per hour
- **Non-instructional Teaching Assistants:** 150-250 Baht per hour
- **Research Assistants:** 150-250 Baht per hour
- **Staff Assistants:** 7,500 Baht per month for 20 months

These can supplement scholarship funding or provide financial support if you don't receive a full scholarship.

## **Summary**

**What we know:**
- The term **""full scholarships""** is mentioned, suggesting some scholarships provide comprehensive coverage
- Scholarship applicants need English score of 6.0 (higher than general admission)
- Multiple scholarship programs exist

**What we DON'T know from the document:**
- Specific coverage amounts or percentages for each scholarship
- Whether scholarships are full or partial
- What expenses each scholarship covers
- Whether there are different scholarship tiers

**Recommendation:** Contact the Admissions and Scholarships Unit directly for detailed, up-to-date information about scholarship coverage, as this critical information is not provided in the document.",B,"Generated Answer:

**Key Information from AIT Facilities & Services:**

### **1. Sports Facilities**
- **Available Sports:** Golf, swimming, basketball, badminton, tennis, table tennis, volleyball,
football, cricket, hockey, running, squash, petanque.
- **Locations:**
  - Multi-purpose field (football, cricket, running track, squash, tennis, badminton, basketball,
volleyball).
  - Table tennis room and tennis courts near cafeteria.
  - Swimming pool behind AIT Conference Center (open to AIT community only).
- **Rules:**
  - Operating hours: 6:00 AM–11:00 PM (daily).
  - No slippers/flip-flops; proper attire required.
  - First-come, first-served basis; priority for AIT residents.
  - No food/drinks in facilities (except sitting areas).
  - Lifeguards on duty for swimming pool (open 6:00 AM–7:00 PM).

### **2. Security Services**
- **Contact:** 02-524-6000 (24/7 emergency).
- **Services:**
  - 24/7 patrolling, CCTV (129 in academic areas, 35 in staff housing).
  - Emergency evacuation, traffic management, and medical transport.
  - Coordination with police and neighboring institutions.
...
- **Thammasat Hospital:** 02-926-9999

*Summary: AIT offers diverse sports facilities, 24/7 security, and a call center for service
requests. Emergency contacts include security, medical, and transportation services.*",D,"AIT scholarships can cover **full tuition** or **a portion of tuition** for qualified students, depending on the case. However, students are responsible for the remaining tuition, registration fees (20,000 Baht per semester), and living expenses. The scholarship is a subsidy and does not cover all costs.",A
"Does AIT offer assistantships, fellowships, or on-campus work opportunities as financial support?","AIT offers **assistantships**, **scholarships**, and **on-campus work opportunities** as forms of financial support. Here's a concise breakdown:

1. **Student Assistantships**:  
   - Available as academic employment, requiring application and approval based on academic excellence and faculty referrals.  
   - Students perform tasks for schools, faculty, or departments and receive payment.  
   - Aim to provide practical experience, deepen academic understanding, and build professional networks.  
   - **Website**: [Student Assistantships](https://ait.ac.th/student/student-assistantships/).

2. **Scholarships**:  
   - AIT offers scholarships for Master’s and Doctoral programs, covering part of tuition fees for qualified students.  
   - Additional financial support includes the **Asian Development Bank-Japan Scholarship Program (ADB-JSP)**, which covers expenses like proficiency courses and travel (but not personal expenses or conferences).  
   - Scholarships are limited and awarded based on competitive evaluation.  
   - **Website**: [Scholarships](https://ait.ac.th/financial/ait-scholarships/).

3. **On-Campus Work**:  
   - Assistantships are the primary on-campus work opportunity tied to financial support.  

**Note**: Internship programs are mentioned under career development but are not explicitly tied to financial aid.  

For more details, visit [AIT Scholarships](https://ait.ac.th/financial/ait-scholarships/) or [Student Assistantships](https://ait.ac.th/student/student-assistantships/).",D,"Yes, **AIT offers assistantships and on-campus work opportunities** as financial support for students.

## **Student Assistantships**

AIT has a formal **Student Assistantship program** that provides both work experience and financial compensation.<cite doc=""web_markdown.pdf"" page=""202""/>

### **What is a Student Assistantship?**

""A Student Assistant is a graduate student offered a specific form of academic employment, for which students must apply and be accepted based on **academic excellence and faculty referral**. Student assistants receive payment based on the tasks they perform for schools, faculty members, or departments/units.""<cite doc=""web_markdown.pdf"" page=""202""/>

### **Objective:**
""To provide opportunities to the students to gain practical field experience, deepen academic understanding, and to develop a valuable network of contacts to look to for references and advice post-graduation.""<cite doc=""web_markdown.pdf"" page=""202""/>

## **Four Categories of Assistantships**<cite doc=""web_markdown.pdf"" page=""202""/>

### **1. Teaching Assistants**

**Responsibilities:**
- Support teaching laboratory courses
- Conduct tutorials and discussion sections
- Including bridging courses and English tutorials

**Qualifications:**
- Doctoral and master candidates with **GPA of at least 3.50**
- Teaching background
- Proficiency in English/good communication skills

**Salary:** **200-300 Baht per hour**

### **2. Non-Instructional Teaching Assistants**

**Responsibilities:**
- Aid in instructional functions of the Institute
- NOT involved in oral instruction or e-teaching

**Qualifications:**
- Master's students with **GPA of at least 3.00** OR
- Doctoral candidates with **GPA of at least 3.50**
- Specific skills required for work

**Salary:** **150-250 Baht per hour**

### **3. Research Assistants**

**Responsibilities:**
- Assist faculty and staff with research and data collection
- Work as researchers, technical writers, field assistants

**Qualifications:**
- Master's students enrolled for thesis with **GPA of at least 2.75** OR
- Doctoral students with **GPA of at least 3.50**

**Salary:** **150-250 Baht per hour**

### **4. Staff Assistants**

**Responsibilities:**
- Work in schools and non-school units such as:
  - Secretariat of school
  - Offices
  - Library
  - Registry
  - Admissions
  - Career center
  - Housing

**Qualifications:**
- Master students with **GPA of at least 3.00**
- Needed administrative skills

**Salary:** **7,500 Baht per month for 20 months**
- Working minimum of **50 hours per month**

## **How to Apply for Student Assistantships**<cite doc=""web_markdown.pdf"" page=""202""/>

""Student assistantships are offered through the schools, departments, administration, and various centers of AIT. Application requirements for student assistantships vary by school and as well as by the nature of the task assigned. All Student Assistantship openings will be posted in the **Student Assistantship System (SAS)**, and interested students can apply online. You may also contact your advisor, faculty, and departments for specific academic or research opportunities, which will be also posted in the SAS.""

## **Important Notes**

### **Academic Advisor Approval:**
""Before applying for a student assistantship, you are advised to seek your **Academic Advisor's feedback to ensure approval and credit eligibility**.""<cite doc=""web_markdown.pdf"" page=""203""/>

### **Benefits Beyond Money:**
""Student assistantship is a unique experience during graduate studies. It provides an excellent learning environment, exposing students to what it is like to be in the workforce while providing the added benefit of a financial reward.""<cite doc=""web_markdown.pdf"" page=""202""/>

## **Fellowships**

### **RTG Fellowships**

The document mentions **""RTG Fellowships""** as part of AIT Scholarships:<cite doc=""web_markdown.pdf"" page=""205""/>
- Deadline: June 10 (for August intake)
- Application deadline suggests these are competitive fellowships

### **Fellows of AIT (Research Positions)**<cite doc=""web_markdown.pdf"" page=""207""/>

AIT also offers **fellowship positions** for advanced researchers:

**Post-Doctoral Fellow:**
- For candidates who have completed a doctoral degree from an institution recognized by AIT
- Use Institute research facilities, library, and recreational facilities
- May audit courses with instructor permission

**Research Fellow:**
- For candidates whose qualifications are equivalent to an AIT master's degree student
- Similar privileges to Post-Doctoral Fellows

These are endorsed by School Deans and formally invited by the Vice President for Academic Affairs.

## **Financial Impact: Student Assistantships**

### **Potential Earnings Examples:**

**Teaching Assistant (200-300 Baht/hour):**
- 10 hours/week × 4 weeks = 40 hours/month
- Monthly income: 8,000 - 12,000 Baht

**Staff Assistant:**
- Fixed: **7,500 Baht/month for 20 months**
- Total over period: **150,000 Baht**

**Research Assistant (150-250 Baht/hour):**
- 15 hours/week × 4 weeks = 60 hours/month
- Monthly income: 9,000 - 15,000 Baht

### **Context: Living Costs**
Monthly living expenses at AIT: 11,500-15,000 Baht<cite doc=""web_markdown.pdf"" page=""210""/>

This means assistantships can **significantly offset or even cover living expenses**.

## **Summary**

✅ **YES, AIT offers multiple financial support opportunities:**

**Student Assistantships (4 types):**
1. Teaching Assistants (200-300 Baht/hour)
2. Non-Instructional Teaching Assistants (150-250 Baht/hour)
3. Research Assistants (150-250 Baht/hour)
4. Staff Assistants (7,500 Baht/month)

**Fellowships:**
- RTG Fellowships (part of scholarship programs)
- Post-Doctoral Fellows
- Research Fellows

**Benefits:**
- Financial compensation
- Work experience
- Professional networking
- Academic development
- Can help cover living expenses

**Application:** Through Student Assistantship System (SAS) or by contacting advisors/faculty

**Additional Reference:**
""For further information and other conditions on student assistantship, please refer to the Student handbook""<cite doc=""web_markdown.pdf"" page=""202""/>

These opportunities provide valuable ways to gain experience while earning income to support your studies at AIT.",C,"Generated Answer:

**AIT Facilities & Services Summary**

### **Sports Facilities**
- **Available Sports**: Golf, swimming, basketball, badminton, tennis, volleyball, football,
cricket, etc.
- **Locations**: Multi-purpose field (football, cricket, running track), squash courts, tennis
courts, table tennis room near cafeteria.
- **Swimming Pool**: Located behind AIT Conference Center; open 6:00 AM–7:00 PM, restricted to AIT
community members. **Rules**: No alcohol, proper swimwear, no running or spitting.

### **Security**
- **24/7 Services**: Patrols, CCTV (129 in academic areas, 35 in staff housing), emergency response,
and traffic management.
- **Emergency Contacts**:
  - **Security/Fire/Ambulance**: 02-524-6000
  - **Medical Clinic**: 02-524-5286 (daytime), 089-075-4243 (24/7)
  - **Taxi Service**: 02-524-6300
  - **Thammasat Hospital**: 02-926-9999

### **Call Center**
- **Contact**: 02-524-5800 (phone), callcenter@ait.asia (email).
- **Service Hours**: 08:00–17:00 (Thai/English support). After-hours calls go to Security.
- **Help Desk**: 02-524-6082 (Internet issues), helpdesk@ait.asia.
...
- **Swimming Pool**: No food/alcohol, shower before entering, supervise children.

**Note**: For emergencies or service requests, use the provided contacts and follow the specified",B,"Yes, AIT offers **assistantships**, **scholarships**, and **on-campus work opportunities** as financial support:  
1. **Student Assistantships**: Graduate students can apply for paid academic roles, performing tasks for schools, faculty, or departments, with payments based on their work.  
2. **Scholarships**: Limited financial awards are available for Master's and PhD students, offered on a competitive basis to outstanding applicants.  
3. **On-Campus Work**: Assistantships inherently involve on-campus responsibilities, providing practical experience and financial support.  

Flexible programs do not guarantee full financial support, but scholarships and assistantships are available for full-time students.",A
Can Flexible Master or Doctoral Program receive full financial support?,"No, the Flexible Master or Doctoral Program **does not receive full financial support**. According to the context:  
- **Flexible programs** are designed for working professionals and require students to pay the full fee for registered courses (minimum 2 courses per semester).  
- **Scholarships** are available for qualifying applicants but are not guaranteed to cover full costs. Details about scholarships can be found on the [AIT Scholarships page](https://ait.ac.th/scholarships).  

For more specifics, visit the [Flexible Master’s Option](https://ait.ac.th/study/flexible-masters-option/) or [Flexible PhD Option](https://ait.ac.th/study/flexible-phd-option/) pages.",C,"Based on the document, here's what I can tell you about financial support for **Flexible Master's programs** and **Doctoral programs:**

## **Flexible Master's Option - Scholarships ARE Available**

### **Yes, Scholarships Are Offered**

The document explicitly states:

**Q: ""Can I get a scholarship for the Flexible Master's option?""**

**A: ""Yes, qualifying applicants will get the AIT Scholarship. Of course, if you can find an external scholarship to support yourself, you are more than welcome to take this opportunity during your learning at AIT.""**<cite doc=""web_markdown.pdf"" page=""200""/>

### **Cost Information**

""It cost the same as the traditional full-time master. However, we **provide AIT Scholarships for qualifying applicants**.""<cite doc=""web_markdown.pdf"" page=""200""/>

### **What's NOT Clear**

The document does **NOT specify**:
- What ""qualifying applicants"" means (GPA requirements, nationality, etc.)
- Whether the scholarship is **full or partial**
- What the scholarship covers (tuition only, or tuition + other expenses)
- How competitive the scholarship is
- Application procedures for the scholarship

## **Important Distinction: Flexible vs. 1-Year Programs**

### **Flexible Master's Option ≠ 1-Year Master's**

These are **different program types**:

**Flexible Master's Option:**<cite doc=""web_markdown.pdf"" page=""200""/>
- Same degree as traditional 2-year program
- Can be completed full-time in 2 years OR part-time up to 4 years
- Hybrid learning (online + some on-campus)
- **Scholarships ARE available**

**1-Year Master's Programs:**<cite doc=""web_markdown.pdf"" page=""207""/>
- Accelerated coursework-only programs (no thesis)
- Different from 2-year programs
- **NOT eligible for scholarships/fellowships**

""Applicants applying for 1-year Master Degree Programs are **not eligible for Scholarships/Fellowships**. However, applicants may seek funding from external sponsors.""<cite doc=""web_markdown.pdf"" page=""207""/>

## **Doctoral Programs - Regular (Not Flexible)**

### **Scholarships Available for Doctoral Students**

The document confirms that **doctoral students CAN receive scholarships**:

""March 31 is the deadline for other Scholarships (i.e. ADB-JSP, **Bangchak: Master and Doctoral** and others.)""<cite doc=""web_markdown.pdf"" page=""205""/>

### **No ""Flexible Doctoral Program"" Mentioned**

The document does **NOT mention a ""Flexible Doctoral Program""** option. 

Doctoral programs mentioned include:
- Regular PhD programs (7 semesters, 84 credits)<cite doc=""web_markdown.pdf"" page=""210""/>
- DBA (Doctor of Business Administration) - 3 years<cite doc=""web_markdown.pdf"" page=""210""/>

These appear to be **traditional on-campus programs**, not flexible/hybrid options.

### **Doctoral Scholarship Requirements**

For doctoral scholarships:<cite doc=""web_markdown.pdf"" page=""209""/>
- Must have English proficiency of **6.0 (writing and overall)** for full scholarships
- Must meet admission requirements (Master's degree with CGPA 3.50)<cite doc=""web_markdown.pdf"" page=""207""/>
- Must meet scholarship-specific deadlines (February-June for August intake)<cite doc=""web_markdown.pdf"" page=""205""/>

## **What You Need to Clarify**

### **Key Questions for AIT:**

1. **For Flexible Master's:**
   - What does ""qualifying applicants"" mean specifically?
   - Is the AIT Scholarship for Flexible Master's full or partial?
   - What does it cover (tuition, living expenses, other costs)?
   - What are the selection criteria?
   - How many Flexible Master's scholarships are available?

2. **For Doctoral Programs:**
   - Is there a Flexible Doctoral option available?
   - Which scholarships provide full support vs. partial support?
   - What do doctoral scholarships cover?
   - Can doctoral students combine scholarships with assistantships?

### **Contact Information:**<cite doc=""web_markdown.pdf"" page=""206""/>

**Admissions and Scholarships Unit**  
Asian Institute of Technology  
P.O. Box 4, Klong Luang  
Pathumthani 12120, THAILAND  

**Email:** admissions@ait.ac.th  
**Phone:** (662) 524 5024, 31-33  
**Visit:** https://ait.ac.th/financial-aid/

## **Additional Financial Support Options**

Even if scholarships don't provide full support, students in both programs can supplement funding through:

### **Student Assistantships:**<cite doc=""web_markdown.pdf"" page=""202""/>
- Teaching Assistants: 200-300 Baht/hour
- Research Assistants: 150-250 Baht/hour (Doctoral students need GPA 3.50)
- Staff Assistants: 7,500 Baht/month

### **External Scholarships:**
Both Flexible Master's and Doctoral students can seek external funding sources.

## **Summary**

**Flexible Master's Option:**
✅ **YES, scholarships are available** (""qualifying applicants will get the AIT Scholarship"")  
❓ **Unknown:** Whether it's full or partial support, coverage details, eligibility criteria

**Regular Doctoral Programs:**
✅ **YES, scholarships are available** (multiple programs including Bangchak, ADB-JSP, RTG, etc.)  
❓ **Unknown:** Coverage amounts, whether full or partial  
❌ **No ""Flexible Doctoral Program"" mentioned** in the document

**1-Year Master's Programs (for clarity):**
❌ **NOT eligible** for AIT scholarships/fellowships

**Strong Recommendation:** Contact the Admissions and Scholarships Unit directly to get specific, detailed information about:
- Scholarship coverage amounts (full vs. partial)
- Eligibility criteria for ""qualifying applicants""
- Application procedures
- Whether a Flexible Doctoral option exists

The document confirms scholarships exist for both Flexible Master's and regular Doctoral programs, but doesn't specify the level of financial support provided.",B,"Generated Answer:

The provided context does not mention anything about financial support for Flexible Master or
Doctoral Programs at AIT. Information on welfare, disability support, medical insurance, career
development, and facilities is available, but no details are given regarding full financial support
for these specific programs. Students should consult the university's official resources or contact
the relevant offices for further clarification.",A,"No, the Flexible Master or Doctoral Program does not receive full financial support. The context explicitly states: ""No, our target audience for the flexible programs are the working people... Offering of AIT Scholarship for flexible programs are on a very competitive basis."" While scholarships are available for qualifying applicants, they are not guaranteed and are offered on a competitive basis.",D
Do students have Medical Insurance?,"Yes, all students at Asian Institute of Technology (AIT) are required to have **mandatory standard medical insurance**. The coverage includes:  
- Hospitalization  
- Outpatient treatment  
- Dental care  
- Personal accidents  
- Treatment for COVID-19  

**Exclusions**: Major medical expenses are not covered.  

**Premium Costs**:  
- August semester (5 months): ~฿1,250 (renewed in January of the next year).  
- Annual premium for January/August semesters: ~฿2,500.  

For detailed terms, visit AIT’s [Student Welfare website](https://ait.ac.th/health-wellness/).  

Source: [AIT Admissions Guidelines](https://ait.ac.th/guidelines-for-applicants-who-were-offered-admission/) and [FAQs](https://ait.ac.th/admissions/frequently-asked-questions/).",B,"Yes, **medical insurance is part of the student fees at AIT**, though it appears to be **optional** in some cases.

## **Medical Insurance Fees**

### **Included in Cost Breakdown**<cite doc=""web_markdown.pdf"" page=""210""/>

Medical insurance is listed as part of the total student costs:

| **Program Type** | **Medical Insurance Fee** |
|---|---|---|
| **Master's (2-year)** | 2,500 Baht per year = **5,000 Baht total** (22 months) |
| **Master's (1-year)** | **2,500 Baht** |
| **Doctoral (3.5 years)** | 2,500 Baht per year = **8,750 Baht total** (42 months) |
| **Certificate (1 semester)** | **1,250 Baht** |
| **DBA (3 years)** | **7,500 Baht** |

### **For Business Management Programs:**<cite doc=""web_markdown.pdf"" page=""210""/>

| **Program** | **Medical Fee** |
|---|---|
| PhD Program (7 semesters/42 months) | 8,750 Baht |
| DBA Program (3 years) | 7,500 Baht |
| MBA/MSc (1 year) | 2,500 Baht |
| MBA/MSc (2 years) | 2,500 Baht |

## **Medical Insurance is Optional**

### **For Exchange Students:**<cite doc=""web_markdown.pdf"" page=""209""/>

""Medical fee: **1,250 Baht per semester (optional or provide a copy of international medical insurance)**""

This suggests that:
- Medical insurance through AIT is **optional**
- Students can use their **own international medical insurance** instead
- If you have your own coverage, you may not need to pay the AIT medical fee

### **For Visiting Students:**<cite doc=""web_markdown.pdf"" page=""210""/>

""Medical fee: **1,250 Thai Baht (optional or provide a copy of international medical insurance)**""

Same option applies - you can use your own international coverage.

## **Cost Context**

The medical insurance fee is **relatively affordable**:
- **2,500 Baht per year** = approximately **$70-75 USD per year**
- **1,250 Baht per semester** = approximately **$35-37 USD per semester**

Compared to total program costs of 855,600 - 1,495,800 Baht for degree programs, the medical insurance represents a **very small portion** (less than 1%) of total costs.

## **What the Document DOESN'T Specify**

The document does **NOT provide details** about:
- What the medical insurance covers (hospitalization, outpatient, dental, etc.)
- Coverage limits or deductibles
- Which hospitals or clinics accept the insurance
- Whether it's mandatory or optional for regular degree students (only stated as optional for exchange/visiting students)
- Whether dependents can be covered
- Claim procedures
- Emergency coverage details
- Coverage outside Thailand

## **Practical Information**

### **If You Already Have Insurance:**

If you have **international medical insurance**, you may be able to:
- Submit a copy to AIT
- Potentially opt out of the AIT medical insurance fee
- Confirm this option with the appropriate office

### **Who to Contact:**

The document doesn't specify which office handles medical insurance, but you could contact:

**Admissions and Scholarships Unit** (for pre-enrollment questions):<cite doc=""web_markdown.pdf"" page=""206""/>  
**Email:** admissions@ait.ac.th  
**Phone:** (662) 524 5024, 31-33

Or the **Accommodation Unit** or **Student Affairs** office once enrolled.

## **Summary**

✅ **YES, medical insurance is available for AIT students**

**Key Points:**
- **Fee:** 2,500 Baht per year (approximately $70-75 USD)
- **Optional:** At least for exchange/visiting students, you can use your own international medical insurance instead
- **Affordable:** Less than 1% of total program costs
- **Coverage details:** Not specified in the document

**Recommendations:**
1. **If you have international medical insurance:** Confirm with AIT whether you can use it instead of the AIT plan
2. **If you don't have insurance:** The AIT medical insurance fee is very reasonable
3. **Request details:** Ask AIT for information about what the medical insurance covers, coverage limits, and participating hospitals/clinics

**Contact AIT** for specific details about:
- Coverage scope and limits
- Whether it's optional or mandatory for degree students
- How to submit proof of alternative insurance
- Claim procedures
- Participating healthcare providers

The medical insurance appears to be a standard, affordable component of student fees at AIT, with the flexibility to use your own international coverage if preferred.",D,"Generated Answer:

Based on the provided context, there is no explicit mention of students having medical insurance.
The context outlines services like a 24-hour medical emergency contact number (02-524-5555) and on-
campus medical clinics, but these refer to emergency care and health services rather than insurance
coverage. The absence of specific information about medical insurance for students in the text means
the answer is based solely on the given details.

**Answer:** The context does not provide information about students having medical insurance.",A,"Yes, students at AIT are provided with **free, compulsory standard medical insurance**. This plan covers hospitalization, outpatient treatment, dental care, and personal accident costs. The insurance is part of the standard benefits for all faculty, students, and staff.",C
How can I contact maintenance?,"To contact maintenance at AIT, use these details:  

### **During Working Hours (8:00 AM – 5:00 PM):**  
- **Phone:** 02-524-5800 (Call Center)  
- **Email:** callcenter@ait.asia  
- **Website:** [https://ofam.ait.ac.th/facilities/](https://ofam.ait.ac.th/facilities/)  

### **After Hours or Emergencies:**  
- **Phone:** 02-524-6000 (Security Office)  

### **For Non-Emergency Requests:**  
- Include details like location (building/unit number), request description, and contact info (email/phone) when submitting a service request.  

For specific guidance, visit the [Call Center page](https://ofam.ait.ac.th/campus-services/call-center/).",C,"During Working Hours (8:00 AM - 5:00 PM):
Call: 02-524-5800 web_markdown.pdf p.223

Email: callcenter@ait.asia web_markdown.pdf p.228

Weblink: fms.ait.asia web_markdown.pdf p.228

After Hours (Emergency):
Call Security: 02-524-6000 web_markdown.pdf p.227 (After 5 PM, calls to the Call Center are forwarded to the Security office) web_markdown.pdf p.227

When Making a Service Request, Please Provide:
Precise details of the service requested
Location with room number and building number
Your email ID and phone number for coordination
A picture of the service required web_markdown.pdf p.227
Subject Format:
For Residents: Dorm/house/building and unit number, followed by request details
Example: ""Dorm P-206A: Water leakage in kitchen sink""
For Others: Building name/office area and room number, followed by request details
Example: ""SERD Building room E-220: Lights are not working"" web_markdown.pdf p.228
The Call Center operates all days except AIT official holidays and supports both Thai and English languages.",D,"Generated Answer:

The **Asian Institute of Technology Conference Center (AITCC)** offers modern conference facilities,
accommodations, and dining services for events, meetings, and stays. Key details include:

### **Accommodations**
- **Room Types**: Standard, superior, suites, and 500-seat tiered auditorium.
- **Special Rates**:
  - 25% discount for AIT alumni/students/employees (show ID/certificate).
  - 35% discount for 2–5-month stays; 50% for 6+ months.
- **Cancellation Policies**:
  - 14 days’ notice for visa-exempt guests; 7 days for visa-required guests to avoid fees.

### **Dining**
- **Promotions**:
  - Tuesday International Buffet: 150 THB for students, 185 THB for others.
  - Wednesday/Friday Noodle Buffet: 89 THB for all.
- **Restrictions**: No external food/drinks in auditoriums; allowed in dining areas with approval.

### **Facilities**
- On-campus amenities: Swimming pool, sports courts, shopping, banks, and transport links.
- Business center with 24/7 services (printing, fax, internet).

### **Contact**
- **Reservations**: Email **aitccr@ait.ac.th** or call **02-524-5250**.
- **Dining**: Call **02-524-5256** for bookings.

For events, AITCC provides flexible spaces and support for registration, catering, and logistics.",B,"To contact maintenance at AIT, you can use the following details:  
- **Call Center (Facility Services):** Telephone: 02-524-5800 (available during working hours: 8:00 AM to 5:00 PM).  
- **Email:** callcenter@ait.ac.th  
- **Website:** [fims.ait.asia](http://fims.ait.asia) (for service requests).  

For urgent issues outside working hours, check if other emergency contacts (e.g., Security/Fire/Ambulance: 02-524-6000) apply, but maintenance-specific inquiries should use the above contacts.",A
How can I contact security?,"To contact security at AIT:  
- **Phone:** Call **02-524-6000** for emergencies or non-working hours.  
- **Website:** [Security Services Page](https://ofam.ait.ac.th/campus-maintenance/security/) for details on security protocols and services.  
- **Medical Emergency:** For medical issues, use the **24-hour clinic number** **089-075-4243**.  

For non-emergency requests, use the **Call Center** at **02-524-5800** or email **callcenter@ait.asia**.",B,"Security Contact (24/7 Service):
Phone: 02-524-6000 web_markdown.pdf p.227

This number is available 24 hours a day, 7 days a week, 52 weeks a year including holidays. web_markdown.pdf p.227

What Security Can Help With:
Emergency maintenance requests (after working hours)
Medical emergencies - Transportation to clinic/nearest hospital
Security concerns within the AIT campus
Call center services during non-working hours (after 5 PM)
Fire and ambulance emergencies web_markdown.pdf p.227
Additional Emergency Numbers:
AIT Medical Clinic:
Daytime: 02-524-5286
24 hrs: 089-075-4243
Taxi Service: 02-524-6300
Thammasat Hospital: 02-926-9999
AIT Security + Fire + Ambulance: 02-524-6000 web_markdown.pdf p.227
Security operates from 12 security posts across campus with 24-hour surveillance, patrolling, and CCTV monitoring.",C,"Generated Answer:

To contact security, you can call the 24-hour service number **02-524-6000**. For additional details
or further assistance, visit the provided link: [https://ofam.ait.ac.th/contact-
us/](https://ofam.ait.ac.th/contact-us/).",D,"To contact security at AIT:  
- **Phone**: Call **02-524-6000** (available 24/7 for emergencies, non-working hours, or urgent requests).  
- **Email**: Use **ise@ait.ac.th** (for general inquiries, though the primary contact for security emergencies is the phone number).  
- **Website**: Visit [https://ofam.ait.ac.th/camous-maintenance/security/](https://ofam.ait.ac.th/camous-maintenance/security/) for detailed security services and contact information.  

For emergencies or immediate assistance, prioritize the phone number.",A
Where can I contact if I want to request room cleaning?,"To request room cleaning, you can contact the **Call Center** under the **Office of Facilities and Assets Management (OFAM)**. Here are the details:

- **Phone**: 02-524-5800 (available during working hours: 8:00 AM to 5:00 PM)  
- **Email**: callcenter@ait.ac.th  

For more information or to submit a maintenance request, visit the [OFAM website](https://ofam.ait.ac.th/facilities/). This is the primary channel for cleaning and maintenance requests on campus.",C,"For room cleaning requests, you should contact the Call Center (which handles facility services including cleaning):

Call Center Contact (8:00 AM - 5:00 PM):
Phone: 02-524-5800 web_markdown.pdf p.223

Email: callcenter@ait.asia web_markdown.pdf p.228

Weblink: fms.ait.asia web_markdown.pdf p.228

When Making Your Request:
Please provide:

Precise details of the service requested
Location with dorm/building and unit number
Your email and phone number
Subject format: ""Dorm [Building-Unit]: Room cleaning request""
Example: ""Dorm P-206A: Room cleaning request"" web_markdown.pdf p.228
Standard Cleaning Schedule:
Note that cleaning services are already provided as part of accommodation:

Most dorms: Cleaning 3 times per year web_markdown.pdf p.218
Student Village (Single): Weekly cleaning and linen changes web_markdown.pdf p.220
If you need additional cleaning beyond the standard schedule, contact the Call Center using the information above. After 5 PM, calls are forwarded to Security at 02-524-6000",A,"Generated Answer:

To request room cleaning services, contact the **Office of Facilities and Assets Management** via:
- **Phone**: 02-524-5800 (during business hours: 8:00 AM – 5:00 PM)
- **Email**: callcenter@ait.ac.th

This is the primary contact for maintenance and cleaning requests, as outlined in the ""Maintenance
Request Procedure"" and ""Call Center"" sections.",D,"To request room cleaning, you can contact the **Call Center (Facility Services)** via:  
- **Telephone**: 02-524-5800  
- **Email**: callcenter@ait.asia  

This is the designated channel for facility-related requests, including cleaning services.",B
How to get for CAT-2 Accommodation at AIT?,"To secure **CAT-2 accommodation** at the **Asian Institute of Technology (AIT)**, follow these steps based on the provided guidelines:

### 1. **Confirm Admission**
   - Ensure you have been **accepted as a student** at AIT. Admission is a prerequisite for applying for on-campus housing.

### 2. **Contact the Accommodation Office**
   - Reach out to the **AIT Accommodation Office** via email:  
     **accommodation@ait.ac.th**  
     - Provide details about your admission and request information about CAT-2 housing options.

### 3. **Submit Required Documents**
   - **Medical Report**:  
     - You must submit a **medical report** (as part of the visa application process) **at least two weeks before enrollment**. This is mandatory for all international students.  
     - Details about the medical report requirements are outlined in the guidelines under the **""Medical Insurance""** and **""Health & Wellness""** sections.

### 4. **Complete Visa Arrangements**
   - AIT assists with **Educational Visa (ED)** arrangements through the **Government Relations Unit**. Ensure your visa is processed and extended as needed for your studies.

### 5. **Check Application Deadlines**
   - Apply early, as on-campus accommodation is limited. The **medical report** must be submitted **two weeks before enrollment**, as specified in the guidelines.

### 6. **Visit the Housing Page for Details**
   - For specific details about CAT-2 housing (e.g., room facilities, costs), refer to the official AIT housing page:  
     [https://ait.ac.th/housing/cat-2/](https://ait.ac.th/housing/cat-2/)

### Additional Notes:
- All students are provided with **free medical insurance** covering hospitalization, outpatient care, and personal accidents.
- If CAT-2 housing is unavailable, you may need to explore **off-campus options**, but the accommodation office can guide you.

For further assistance, contact the **AIT Admissions Office** or **Accommodation Office** directly.",D,"Based on the document I've reviewed, I **cannot find specific information about ""CAT-2 Accommodation""** or accommodation categories at AIT.

## **What the Document Shows About Accommodation**

### **General Housing Information:**

The document mentions that AIT offers student housing with a range of costs:<cite doc=""web_markdown.pdf"" page=""210""/>

| **Accommodation Type** | **Cost (Baht/month)** |
|---|---|
| Accommodation (Dormitory, Usually Including Bills) | 2,500 - 7,000 |
| Private Accommodation (bills not included) | 8,000 - 20,000 |

The **wide range in dormitory costs** (2,500 - 7,000 Baht) suggests there may be **different accommodation categories or types**, but specific details about these categories (like CAT-1, CAT-2, CAT-3, etc.) are **not provided** in the admissions document.

### **Student Housing Section:**

The document references a ""Student housing"" section<cite doc=""web_markdown.pdf"" page=""205""/><cite doc=""web_markdown.pdf"" page=""206""/> that likely contains more detailed information about accommodation types, but the specific content is not included in the portions I've reviewed.

## **Contact for Accommodation Information**

### **Accommodation Unit** (Primary Contact)

**Email:** accommodaon@ait.ac.th<cite doc=""web_markdown.pdf"" page=""204""/>

This is the **official office** that handles all student housing matters. Contact them to ask about:
- What ""CAT-2"" accommodation includes
- Differences between accommodation categories (CAT-1, CAT-2, CAT-3, etc.)
- How to apply for CAT-2 specifically
- Availability and eligibility
- Costs and what's included
- Application procedures and deadlines
- Required documents

### **Other Contacts:**

**Admissions Office** (for prospective students):<cite doc=""web_markdown.pdf"" page=""206""/>  
**Email:** admissions@ait.ac.th  
**Phone:** (662) 524 5024, 31-33

They can provide general housing information and direct you to the accommodation office.

## **When to Apply for Accommodation**

### **If You're on Exchange:**

""If you are residing on campus, you may inform the Accommodation Unit of your room arrangement during your exchange period **before you leave the campus**.""<cite doc=""web_markdown.pdf"" page=""204""/>

This suggests you should contact the Accommodation Unit **in advance** to arrange housing.

### **General Process (Likely):**

Based on typical university procedures:
1. **After admission:** You'll receive housing information and application forms
2. **Apply early:** Housing may be allocated on a first-come, first-served basis
3. **Specify preferences:** You can likely request specific accommodation categories
4. **Confirm booking:** Pay any required deposits

## **What You Need to Find Out**

### **Questions to Ask the Accommodation Unit:**

1. **What is CAT-2 accommodation?** (room type, facilities, location)
2. **What's the difference** between CAT-1, CAT-2, CAT-3, etc.?
3. **How much does CAT-2 cost?** (monthly/semester fees)
4. **What's included?** (furniture, utilities, internet, cleaning, etc.)
5. **How do I apply** for CAT-2 specifically?
6. **When is the application deadline?**
7. **What documents are required?**
8. **Is CAT-2 available** for my student category (Master's, PhD, exchange, etc.)?
9. **Can I see photos or floor plans** of CAT-2 rooms?
10. **What's the room capacity?** (single, double, shared)

## **Additional Resources**

### **AIT Student Housing Page:**

Visit: https://ait.ac.th/student-housing/<cite doc=""web_markdown.pdf"" page=""206""/>

This page likely has:
- Detailed information about accommodation categories
- Photos of different room types
- Amenities and facilities
- Application procedures
- Virtual tours or descriptions

### **Student Handbook:**

After enrollment, the Student Handbook will contain comprehensive information about campus housing.<cite doc=""web_markdown.pdf"" page=""202""/>

## **Summary**

**Specific information about ""CAT-2 Accommodation"" is NOT included in the admissions document.**

**To get CAT-2 accommodation:**

1. **Contact the Accommodation Unit:**  
   **Email:** accommodaon@ait.ac.th<cite doc=""web_markdown.pdf"" page=""204""/>

2. **Visit the Student Housing webpage:**  
   https://ait.ac.th/student-housing/

3. **Ask specifically about:**
   - What CAT-2 includes
   - How to apply
   - Costs and availability
   - Application timeline

4. **Apply early** once you're admitted to secure your preferred accommodation category

The Accommodation Unit is your best resource for detailed, up-to-date information about all housing options including CAT-2 and the application process.",B,"Generated Answer:

To obtain **CAT-2 accommodation** at AIT:

1. **Eligibility**: You must be an AIT student enrolled in a program (doctoral, master’s, diploma,
certificate, or special programs).
2. **Application Process**:
   - Register your preference for **CAT-2 dorms** (dorms **E, J, K**) at the **Accommodation
Office**.
   - Allocation is based on a **queue system**; new students are initially assigned via lottery,
while others join the queue for available spots.
   - Check queue status via the **""Student accommodation allocation""** link provided.
3. **Payment**: Monthly rent and utilities are deducted from your salary/stipend, with invoices
visible in the **HRIS/SIS** system.

**Note**: CAT-2 dorms offer **air conditioning**, **cooking facilities**, and **private bathrooms**.
Ensure you meet eligibility criteria and follow the queue process for allocation.",A,"To secure special accommodation for disabled individuals (e.g., wheelchair users or those needing extra space for equipment) at AIT, you can apply through the **AIT Student Housing** process. Here’s how:  

1. **Apply Online**: Visit [AIT Student Housing](https://ait.ac.th/student-housing/) to submit your application.  
2. **Contact Accommodation Office**: Email **accommodation@ait.ac.th** or call **+66-524-5093** for assistance.  
3. **Special Accommodation Details**:  
   - **Non-air-conditioned**: 4 rooms in Dorm C.  
   - **Air-conditioned**: 4 rooms in Dorms X and Y.  

Note: Ensure your medical certificate is submitted at least 2 weeks before enrollment. For other accommodation types (e.g., CAT-2), clarify with the office directly.",C
What is the accommodation office contact of AIT?,"The **Accommodation Office** at AIT can be contacted via email at **accommodation@ait.ac.th**. For more details, visit their webpage: [https://ofam.ait.ac.th/asset-management/accommodation-office/](https://ofam.ait.ac.th/asset-management/accommodation-office/).",A,"Accommodation Manager:all_final.pdf p.224

Name: Mrs. Southtanome Keola
Position: Accommodation Manager
Unit: Office of Facilities and Assets Management (OFAM)
General Contact:all_final.pdf p.224

OFAM Call Center: 5800 (8am to 5pm daily)
Website: https://ofam.ait.ac.th/asset-management/accommodation-office/
Accommodation Queue Status:all_final.pdf p.224

Student and Staff Accommodation Queue: http://www.asdu.ait.ac.th/housing/
For Accommodation Payments:all_final.pdf p.225

Payment should be made at Accommodation Office Cashier
Alternative Contact: Since the document shows the OFAM Call Center number (5800), you can contact them during office hours (8am to 5pm) for accommodation-related inquiries. You can also visit the Accommodation Office in person on campus to register for the accommodation queue.",D,"Generated Answer:

Here's a concise summary of key information from the provided context:

**1. Visa & Registration:**
- International students must complete visa procedures, submit financial documents (e.g., bank
transfers, financial assurance forms), and register for semesters (August/January intakes).
- Registration deadlines: August intake (27 July 2026) and January intake (3 January).
- Payments: Tuition fees are paid per semester in Thai Baht or USD. Late payments incur a 1.5%
monthly penalty.

**2. Orientation:**
- **August 2026 Intake:** Institute-wide orientation on 04 August at Robert B. Banks Auditorium;
school-specific orientations from 05–11 August.
- **January 2027 Intake:** Orientation on 05 January.

**3. Medical Insurance:**
- Mandatory AIT-partner insurance covers hospitalization, outpatient care, and dental treatment but
excludes major expenses.
- Costs: ~฿1,250 for 5 months (August intake), renewed annually (~฿2,500/year).

**4. Scholarships:**
- Scholarship recipients must submit bank account details (Kasikorn/Siam Commercial Bank) for
bursary disbursement (~3 weeks post-registration).
- Minimum personal funds: ~$300 for initial expenses.
...
- Orientation details and updates are available on [AIT’s website](https://ait.ac.th).
- Contact AIT Finance Dept. for payment inquiries: Tel. (66-2) 524-5055 or email jhozine@ait.asia.

This summary covers critical steps for international students preparing to join AIT.
",B,The accommodation office contact at AIT is via email: **accommodation@ait.ac.th** and phone: **+66-524-5093**. These details are provided in the context.,C
What is the rental range for a room in AIT?,"The rental range for rooms in AIT's **conference center accommodation** is **1,200 to 3,300 Thai Baht per month**, depending on the room type. Here's the breakdown:

- **Main Wing Single**: 1,200 Baht  
- **Main Wing Double**: Not explicitly listed, but similar rates likely apply.  
- **SUITE (JASMINE)**: 3,300 Baht (highest listed rate).  
- **ANNEX Single/Double**: 2,000–2,200 Baht.  

For **student housing**, specific rental prices are not detailed in the provided text, but rooms are described as fully furnished with maintenance services. Staff accommodation details mention rental deductions from salaries but no explicit price range.  

**Note**: The listed rates are for conference center rooms, while student/staff housing may have separate pricing structures. For precise details, check AIT's official housing pages or contact their accommodation office.",C,"Let me search for information about housing, accommodation, or rental in the document structure by getting the next parts.
Let me check the last part of the document structure to find information about housing or accommodation.
Great! I found information about AIT accommodation in the document structure. Let me extract the specific pages about room categories and rental prices.
Based on the information from the document, here are the rental ranges for rooms at AIT:

## AIT Room Rental Rates

**Single Rooms:**
- **Cat 1 without AC**: 2,150 THB/month <cite doc=""web_markdown.pdf"" page=""218""/>
- **Cat 1 with AC**: 2,650 THB/month <cite doc=""web_markdown.pdf"" page=""219""/>
- **Cat 3**: 3,050 THB/month <cite doc=""web_markdown.pdf"" page=""219""/>
- **Cat 4**: 3,450 THB/month <cite doc=""web_markdown.pdf"" page=""220""/>

**Shared Accommodation:**
- **Student Village (Single) with AC**: 9,540 THB total (3,150 THB per room) <cite doc=""web_markdown.pdf"" page=""220""/>
- **Student Village (Married) with AC**: 6,350 THB/month <cite doc=""web_markdown.pdf"" page=""220""/>

**Overall Rental Range: 2,150 - 6,350 THB/month** for single occupancy rooms, or **3,150 THB/month** if sharing in Student Village.

The rooms vary in size (18-26.4 sq.m for singles), amenities (AC, water heater, kitchen), and bathroom arrangements (shared or private). All rooms come furnished but linens are not provided.",B,"Generated Answer:

**Key Information for AIT New Students (August 2026 Intake):**

1. **Admission & Visa**:
   - Visa requirements vary by nationality; ensure compliance with Thai immigration rules.
   - Required documents for registration include transcripts, degree certificates, medical
certificates, and bank transfer details.

2. **Registration & Payments**:
   - **In Thailand**: Register in person at the Admissions Unit starting 27 July 2026 (August
Intake) or 3 January (January Intake). Submit original documents and bank transfer receipts.
   - **Overseas**: Program staff will assist with SIS access and course registration via online
platforms.
   - Payment options: Tuition fees can be paid in Thai Baht or USD (subject to exchange rates). Late
payments incur a 1.5% monthly penalty.

3. **Orientation**:
   - **August Intake**: Institute-wide orientation on 04 August 2026 at Robert B. Banks Auditorium;
school-specific sessions from 05–11 August.
   - **January Intake**: Orientation on 05 January 2027.

4. **Medical Insurance**:
   - Mandatory AIT Partners insurance covers hospitalization, outpatient care, dental, and accidents
(not major expenses).
...
- **Registration Deadlines**: 27 July 2026 (August Intake) and 3 January 2027 (January Intake).

For further details, visit [AIT’s admission guidelines](https://ait.ac.th/quidelines-for-applicants-
who-were-offered-admission/).",A,"The rental range for rooms at the AIT Conference Center (AITCC) is as follows:  
- **Single rooms**: 1,200 Baht (Main Wing) to 1,700 Baht (New Wing).  
- **Double rooms**: 1,400 Baht (Main Wing) to 1,900 Baht (New Wing).  
- **Suites**: 3,300 Baht (Jasmine and Lotus Suites).  
- **ANNEX rooms**: 2,000 Baht (Single) to 2,200 Baht (Double).  

These rates exclude VAT (7%) and breakfast (200 Baht per person). Note that these prices apply to conference center accommodations, not student dormitory housing, which is not explicitly priced in the provided context.",D
Is there any room that include personal bathroom and kitchen?,"Yes, there are rooms that include both a personal bathroom and kitchen. Specifically:

1. **Cat 5 Dorms** (e.g., Dorms P1, P2, X11, Y11): These married units have private bathrooms and kitchens. The description mentions ""Kitchen: Yes (Refrigerator, gas stove)"" and ""Bathroom: Private.""

2. **Student Village Married Units** (SV I, II, III): These rooms also feature private bathrooms and kitchens. The text states, ""Kitchen: Yes (Refrigerator, gas stove)"" and ""Bathroom: Private,"" with separate washrooms available throughout the floors.

Other categories like Cat 2 or Cat 4 have private bathrooms but shared kitchens, so they do not fully meet the criteria for both personal bathroom **and** kitchen.",D,"Yes! The **Student Village (Married) with AC** is the only accommodation option that includes both a private bathroom and a kitchen. <cite doc=""web_markdown.pdf"" page=""220""/>

**Student Village (Married) with AC Details:**
- **Rent**: 6,350 THB/month
- **Bathroom**: Private
- **Kitchen**: Yes (includes refrigerator and gas stove)
- **Air-con**: Yes (in SV-III and SV-II units 22 and 23)
- **Water heater**: Yes (in SV-III)
- **Balcony**: Private
- **Furniture**: 2 beds, study tables, chairs, wooden shelves, cupboards, plus living room furniture (dining table, 4 chairs, sofa)

The other room categories either:
- Have a private bathroom but NO kitchen (Cat 1 with AC)
- Have a kitchen but it's SHARED between 2 rooms and bathroom is also shared (Cat 4)
- Have a kitchen but bathroom is shared between 3 rooms (Student Village Single)

So if you need both a personal bathroom and kitchen, the Student Village (Married) with AC is your only option at 6,350 THB/month. <cite doc=""web_markdown.pdf"" page=""220""/>",A,"Here’s a concise summary of key information for international students at AIT (Asian Institute ofTechnology):

### **Visa Requirements**
- Students from specific countries (e.g., India, Pakistan, Bangladesh) must apply for a student visa
and provide proof of financial support (e.g., bank statements).
- Visa application deadlines and required documents vary by nationality. Some may need to attend an
interview.

### **Registration and Payments**
- **In Thailand**: Register in person at the Admissions Unit starting 27 July 2026 (for August
intake) or 3 January (for January intake). Bring original documents (transcripts, degree
certificates, medical certificate).
- **Overseas**: Register online via SIS with assistance from academic staff. First-semester fees
must be paid before arrival; late payments incur a 1.5% monthly interest penalty.
- Payment options: Thai Baht (fixed) or USD (quoted in advance per semester).

### **Medical Insurance**
- Mandatory insurance covers hospitalization, outpatient care, dental, and accidents. Premiums:
~1,250 THB for 5 months (August semester), ~2,500 THB annually.
- Scholarship recipients should consult the Admissions unit if donors cover insurance.

### **Orientation**
...
- **Contact**: AIT Finance Dept. (Tel: +66-2 524-5055; Email: jhozine@ait.asia) for payment queries.

Ensure all deadlines (e.g., August 2026 intake) and requirements are met to avoid registration",B,"Yes, there are rooms that include both a personal bathroom and kitchen. Specifically:  
1. **Student Village Married Rooms (SVII and SVIii)**: Private bathrooms and kitchen facilities (refrigerator, gas stove).  
2. **Cat 5 Rooms**: Private bathrooms, balconies, and kitchens (refrigerator, hot plate).  

Both options provide private bathrooms and kitchen access.",C
,,,,,,,,
,,,,,,,,
,,,,,,,,
,,,,,,,,
,,,,,,,,
,,,,,,,,
,,,,,,,,
,,,,,,,,
,,,,,,,,
,,,,,,,,
,,,,,,,,
,,,,,,,,
,,,,,,,,
,,,,,,,,
,,,,,,,,
,,,,,,,,
,,,,,,,,
,,,,,,,,
,,,,,,,,
,,,,,,,,
,,,,,,,,
,,,,,,,,
,,,,,,,,
,,,,,,,,
,,,,,,,,
,,,,,,,,
,,,,,,,,
,,,,,,,,
,,,,,,,,
,,,,,,,,
,,,,,,,,
,,,,,,,,
,,,,,,,,
