question,generated_answer,gold_answer,chunk_ids,sup_label,sup_confidence,sup_supported,sup_hallucinated,sr,sr_supported,sr_total,sr_pass,tau_support,sr_contradiction_any,gold_label_gold_to_gen,gold_conf_gold_to_gen,gold_label_gen_to_gold,gold_conf_gen_to_gold,gold_correct_bidirectional,gold_correct_any,gold_contradiction_any,evidence,sup_rationale,gold_rationale_gold_to_gen,gold_rationale_gen_to_gold,sr_details_json
What is AIT?,"The Asian Institute of Technology (AIT) is an international, English-speaking postgraduate institution founded in 1959. It is located on a green campus north of Bangkok, Thailand, and operates as a not-for-profit organization. AIT specializes in advanced studies in **engineering, environment, and management**, offering programs that emphasize global connections, innovation in research and teaching, industry relevance, and entrepreneurship. Its mission includes fostering social impact and capacity building while maintaining a reputation as a leading international institution in Asia.","The Asian Institute of Technology (AIT), founded in 1959, is a not-for-profit international English-speaking postgraduate institution located on a green campus north of Bangkok, Thailand.

AIT offers the opportunity to study at an institution in Asia which possesses a global reputation. Going forward, AIT will be stressing its global connections, injection of innovation into research and teaching, its relevance to industry, and its nurturing of entrepreneurship, while continuing to fulfill its social impact and capacity building role. Sitting on a beautiful green campus located just north of Bangkok, Thailand, AIT operates as a multicultural community where a cosmopolitan approach to living and learning is the rule. You will meet and study with people from all around the world.

Today, AIT’s internationally recognized engineering, environment, and management graduates are highly sought after by employers in their home countryand elsewhere. Across many walks of life in Asia, AIT alumni have distinguished themselves as CEO’s of private and state enterprises, as business owners, as well-respected researchers and faculty, and as senior university and government officials.","[""https://www.ait.ac.th/about::c0000"", ""https://www.ait.ac.th/about::c0000"", ""https://ait.ac.th/admissions::c0001"", ""https://ait.ac.th/financial/ait-scholarships::c0001"", ""https://ait.ac.th/financial/ait-scholarships::c0000""]",entails,1.0,1,0,1.0,4,4,1,0.8,0,entails,0.5,entails,0.95,1,1,0,"[rank 1] About - Asian Institute of Technology Home > About About AIT AIT is an international English-speaking postgraduate institution, focusing on engineering, environment, and management studies. In this section About AIT Facts and figures Rankings Leadership People Meet our faculty members Meet our staff members Location Welcome to AIT The Asian Institute of Technology (AIT), founded in 1959, is a not-for-profit international English-speaking postgraduate institution located on a green campus north of Bangkok, Thailand. AIT offers the opportunity to study at an institution in Asia which possesses a global reputation. Going forward, AIT will be stressing its global connections, injection of innovation into research and teaching, its relevance to industry, and its nurturing of entrepreneurship, while continuing to fulfill its social impact and capacity building role

---

[rank 2] About - Asian Institute of Technology Home > About About AIT AIT is an international English-speaking postgraduate institution, focusing on engineering, environment, and management studies. In this section About AIT Facts and figures Rankings Leadership People Meet our faculty members Meet our staff members Location Welcome to AIT The Asian Institute of Technology (AIT), founded in 1959, is a not-for-profit international English-speaking postgraduate institution located on a green campus north of Bangkok, Thailand. AIT offers the opportunity to study at an institution in Asia which possesses a global reputation. Going forward, AIT will be stressing its global connections, injection of innovation into research and teaching, its relevance to industry, and its nurturing of entrepreneurship, while continuing to fulfill its social impact and capacity building role

---

[rank 3] Programs AIT provides students with distinctive opportunities to undertake their studies in rigorous and challenging ways. Each programs requires its own application for participation. Deadlines and notifications The AIT academic year consists of two semesters: January and August

---

[rank 4] AIT Scholarships are a form of financial aid that provides an opportunity for students from all over the world to study together at AIT. It helps subsidize part of the study cost by covering full, or a portion of, tuition for qualified students while the students are responsible for the rest of the tuition, the registration fees (20,000 Baht per semester to maintain student status) and the living expenses (around 11,500‐15,000 Baht per month). Each school has its Selection Committee. The Selection Committee will propose the value of AIT Scholarships grant for each applicant (if eligible) for approval by the School Dean. This AIT Scholarships grant can only be given once before the enrollment and cannot be changed over the entire study period. Eligibility All nationalities; Meeting AIT’s English Proficiency Requirement (i.e

---

[rank 5] AIT Scholarships - Asian Institute of Technology Home > Any nationality > AIT Scholarships AIT Scholarships The Asian Institute of Technology (AIT) in Thailand is offering applicants to its Master’s and Doctoral degree programs an opportunity to qualify for generous academic scholarships. A large number of no-bond AIT Scholarships are available for students applying for postgraduate programs offered at AIT’s School of Engineering and Technology (SET); School of Environment, Resources and Development (SERD); and School of Management (SOM). As Asia’s leading international higher learning institute, the AIT Scholarships are intended to increase the number of skilled international scientists, engineers, and managers required to meet the future challenges of the emerging Asian Economic Community region and beyond. AIT Scholarships are a form of financial aid that provides an opportunity for students from all over the world to study together at AIT",claim_level_sr,,"The Hypothesis directly aligns with the Premise's explicit claims about AIT's founding year, not-for-profit status, international English-speaking postgraduate nature, location, and specialization. Additional details in the Hypothesis (e.g., global reputation, emphasis on innovation, alumni success) are either explicitly stated or logically inferred from the Premise's mission and descriptions.","[{""claim"": ""The Asian Institute of Technology (AIT) is an international, English-speaking postgraduate institution founded in 1959."", ""label"": ""entails"", ""confidence"": 1.0, ""supported"": 1, ""rationale"": ""Premise explicitly states AIT is an international, English-speaking postgraduate institution founded in 1959, matching all claims in the hypothesis.""}, {""claim"": ""It is located on a green campus north of Bangkok, Thailand, and operates as a not-for-profit organization."", ""label"": ""entails"", ""confidence"": 1.0, ""supported"": 1, ""rationale"": ""The premise explicitly states that AIT is a not-for-profit institution located on a green campus north of Bangkok, Thailand, matching both claims in the hypothesis.""}, {""claim"": ""AIT specializes in advanced studies in **engineering, environment, and management**, offering programs that emphasize global connections, innovation in research and teaching, industry relevance, and entrepreneurship."", ""label"": ""entails"", ""confidence"": 1.0, ""supported"": 1, ""rationale"": ""Premise explicitly states AIT focuses on engineering, environment, and management studies, and emphasizes global connections, innovation in research/teaching, industry relevance, and entrepreneurship as key priorities.""}, {""claim"": ""Its mission includes fostering social impact and capacity building while maintaining a reputation as a leading international institution in Asia."", ""label"": ""entails"", ""confidence"": 0.95, ""supported"": 1, ""rationale"": ""Premise explicitly states AIT fulfills its social impact and capacity building role and describes it as Asia's leading international institution with a global reputation, directly supporting the hypothesis.""}]"
Where is AIT located?,"The Asian Institute of Technology (AIT) is located on a green campus north of Bangkok, Thailand. This is explicitly stated in multiple sources, including its official ""About AIT"" section, which describes the campus as situated in Thailand with a focus on engineering, environment, and management studies. Additional context confirms the location near Bangkok, reinforcing this detail.","P.O. Box 4, 58 Moo 9, Km. 42, Paholyothin Highway, Klong Luang, Pathum Thani 12120 Thailand
https://ait.ac.th/about/location/","[""https://www.ait.ac.th/about::c0000"", ""https://www.ait.ac.th/about::c0000"", ""https://ait.ac.th/financial/royal-thai-government-scholarships::c0006"", ""https://ait.ac.th/financial/ais-scholarship::c0004"", ""https://www.ait.ac.th/about::c0001""]",entails,1.0,1,0,1.0,3,3,1,0.8,0,not_enough_info,0.65,not_enough_info,0.95,0,0,0,"[rank 1] About - Asian Institute of Technology Home > About About AIT AIT is an international English-speaking postgraduate institution, focusing on engineering, environment, and management studies. In this section About AIT Facts and figures Rankings Leadership People Meet our faculty members Meet our staff members Location Welcome to AIT The Asian Institute of Technology (AIT), founded in 1959, is a not-for-profit international English-speaking postgraduate institution located on a green campus north of Bangkok, Thailand. AIT offers the opportunity to study at an institution in Asia which possesses a global reputation. Going forward, AIT will be stressing its global connections, injection of innovation into research and teaching, its relevance to industry, and its nurturing of entrepreneurship, while continuing to fulfill its social impact and capacity building role

---

[rank 2] About - Asian Institute of Technology Home > About About AIT AIT is an international English-speaking postgraduate institution, focusing on engineering, environment, and management studies. In this section About AIT Facts and figures Rankings Leadership People Meet our faculty members Meet our staff members Location Welcome to AIT The Asian Institute of Technology (AIT), founded in 1959, is a not-for-profit international English-speaking postgraduate institution located on a green campus north of Bangkok, Thailand. AIT offers the opportunity to study at an institution in Asia which possesses a global reputation. Going forward, AIT will be stressing its global connections, injection of innovation into research and teaching, its relevance to industry, and its nurturing of entrepreneurship, while continuing to fulfill its social impact and capacity building role

---

[rank 3] Kanchana at 02-524-6119, or E-mail: [email protected] Further Inquiries For further inquiries on AIT Admissions Requirements and Procedures, applicants can visit the  AIT Admissions website. You may also contact the following address: Admissions and Scholarships Unit Asian Institute of Technology P.O. Box 4, KlongLuang Pathumthani 12120 THAILAND (662) 524 5024, 31-33 [email protected] ﻿ ﻿ Apply Now For more information Click this link Subscribe to our newsletter Subscribe to our newsletter Follow us on social media We use cookies on our website to give you the most relevant experience by remembering your preferences and repeat visits. By clicking “Accept All”, you consent to the use of ALL the cookies. However, you may visit ""Cookie Settings"" to provide a controlled consent. Cookie Settings Accept All Manage consent Close Privacy Overview This website uses cookies to improve your experience while you navigate through the website

---

[rank 4] Application Deadline for January 2026 Intake:  15 November 2025 Apply here https://admission.ait.ac.th/aoas/Applicant/FirstPage.aspx Further Inquiries For further inquiries on AIT Admissions Requirements and Procedures, applicants can visit the  AIT Admissions website. They may also contact the following address: Admissions and Scholarships Unit Asian Institute of Technology P.O. Box 4, KlongLuang Pathumthani 12120 THAILAND (662) 524 5024, 31-33 [email protected] Subscribe to our newsletter Subscribe to our newsletter Follow us on social media We use cookies on our website to give you the most relevant experience by remembering your preferences and repeat visits. By clicking “Accept All”, you consent to the use of ALL the cookies. However, you may visit ""Cookie Settings"" to provide a controlled consent. Cookie Settings Accept All Manage consent Close Privacy Overview This website uses cookies to improve your experience while you navigate through the website

---

[rank 5] Sitting on a beautiful green campus located just north of Bangkok, Thailand, AIT operates as a multicultural community where a cosmopolitan approach to living and learning is the rule. You will meet and study with people from all around the world. Today, AIT’s internationally recognized engineering, environment, and management graduates are highly sought after by employers in their home countryand elsewhere. Across many walks of life in Asia, AIT alumni have distinguished themselves as CEO’s of private and state enterprises, as business owners, as well-respected researchers and faculty, and as senior university and government officials. Charter of the AIT AIT Enabling Act AIT Bye-Laws What we offer We believe our university is enriched by having students and staff from a wide variety of backgrounds",claim_level_sr,Premise provides address in Pathum Thani (north of Bangkok) but does not explicitly mention 'green campus' or confirm official sources describe it as such.,"Premise confirms AIT is in Thailand near Bangkok but does not mention specific address details like P.O. Box, Moo 9, Km. 42, Paholyothin Highway, Klong Luang, Pathum Thani, or 12120.","[{""claim"": ""The Asian Institute of Technology (AIT) is located on a green campus north of Bangkok, Thailand."", ""label"": ""entails"", ""confidence"": 0.95, ""supported"": 1, ""rationale"": ""Premise explicitly states AIT is located on a green campus north of Bangkok, Thailand in multiple entries.""}, {""claim"": ""This is explicitly stated in multiple sources, including its official \""About AIT\"" section, which describes the campus as situated in Thailand with a focus on engineering, environment, and management studies."", ""label"": ""entails"", ""confidence"": 0.95, ""supported"": 1, ""rationale"": ""The premise explicitly states the campus is located in Thailand (multiple sources) and focuses on engineering, environment, and management studies, matching the hypothesis.""}, {""claim"": ""Additional context confirms the location near Bangkok, reinforcing this detail."", ""label"": ""entails"", ""confidence"": 0.95, ""supported"": 1, ""rationale"": ""Premise explicitly states AIT's location is north of Bangkok, Thailand across multiple entries, confirming the hypothesis' claim.""}]"
When was AIT founded?,"The Asian Institute of Technology (AIT) was founded in **1959**, as explicitly stated in its official ""About AIT"" section. This date is confirmed across multiple sources, including its historical overview, which also details subsequent milestones like its independence from SEATO in 1968 and expansions in the 1970s and 1980s. The founding year remains consistent across all provided context.",founded in 1959,"[""https://www.ait.ac.th/about::c0000"", ""https://www.ait.ac.th/about::c0000"", ""https://ait.ac.th/financial/alumni-scholarship-fund::c0000"", ""https://www.ait.ac.th/about::c0009"", ""https://www.ait.ac.th/about::c0009""]",entails,1.0,1,0,1.0,3,3,1,0.8,0,not_enough_info,0.95,entails,0.95,0,1,0,"[rank 1] About - Asian Institute of Technology Home > About About AIT AIT is an international English-speaking postgraduate institution, focusing on engineering, environment, and management studies. In this section About AIT Facts and figures Rankings Leadership People Meet our faculty members Meet our staff members Location Welcome to AIT The Asian Institute of Technology (AIT), founded in 1959, is a not-for-profit international English-speaking postgraduate institution located on a green campus north of Bangkok, Thailand. AIT offers the opportunity to study at an institution in Asia which possesses a global reputation. Going forward, AIT will be stressing its global connections, injection of innovation into research and teaching, its relevance to industry, and its nurturing of entrepreneurship, while continuing to fulfill its social impact and capacity building role

---

[rank 2] About - Asian Institute of Technology Home > About About AIT AIT is an international English-speaking postgraduate institution, focusing on engineering, environment, and management studies. In this section About AIT Facts and figures Rankings Leadership People Meet our faculty members Meet our staff members Location Welcome to AIT The Asian Institute of Technology (AIT), founded in 1959, is a not-for-profit international English-speaking postgraduate institution located on a green campus north of Bangkok, Thailand. AIT offers the opportunity to study at an institution in Asia which possesses a global reputation. Going forward, AIT will be stressing its global connections, injection of innovation into research and teaching, its relevance to industry, and its nurturing of entrepreneurship, while continuing to fulfill its social impact and capacity building role

---

[rank 3] AIT Alumni Scholarship Fund - Asian Institute of Technology Home > Any nationality > AIT Alumni Scholarship Fund AIT Alumni Scholarship Fund In early January 2021, we launched the first AIT Alumni Scholarship Fund to provide scholarships support to qualified Masters students who face economic challenges. The total amount collected will be distributed amongst the three Schools: School of Engineering & Technology (SET), School of Environment, Resources & Development (SERD), and School of Management (SOM). CRITERIA: 1.Any nationality 2.Any program in the School of Engineering & Technology, (SET)

---

[rank 4] AIT becomes independent of SEATO as an institution of higher learning empowered to grant degrees. 1968 His Majesty King Bhumibol Adulyadej of Thailand graciously presides over the Eighth Annual Graduation in May, the first for the newly named Asian Institute of Technology. 1973 His Majesty King Bhumibol Adulyadej of Thailand graciously presides over the opening of the new campus in Pathumthani in February. 1979 The 20th anniversary is celebrated with a donors meeting. Financial support is provided by 27 governments and over 20 organizations, foundations, and industries. 1984 The Institute marks its 25th anniversary in September with a donors’ meeting, where the 1985-88 Academic Plan is unveiled, aimed at achieving a balance between classical engineering and management fields. The plan emphasizes consolidating thirteen existing priority fields of study and research that meet the criteria of relevance to Asian needs and of practicability

---

[rank 5] AIT becomes independent of SEATO as an institution of higher learning empowered to grant degrees. 1968 His Majesty King Bhumibol Adulyadej of Thailand graciously presides over the Eighth Annual Graduation in May, the first for the newly named Asian Institute of Technology. 1973 His Majesty King Bhumibol Adulyadej of Thailand graciously presides over the opening of the new campus in Pathumthani in February. 1979 The 20th anniversary is celebrated with a donors meeting. Financial support is provided by 27 governments and over 20 organizations, foundations, and industries. 1984 The Institute marks its 25th anniversary in September with a donors’ meeting, where the 1985-88 Academic Plan is unveiled, aimed at achieving a balance between classical engineering and management fields. The plan emphasizes consolidating thirteen existing priority fields of study and research that meet the criteria of relevance to Asian needs and of practicability",claim_level_sr,"The premise states a founding year but does not specify the institution, while the hypothesis explicitly refers to the Asian Institute of Technology (AIT). Without explicit linkage between the premise and AIT, the premise cannot fully support the hypothesis.",Premise explicitly states AIT was founded in 1959 and confirms this date across multiple consistent sources.,"[{""claim"": ""The Asian Institute of Technology (AIT) was founded in **1959**, as explicitly stated in its official \""About AIT\"" section."", ""label"": ""entails"", ""confidence"": 1.0, ""supported"": 1, ""rationale"": ""The premise explicitly states that AIT was founded in 1959 in the 'About AIT' section.""}, {""claim"": ""This date is confirmed across multiple sources, including its historical overview, which also details subsequent milestones like its independence from SEATO in 1968 and expansions in the 1970s and 1980s."", ""label"": ""entails"", ""confidence"": 0.95, ""supported"": 1, ""rationale"": ""Premise confirms AIT's founding in 1959 across multiple sources (ranks 1-2) and details independence from SEATO in 1968 and 1970s/80s expansions in ranks 4-5, matching the hypothesis' claims about confirmed dates and historical milestones.""}, {""claim"": ""The founding year remains consistent across all provided context."", ""label"": ""entails"", ""confidence"": 1.0, ""supported"": 1, ""rationale"": ""All provided contexts explicitly state the founding year of AIT as 1959, showing consistency across all sources.""}]"
What is AIT’s mission and vision?,"The Asian Institute of Technology (AIT)’s **vision** and **mission** are clearly outlined in its official statements:  

### **Vision**  
AIT aims to transform into a ""respectable international graduate institution"" that contributes to Asia’s development. This involves making AIT **more global, innovative, entrepreneurial, and economically relevant**, while leveraging its core strengths in **social impact** and **capacity building**. The vision emphasizes positioning AIT as a leader in advancing sustainable development and integrating Asia into the global economy.  

### **Mission**  
AIT’s mission is to ""develop highly qualified and committed professionals who will play a leading role in the **sustainable development of the region** and its integration into the **global economy**."" This focuses on nurturing leaders capable of addressing regional challenges through education, research, and innovation.  

These goals align with AIT’s broader emphasis on **global connections, industry relevance, entrepreneurship, and social impact**, as highlighted in its programs and initiatives.","AIT (Asian Institute of Technology) aims to be a leading graduate institution for Asia's sustainable development, fostering future leaders through relevant education, research, and problem-solving in technology, engineering, and management, by connecting with industry and promoting innovation for real-world impact. Its mission focuses on developing highly qualified professionals and delivering knowledge to tackle regional and global challenges, while its vision emphasizes regional integration, leadership in advanced education, and impactful solutions for a sustainable future. 
AIT's Vision:
To be a globally recognized leader in advanced education and research, driving sustainable development in Asia.
To be an exemplary institution that integrates the region into the global economy through innovation and partnership. 
AIT's Mission:
To develop future-focused, problem-solving professionals through rigorous education, leveraging diverse expertise.
To provide need-responsive, high-quality education and training in technology, engineering, management, and sustainability.
To generate impactful solutions to societal and industry challenges by applying research and knowledge.
To build strong connections with industry and community partners for knowledge transfer and sustainable development. ","[""https://www.ait.ac.th/about::c0005"", ""https://www.ait.ac.th/about::c0005"", ""https://www.ait.ac.th/about::c0006"", ""https://www.ait.ac.th/about::c0006"", ""https://www.ait.ac.th/about::c0000""]",entails,1.0,1,0,1.0,8,8,1,0.8,0,entails,0.95,entails,0.95,1,1,0,"[rank 1] 2024 International Green Gown Award in the ‘2030 Climate Action’ category for its transformative project, “Net Zero Campus Initiative: A Leap Towards Sustainable Climate Action.” Supported by the UN Environment Programme and Allianz Global Investors, the award celebrates exemplary sustainability efforts in higher education worldwide. Read more at this link . Vision and Mission Vision Transforming AIT to be a respectable international graduate institution whose research and education contribute to the development of Asia, by making AIT more global, more innovative, more entrepreneurial, and more economically relevant–while leveraging on its social impact core strengths. Mission The mission of AIT in the context of the emerging environment is “to develop highly qualified and committed professionals who will play a leading role in the sustainable development of the region and its integration into the global economy”

---

[rank 2] 2024 International Green Gown Award in the ‘2030 Climate Action’ category for its transformative project, “Net Zero Campus Initiative: A Leap Towards Sustainable Climate Action.” Supported by the UN Environment Programme and Allianz Global Investors, the award celebrates exemplary sustainability efforts in higher education worldwide. Read more at this link . Vision and Mission Vision Transforming AIT to be a respectable international graduate institution whose research and education contribute to the development of Asia, by making AIT more global, more innovative, more entrepreneurial, and more economically relevant–while leveraging on its social impact core strengths. Mission The mission of AIT in the context of the emerging environment is “to develop highly qualified and committed professionals who will play a leading role in the sustainable development of the region and its integration into the global economy”

---

[rank 3] Guided by the above clear, timeless vision and mission, the dedicated students, faculty and staff of AIT are set to steer the Institute along its path of becoming: A trailblazer in advanced education in the region, with leadership in IT and new types of multidisciplinary programs An exemplary institution, with an emphasis on academic quality in terms of courses and other aspects of operation A leader in professional development programs A hub for the implementation of regional and transnational research projects, and a research facility for academic professionals

---

[rank 4] Guided by the above clear, timeless vision and mission, the dedicated students, faculty and staff of AIT are set to steer the Institute along its path of becoming: A trailblazer in advanced education in the region, with leadership in IT and new types of multidisciplinary programs An exemplary institution, with an emphasis on academic quality in terms of courses and other aspects of operation A leader in professional development programs A hub for the implementation of regional and transnational research projects, and a research facility for academic professionals

---

[rank 5] About - Asian Institute of Technology Home > About About AIT AIT is an international English-speaking postgraduate institution, focusing on engineering, environment, and management studies. In this section About AIT Facts and figures Rankings Leadership People Meet our faculty members Meet our staff members Location Welcome to AIT The Asian Institute of Technology (AIT), founded in 1959, is a not-for-profit international English-speaking postgraduate institution located on a green campus north of Bangkok, Thailand. AIT offers the opportunity to study at an institution in Asia which possesses a global reputation. Going forward, AIT will be stressing its global connections, injection of innovation into research and teaching, its relevance to industry, and its nurturing of entrepreneurship, while continuing to fulfill its social impact and capacity building role",claim_level_sr,"The premise explicitly details AIT's vision and mission, aligning with the hypothesis' claims about global leadership, sustainable development, industry integration, and professional development. All key elements in the hypothesis are directly supported by the premise's statements.","The premise explicitly states AIT's vision of being a leader in sustainable development and global integration, and its mission to develop professionals for regional/global challenges. The hypothesis rephrases these goals with specific emphasis on education/research/innovation in tech/engineering/management, which are implied by the premise's mention of industry relevance, social impact, and capacity building.","[{""claim"": ""The Asian Institute of Technology (AIT)’s **vision** and **mission** are clearly outlined in its official statements:"", ""label"": ""entails"", ""confidence"": 0.95, ""supported"": 1, ""rationale"": ""The premise explicitly includes sections labeled 'Vision and Mission' with detailed statements about AIT's vision and mission, directly supporting the hypothesis.""}, {""claim"": ""### **Vision**"", ""label"": ""entails"", ""confidence"": 1.0, ""supported"": 1, ""rationale"": ""The premise explicitly states AIT's vision to become a global, innovative, and economically relevant institution, aligning with the hypothesis's focus on Vision.""}, {""claim"": ""AIT aims to transform into a \""respectable international graduate institution\"" that contributes to Asia’s development."", ""label"": ""entails"", ""confidence"": 1.0, ""supported"": 1, ""rationale"": ""The premise explicitly states AIT's vision to transform into a 'respectable international graduate institution' contributing to Asia's development, directly matching the hypothesis.""}, {""claim"": ""This involves making AIT **more global, innovative, entrepreneurial, and economically relevant**, while leveraging its core strengths in **social impact** and **capacity building**."", ""label"": ""entails"", ""confidence"": 0.95, ""supported"": 1, ""rationale"": ""Premise explicitly states AIT's vision to be more global, innovative, entrepreneurial, and economically relevant while leveraging social impact. The hypothesis' claims about capacity building are supported by the premise's mention of AIT's 'capacity building role' in its mission.""}, {""claim"": ""The vision emphasizes positioning AIT as a leader in advancing sustainable development and integrating Asia into the global economy."", ""label"": ""entails"", ""confidence"": 0.95, ""supported"": 1, ""rationale"": ""The hypothesis is directly supported by the mission statement's emphasis on sustainable development and global integration, and the vision's focus on global relevance and economic relevance.""}, {""claim"": ""### **Mission**"", ""label"": ""entails"", ""confidence"": 0.95, ""supported"": 1, ""rationale"": ""The premise explicitly states AIT's mission as developing professionals for sustainable development and global integration, which directly aligns with the hypothesis' focus on mission.""}, {""claim"": ""AIT’s mission is to \""develop highly qualified and committed professionals who will play a leading role in the **sustainable development of the region** and its integration into the **global economy**.\"" This focuses on nurturing leaders capable of addressing regional challenges through education, research, and innovation."", ""label"": ""entails"", ""confidence"": 1.0, ""supported"": 1, ""rationale"": ""The premise explicitly states AIT's mission as 'to develop highly qualified and committed professionals who will play a leading role in the sustainable development of the region and its integration into the global economy,' which directly matches the hypothesis.""}, {""claim"": ""These goals align with AIT’s broader emphasis on **global connections, industry relevance, entrepreneurship, and social impact**, as highlighted in its programs and initiatives."", ""label"": ""entails"", ""confidence"": 1.0, ""supported"": 1, ""rationale"": ""The premise explicitly states AIT's emphasis on global connections, industry relevance, entrepreneurship, and social impact through its vision, mission, and programs, directly supporting the hypothesis.""}]"
What is the rank of AIT?,"The provided documents do not mention the rank of the Asian Institute of Technology (AIT). The context focuses on AIT’s programs, admissions criteria, scholarships, and location, but there is no information about its global or regional rankings (e.g., QS, Times Higher Education, or other ranking systems). To determine AIT’s rank, additional external data would be required.","AIT participated in 12 out of the 17 SDGs this year, securing Top 50 ranks in four SDGs and Top 100 in four others, reflecting the Institute’s commitment to impactful research, inclusive education, and sustainability leadership.

Highlights of AIT’s 2025 Global Rankings:
SDG 2 – Zero Hunger: Ranked 18th
SDG 16 – Peace, Justice and Strong Institutions: Ranked 19th
SDG 17 – Partnerships for the Goals: Ranked 33rd
SDG 1 – No Poverty: Ranked 47th
Additional notable rankings:

SDG 14 – Life Below Water: Ranked 62nd
SDG 8 – Decent Work and Economic Growth: Ranked 80th
SDG 15 – Life on Land: Ranked 96th
SDG 6 – Clean Water and Sanitation: Ranked 98th
AIT is also placed within the:

Top 100–200 for SDGs 10 (Reduced Inequalities) and 12 (Responsible Consumption & Production)
Top 201–300 for SDGs 7 (Affordable & Clean Energy) and 13 (Climate Action)
“This year’s strong performance reflects AIT’s ongoing commitment to sustainability and global engagement,” said AIT President Prof. Pai-Chi Li. “Our progress across key SDGs, particularly in SDG 2, SDG 16, and SDG 17, highlights the meaningful contributions AIT continues to make through education, research, and collaboration.”","[""https://ait.ac.th/financial/royal-thai-government-scholarships::c0006"", ""https://ait.ac.th/financial/ait-scholarships::c0002"", ""https://ait.ac.th/financial/ait-alumni-association-hong-kong-macau-chapter-masters-scholarship::c0001"", ""https://ait.ac.th/financial/ait-scholarships::c0001"", ""https://ait.ac.th/financial/alumni-scholarship-fund::c0001""]",not_enough_info,0.6666666666666666,0,1,0.6666666666666666,2,3,0,0.8,0,contradicts,0.95,not_enough_info,0.95,0,0,1,"[rank 1] Kanchana at 02-524-6119, or E-mail: [email protected] Further Inquiries For further inquiries on AIT Admissions Requirements and Procedures, applicants can visit the  AIT Admissions website. You may also contact the following address: Admissions and Scholarships Unit Asian Institute of Technology P.O. Box 4, KlongLuang Pathumthani 12120 THAILAND (662) 524 5024, 31-33 [email protected] ﻿ ﻿ Apply Now For more information Click this link Subscribe to our newsletter Subscribe to our newsletter Follow us on social media We use cookies on our website to give you the most relevant experience by remembering your preferences and repeat visits. By clicking “Accept All”, you consent to the use of ALL the cookies. However, you may visit ""Cookie Settings"" to provide a controlled consent. Cookie Settings Accept All Manage consent Close Privacy Overview This website uses cookies to improve your experience while you navigate through the website

---

[rank 2] Eligibility All nationalities; Meeting AIT’s English Proficiency Requirement (i.e. IELTS-Academic or AIT EET score of 5.0 or above for Master’s and 5.5 for Doctoral program); Having a four‐year Bachelor’s degree from a recognized university; Having a master’s degree from a recognized university for Ph.D. applicants and should have a Cumulative GPA of 3.50 in their Master’s degree and 2.75 in their undergraduate program from top universities. Deadline for January 2026 Intake: 20 December 2025 Contact : AIT Admissions Office Tel: 02-524 5032, 02-524 5033/5024 Email: [email protected] Subscribe to our newsletter Subscribe to our newsletter Follow us on social media We use cookies on our website to give you the most relevant experience by remembering your preferences and repeat visits. By clicking “Accept All”, you consent to the use of ALL the cookies. However, you may visit ""Cookie Settings"" to provide a controlled consent

---

[rank 3] Any programs Candidate should have a cumulative GPA of at least 2.75 Candidate should pass IELTS with a score of 6.0 or AIT-EET Score of 6.0 Applicant must fulfill the AIT Entry Requirement s Deadline for January 2026 intake:  15 November 2025 Apply here https://admission.ait.ac.th/aoas/Applicant/FirstPage.aspx Further Inquiries For further inquiries on AIT Admissions Requirements and Procedures, applicants can visit the  AIT Admissions website. You may also contact the following address: Admissions and Scholarships Unit Asian Institute of Technology P.O. Box 4, KlongLuang Pathumthani 12120 THAILAND (662) 524 5024, 31-33 [email protected] Subscribe to our newsletter Subscribe to our newsletter Follow us on social media We use cookies on our website to give you the most relevant experience by remembering your preferences and repeat visits. By clicking “Accept All”, you consent to the use of ALL the cookies. However, you may visit ""Cookie Settings"" to provide a controlled consent

---

[rank 4] AIT Scholarships are a form of financial aid that provides an opportunity for students from all over the world to study together at AIT. It helps subsidize part of the study cost by covering full, or a portion of, tuition for qualified students while the students are responsible for the rest of the tuition, the registration fees (20,000 Baht per semester to maintain student status) and the living expenses (around 11,500‐15,000 Baht per month). Each school has its Selection Committee. The Selection Committee will propose the value of AIT Scholarships grant for each applicant (if eligible) for approval by the School Dean. This AIT Scholarships grant can only be given once before the enrollment and cannot be changed over the entire study period. Eligibility All nationalities; Meeting AIT’s English Proficiency Requirement (i.e

---

[rank 5] CRITERIA: 1.Any nationality 2.Any program in the School of Engineering & Technology, (SET). 3.Candidate should have a cumulative GPA of at least 2.75 4.Candidate should pass IELTS-Academic with a score of 6.0 or AIT EET Score of 6.0 5.Applicant must fulfill the AIT Admissions Entry Requirements Scholarships coverage: 2 credits up to 6 credits Deadline for January 2026 Intake: 15 November 2025 Apply here: https://ait.ac.th/apply-online/ Further Inquiries For further inquiries on AIT Admissions Requirements and Procedures, applicants can visit the  AIT Admissions website. You may also contact the following address: Admissions and Scholarships Unit Asian Institute of Technology P.O. Box 4, KlongLuang Pathumthani 12120 THAILAND (662) 524 5024, 31-33 [email protected] Subscribe to our newsletter Subscribe to our newsletter Follow us on social media We use cookies on our website to give you the most relevant experience by remembering your preferences and repeat visits",claim_level_sr,"The premise explicitly lists AIT's rankings in multiple SDGs (e.g., 18th for SDG 2), directly contradicting the hypothesis's claim that the documents do not mention AIT's ranks.","Premise states documents do not mention AIT's rankings, while hypothesis provides specific SDG rankings. The premise does not confirm or deny the accuracy of the rankings in the hypothesis, as it only addresses the absence of information in the provided documents.","[{""claim"": ""The provided documents do not mention the rank of the Asian Institute of Technology (AIT)."", ""label"": ""entails"", ""confidence"": 1.0, ""supported"": 1, ""rationale"": ""The premise contains no information about the rank of AIT, directly supporting the hypothesis that the documents do not mention its rank.""}, {""claim"": ""The context focuses on AIT’s programs, admissions criteria, scholarships, and location, but there is no information about its global or regional rankings (e.g., QS, Times Higher Education, or other ranking systems)."", ""label"": ""entails"", ""confidence"": 0.95, ""supported"": 1, ""rationale"": ""The premise details AIT's programs, admissions criteria, scholarships, and location but contains no mentions of global/regional rankings (e.g., QS, Times Higher Education), directly supporting the hypothesis.""}, {""claim"": ""To determine AIT’s rank, additional external data would be required."", ""label"": ""not_enough_info"", ""confidence"": 1.0, ""supported"": 0, ""rationale"": ""The premise contains no information about AIT's ranking or any external data sources for determining its rank. The hypothesis correctly states that external data would be required, which is not addressed in the premise.""}]"
What is the duration of study?,"The duration of study at the Asian Institute of Technology (AIT) varies depending on the program type:  

1. **Diploma Programs**: These typically take **two semesters (minimum one year)** to complete.  
2. **Certificate Programs**: These range from **two months to one year**, depending on the number of credits enrolled.  
3. **Master’s Programs**:  
   - **Accelerated Option**: Some programs can be completed in **one year (two semesters, ~10 months)**.  
   - **Traditional Option**: Most Master’s programs require **two years** (four semesters).  
   - **Scholarship-Related Durations**: For scholarships, the maximum duration is **two years** for MA, MS, and MBA programs, though some programs (e.g., certain Master’s tracks) may extend up to **22 months**.  

These durations are based on AIT’s official program descriptions and scholarship guidelines. The accelerated Master’s programs allow students to complete coursework in half the time of traditional programs while maintaining the same academic rigor.","2 Year Master’s Degree students normally study for 22 months (enrolled in August Intake) and 24 months (enrolled in January Intake) which includes four semesters, two short breaks and one long break between semesters. Doctoral students study for at least 42 months or seven semesters. 1-year Master, Professional Master Program and the Diploma Programs are at least 12 months or two semesters and the Certificate Program is 5 months or one semester.","[""https://ait.ac.th/program/nanosystems-engineering-nse::c0011"", ""https://ait.ac.th/financial/asian-development-bank-japan-scholarship-program-adb-jsp::c0012"", ""https://ait.ac.th/study/one-year-masters-degree-program::c0002"", ""https://ait.ac.th/financial/daad-scholarship::c0002"", ""https://ait.ac.th/study/one-year-masters-degree-program::c0001""]",entails,0.875,1,0,0.875,7,8,1,0.8,0,contradicts,0.95,not_enough_info,0.65,0,0,1,"[rank 1] Diploma program To qualify for a  Diploma degree, a student must: satisfactorily completes at least 24 credits of coursework, that may include 3 credits of special study maintain a final cumulative grade point average (CGPA) of not less than 2.75 out of 4.00. pass an oral examination covering the whole program, administered by the Program Committee. Duration: A Diploma degree typically covers two (2) semesters or a minimum of one (1) year. Certificate Program This is a non-degree certificate that a student receives upon successfully completing 3 to 21 credits coursework. A Certificate is intended mainly for students/professionals requiring relatively brief periods of education in specific focused areas to boost their career advancement. Duration: A Certificate program typically covers from two (2) months to one (1) year depending upon the number of credits registered by the student. For details, please use the Contact Us link below

---

[rank 2] The maximum duration of the scholarship award is two years for the MA, MS, & MBA programs. Remarks: The Government of Japan has made clear that it would support only up to 2 years, consistent with similar assistance that it is providing through other international development institutions. A. Renewal of Scholarships The initial scholarship period is one year. An appropriate extension for the second year of study shall be conditional on the scholar’s maintaining a satisfactory level of performance as determined by AIT. Extension of scholarships will not be allowed, in principle, beyond the two-year period. Scholarships maybe suspended for a maximum of twelve months or two semesters, if deemed necessary for valid reasons such as health or family reasons. The total number of scholarship awards is reviewed and set yearly by ADB

---

[rank 3] OBTAIN SAME COUREWORK KNOWLEDGE AS THOSE TAKING REGULAR/TRADITIONAL MASTERS PROGRAMS: At AIT, students taking the accelerated option sit in the same classes at those taking two years programs. The only difference is that regular Master’s Programs include thesis, internship, exchange and ‘minors’ options (note: for those who might want to complete a PhD in the future, completion of a research thesis when completing a Master’s is a highly recommended path). AIT Programs that can be completed in two semesters (10 months) Please click on the link to find out more information about each program

---

[rank 4] clearly show motivation and strong commitment. have a thorough command of written English (IELTS or AIT-EET 6.0 or above). See http://bit.ly/ait-eng-req must fulfill AIT online admission requirements. Applicants must apply to http://bit.ly/ait-admission and pay the processing fee Female applicants and candidates from less privileged regions or groups are especially encouraged to apply. Duration and Commencement Scholarships are awarded for the duration of the standard period of study for the chosen programme (up to a maximum of 22 months). Please state the entire period for which you wish to apply for a scholarship in your application. For example, if you are planning a 2-year degree programme, you must directly communicate two years as the desired scholarship duration in your application. After the first year of study, your academic achievements will be assessed in a further funding procedure

---

[rank 5] Students apply themselves intensively but for only half the time than students who follow a more traditional path on regular programs RETURN TO WORK/ENTER JOB MARKET EARLIER THAN COMPETITORS Reducing the amount of time required to earn a master’s degree allows graduates to re-enter the job market twelve months earlier that those that complete a graduate degree that follows a two year traditional format. This gives one-year degree candidates a jump start on the competition who who will complete their degree in two years. SAVE MONEY: Reducing the time required to earn a degree, reduces the costs associated with the degree. OBTAIN SAME COUREWORK KNOWLEDGE AS THOSE TAKING REGULAR/TRADITIONAL MASTERS PROGRAMS: At AIT, students taking the accelerated option sit in the same classes at those taking two years programs",claim_level_sr,"The hypothesis claims accelerated Master’s programs can be completed in 10 months (shorter than the 12-month 1-year Master’s in the premise), which directly contradicts the premise’s explicit duration of 12 months for 1-year Master’s programs.","Premise specifies traditional Master’s programs take two years (24 months), but Hypothesis claims 22/24 months with specific breaks not mentioned. Doctoral program duration is entirely unaddressed. Hypothesis also adds details about Professional Master and Certificate Program durations not fully supported by Premise.","[{""claim"": ""The duration of study at the Asian Institute of Technology (AIT) varies depending on the program type:"", ""label"": ""entails"", ""confidence"": 1.0, ""supported"": 1, ""rationale"": ""Premise explicitly states varying durations for Diploma (1 year), Certificate (2 months-1 year), accelerated Master’s (10 months), and regular Master’s (2 years), directly supporting the hypothesis that duration varies by program type.""}, {""claim"": ""**Diploma Programs**: These typically take **two semesters (minimum one year)** to complete."", ""label"": ""entails"", ""confidence"": 0.95, ""supported"": 1, ""rationale"": ""The premise explicitly states that Diploma programs typically cover two semesters or a minimum of one year, directly matching the hypothesis's claim.""}, {""claim"": ""**Certificate Programs**: These range from **two months to one year**, depending on the number of credits enrolled."", ""label"": ""entails"", ""confidence"": 0.95, ""supported"": 1, ""rationale"": ""Premise explicitly states Certificate programs range from two months to one year based on credit hours, matching the hypothesis exactly.""}, {""claim"": ""**Master’s Programs**:"", ""label"": ""entails"", ""confidence"": 0.95, ""supported"": 1, ""rationale"": ""The Premise explicitly states that accelerated Master’s programs at AIT provide the same coursework as regular programs, directly supporting the Hypothesis.""}, {""claim"": ""**Accelerated Option**: Some programs can be completed in **one year (two semesters, ~10 months)**."", ""label"": ""entails"", ""confidence"": 1.0, ""supported"": 1, ""rationale"": ""Rank 3 explicitly states that some programs can be completed in two semesters (10 months), which matches the hypothesis' claim of one year (two semesters, ~10 months).""}, {""claim"": ""**Traditional Option**: Most Master’s programs require **two years** (four semesters)."", ""label"": ""not_enough_info"", ""confidence"": 0.75, ""supported"": 0, ""rationale"": ""Premise mentions accelerated programs take 1 year (2 semesters) and traditional programs take longer, but does not explicitly state that most Master’s programs are traditional or require 2 years. The hypothesis generalizes to 'most' programs without sufficient data.""}, {""claim"": ""**Scholarship-Related Durations**: For scholarships, the maximum duration is **two years** for MA, MS, and MBA programs, though some programs (e.g., certain Master’s tracks) may extend up to **22 months**."", ""label"": ""entails"", ""confidence"": 0.95, ""supported"": 1, ""rationale"": ""Premise explicitly states two-year max for MA/MS/MBA scholarships (rank 2) and mentions 22-month duration for scholarships in rank 4, aligning with hypothesis's claim about two-year max and 22-month extension for some Master’s tracks.""}, {""claim"": ""These durations are based on AIT’s official program descriptions and scholarship guidelines."", ""label"": ""entails"", ""confidence"": 1.0, ""supported"": 1, ""rationale"": ""The premise explicitly states durations for programs and scholarships as part of AIT's official descriptions and guidelines, directly supporting the hypothesis.""}]"
What academic programs and courses does AIT offer?,"The Asian Institute of Technology (AIT) offers a diverse range of academic programs and courses, primarily focused on **engineering, environment, and management**, with an emphasis on global relevance, innovation, and sustainability. Here’s a structured overview based on the provided context:

---

### **1. Degree Programs**  
- **Master’s Degrees**:  
  - **MBA** (Master of Business Administration)  
  - **MEng** (Master of Engineering)  
  - **MSc** (Master of Science)  
  - **Executive Master Programs** (e.g., tailored for working professionals).  
  - **Specialized Tracks**: Such as the **Professional Master in Environment, Social, and Governance (ESG)**, which combines online and in-person instruction with practical exposure.  

- **Doctoral Degrees**:  
  - **DEng** (Doctor of Engineering)  
  - **DTechSc** (Doctor of Technology Science)  
  - **PhD** (Doctor of Philosophy)  
  - **DBA** (Doctor of Business Administration).  

- **Non-Degree Programs**:  
  - **Certificate Programs**: Short-term courses (2 months to 1 year) covering specific skills or topics.  
  - **Intensive English & Academic Bridging Programs**: Designed to prepare international students for advanced studies.  
  - **Non-Degree Continuing Education Courses**: For professional development and lifelong learning.  

---

### **2. Areas of Specialization**  
AIT’s programs emphasize three core domains:  
- **Engineering**: Focus on technological innovation and industry applications.  
- **Environment**: Addressing sustainability, climate change, and resource management.  
- **Management**: Combining business strategies with social impact and global economics.  

Examples include the **ESG program**, which integrates environmental, social, and governance frameworks into management practices.

---

### **3. Teaching Models**  
- **Hybrid Multi-Modal Approach**: Combines **online and in-class instruction** to accommodate diverse learning needs.  
- **Practical Exposure**: Emphasis on real-world applications through internships, research, and industry partnerships.  

---

### **4. Additional Offerings**  
- **Education for SDGs (Sustainable Development Goals)**: Programs aligned with global sustainability targets.  
- **Student Opportunities**: Includes internships, international exchange programs, and assistantships to enhance academic and professional growth.  

---

### **Key Notes**  
- **Program Durations**: Vary by type (e.g., 1 year for accelerated Master’s, 2 years for traditional programs).  
- **Admissions**: Each program has its own application process and deadlines.  

This structure reflects AIT’s mission to cultivate leaders capable of driving sustainable development and regional integration through education and research.","The Asian Institute of Technology (AIT) offers a wide range of graduate-level academic programs and courses, primarily at the Master’s and Doctoral (PhD) levels. These programs are designed to address regional and global challenges through advanced education, research, and practical application.

Academic Programs at AIT

AIT’s programs are organized under three main schools, each offering multiple fields of study:

1. School of Engineering and Technology (SET)

Data Science and Artificial Intelligence

Computer Science

Information and Communications Technologies

Civil and Infrastructure Engineering

Environmental Engineering and Management

Electrical and Electronic Engineering

Mechanical, Industrial, and Manufacturing Engineering

2. School of Management (SOM)

Business Administration (MBA)

Management of Technology

International Business

Finance

Marketing

Entrepreneurship and Innovation

3. School of Environment, Resources and Development (SERD)

Sustainable Development

Environmental Management

Energy and Climate Change

Agricultural Systems and Engineering

Urban Environmental Management

Courses and Study Structure

Programs typically include core courses, electives, and either a thesis, research project, or capstone.

Courses are taught in English.

Both research-oriented and coursework-based options are available, depending on the program.

Some programs are interdisciplinary, drawing courses from multiple schools.

Additional Academic Offerings

Doctoral (PhD) programs with strong research focus

Short courses, professional training, and executive education (program-dependent)","[""https://ait.ac.th/admissions::c0001"", ""https://www.ait.ac.th/about::c0002"", ""https://www.ait.ac.th/about::c0002"", ""https://ait.ac.th/academics/student-opportunities::c0000"", ""https://ait.ac.th/program/professional-master-in-environment-social-and-governance-esg::c0003""]",not_enough_info,0.625,0,1,0.625,5,8,0,0.8,0,not_enough_info,0.75,entails,0.95,0,1,0,"[rank 1] Programs AIT provides students with distinctive opportunities to undertake their studies in rigorous and challenging ways. Each programs requires its own application for participation. Deadlines and notifications The AIT academic year consists of two semesters: January and August

---

[rank 2] Charter of the AIT AIT Enabling Act AIT Bye-Laws What we offer We believe our university is enriched by having students and staff from a wide variety of backgrounds. Higher education should be open to everyone who has the ability and potential to benefit from it Masters degrees MBA, MEng, MSc Executive Master Degree Programs Doctoral Degrees DEng, DTechSc, PhD, DBA Certificate and Special Program Intensive English & academic bridging program Non-degree continuing education courses Education for SDGs Awards and Recognition 1987 Science and Technology for Development Award presented to AIT by the United States Agency for International Development and the National Research Council for effectively transferring industrial technology and skills to the developing world, by training scientists and engineers from Asian countries

---

[rank 3] Charter of the AIT AIT Enabling Act AIT Bye-Laws What we offer We believe our university is enriched by having students and staff from a wide variety of backgrounds. Higher education should be open to everyone who has the ability and potential to benefit from it Masters degrees MBA, MEng, MSc Executive Master Degree Programs Doctoral Degrees DEng, DTechSc, PhD, DBA Certificate and Special Program Intensive English & academic bridging program Non-degree continuing education courses Education for SDGs Awards and Recognition 1987 Science and Technology for Development Award presented to AIT by the United States Agency for International Development and the National Research Council for effectively transferring industrial technology and skills to the developing world, by training scientists and engineers from Asian countries

---

[rank 4] Student opportunities - Asian Institute of Technology Home > Academics > Student opportunities Student opportunities Once you are officially admitted to a our programs at AIT, you can enjoy these many opportunities. In this section Academic calendar Academic Programs / Areas of Specialization Study options Student opportunities Faculties Student Assistantships Assistantships Student International Exchange International Exchange Program Student Internships Internships Career Center Career Center Academics Academic calendar Academic Programs / Areas of Specialization Study options Student opportunities Faculties Subscribe to our newsletter Subscribe to our newsletter Follow us on social media We use cookies on our website to give you the most relevant experience by remembering your preferences and repeat visits. By clicking “Accept All”, you consent to the use of ALL the cookies. However, you may visit ""Cookie Settings"" to provide a controlled consent

---

[rank 5] Students benefit from AIT’s hybrid multi-modal teaching model that combines online and in-class instruction with extensive practical exposure. Apply Now For more information [email protected] Subscribe to our newsletter Subscribe to our newsletter Follow us on social media We use cookies on our website to give you the most relevant experience by remembering your preferences and repeat visits. By clicking “Accept All”, you consent to the use of ALL the cookies. However, you may visit ""Cookie Settings"" to provide a controlled consent. Cookie Settings Accept All Manage consent Close Privacy Overview This website uses cookies to improve your experience while you navigate through the website. Out of these, the cookies that are categorized as necessary are stored on your browser as they are essential for the working of basic functionalities of the website. We also use third-party cookies that help us analyze and understand how you use this website",claim_level_sr,"The premise lists general program areas (engineering, environment, management) and degree levels (Master’s, PhD) but does not explicitly mention specific degree abbreviations (e.g., MEng, DEng), hybrid teaching models, or the exact ESG program name in the hypothesis. While some claims align with the premise, others require assumptions beyond the provided information.","The premise explicitly lists Master’s and Doctoral programs (MBA, MEng, PhD, etc.) and emphasizes global relevance, sustainability, and practical application through internships/research. These align with the hypothesis’ claims about graduate-level programs addressing regional/global challenges via education/research/practical application.","[{""claim"": ""The Asian Institute of Technology (AIT) offers a diverse range of academic programs and courses, primarily focused on **engineering, environment, and management**, with an emphasis on global relevance, innovation, and sustainability."", ""label"": ""not_enough_info"", ""confidence"": 0.65, ""supported"": 0, ""rationale"": ""Premise lists degrees like MBA, MEng, PhD, and mentions SDGs/development, but does not explicitly state focus on engineering, environment, management, or specific emphases on global relevance, innovation, and sustainability.""}, {""claim"": ""Here’s a structured overview based on the provided context:"", ""label"": ""not_enough_info"", ""confidence"": 1.0, ""supported"": 0, ""rationale"": ""The Hypothesis is not clearly defined in the provided context, making it impossible to determine entailment or contradiction.""}, {""claim"": ""### **1."", ""label"": ""not_enough_info"", ""confidence"": 0.0, ""supported"": 0, ""rationale"": ""Hypothesis is missing""}, {""claim"": ""Degree Programs**"", ""label"": ""entails"", ""confidence"": 0.95, ""supported"": 1, ""rationale"": ""Premise explicitly lists Masters, Doctoral, and Executive Master Degree Programs, directly supporting the hypothesis.""}, {""claim"": ""**Master’s Degrees**:"", ""label"": ""entails"", ""confidence"": 0.95, ""supported"": 1, ""rationale"": ""Premise explicitly lists 'Masters degrees MBA, MEng, MSc Executive Master Degree Programs' in multiple sections, directly supporting the hypothesis about Master’s Degrees.""}, {""claim"": ""**MBA** (Master of Business Administration)"", ""label"": ""entails"", ""confidence"": 0.95, ""supported"": 1, ""rationale"": ""Premise explicitly lists MBA as one of the Masters degrees offered by AIT in multiple sections (rank 2 and 3), directly supporting the hypothesis.""}, {""claim"": ""**MEng** (Master of Engineering)"", ""label"": ""entails"", ""confidence"": 1.0, ""supported"": 1, ""rationale"": ""Premise explicitly lists MEng as a master's degree program under 'What we offer' in ranks 2 and 3.""}, {""claim"": ""**MSc** (Master of Science)"", ""label"": ""entails"", ""confidence"": 0.95, ""supported"": 1, ""rationale"": ""Premise explicitly lists MSc as one of the Master's degrees offered at AIT.""}]"
Which schools or faculties at AIT offer each academic program?,"The provided documents do not specify which **schools or faculties** at AIT offer each academic program. While AIT’s programs are categorized under three core domains—**engineering, environment, and management**—the exact organizational structure (e.g., named faculties or schools) is not detailed in the context. 

For example:
- **Master’s programs** (e.g., MBA, MEng, MSc) and **doctoral programs** (e.g., DEng, PhD) are mentioned, but no direct link to specific faculties is provided.
- **Non-degree programs** (e.g., certificate courses, English bridging programs) are listed, but again, no faculty attribution is given.

The context emphasizes AIT’s focus areas and program types but does not clarify the internal academic structure (e.g., whether these programs are offered by separate faculties or integrated across departments). To answer this question definitively, additional information about AIT’s organizational structure would be required.","Academic Programs and Their Schools at AIT
School of Engineering and Technology (SET)

Offers engineering, technology, and related programs, including:

Departments and Programs:

Department of Civil and Infrastructure Engineering

Construction, Engineering and Infrastructure Management

Geotechnical and Earth Resources Engineering

Structural Engineering

Transportation Engineering

Water Engineering and Management

Department of Industrial Systems Engineering

Bio-Nano Material Science and Engineering

Mechatronics and Machine Intelligence

Industrial and Manufacturing Engineering

Medical Engineering

Department of Information and Communication Technologies

Computer Science

Data Science and Artificial Intelligence

Information & Communications Technologies

Information Management

Internet of Things (IoT) Systems Engineering

Remote Sensing and Geographic Information Systems

Telecommunications
(Source: Official AIT program pages)

Additionally, SET also offers Professional Master’s programs in technical and engineering specialties, such as professional data science, construction, and geotechnical engineering.

School of Environment, Resources and Development (SERD)

Focuses on sustainable development, environment, agriculture, and energy programs:

Departments and Programs:

Department of Food, Agriculture and Natural Resources

AgriBusiness Management

Agricultural Systems & Engineering

Aquaculture and Aquatic Resources Management

Food Engineering and Bioprocess Technology

Food Innovation, Nutrition and Health

Natural Resources Management

Department of Energy and Climate Change

Climate Change and Sustainable Development

Sustainable Energy Transition

Department of Development and Sustainability

Development and Sustainability

Development Planning Management and Innovation

Gender and Development Studies

Urban Innovation and Sustainability
(Source: Official AIT program pages)

SERD also participates in inter-school programs jointly offered with other schools.

School of Management (SOM)

Focuses on business, management, and related fields:

Programs:

Master of Business Administration (MBA)

Business Analytics and Digital Transformation (MSc)

International Finance (MSc)

Digital Marketing (MSc)

Environmental, Social and Governance (Professional Master)
(These offerings reflect the main management programs; curricula may vary by term.)

SOM also offers professional and executive programs in finance, banking, and entrepreneurship.

Joint / Inter-School Academic Programs

Some programs combine expertise from multiple schools:

Disaster Preparedness, Mitigation, and Management (SET + SERD)

Urban Water Engineering & Management (SET + SERD)

Water Security and Global Change (SET + SERD)

Social Business and Entrepreneurship (SERD + SOM)
(Source: Various listings including combined program sections)

Doctoral Programs

Doctoral (PhD and DBA) programs are also offered through the same schools:

SET: Advanced engineering and technology research fields

SERD: Environment, development, and sustainability research

SOM: Business and management research (PhD / DBA)
(Source: archived doctoral listings)","[""https://ait.ac.th/admissions::c0001"", ""https://www.ait.ac.th/about::c0002"", ""https://www.ait.ac.th/about::c0002"", ""https://ait.ac.th/academics/student-opportunities::c0000"", ""https://ait.ac.th/admissions::c0000""]",not_enough_info,0.2857142857142857,0,1,0.2857142857142857,2,7,0,0.8,0,contradicts,0.95,contradicts,0.95,0,0,1,"[rank 1] Programs AIT provides students with distinctive opportunities to undertake their studies in rigorous and challenging ways. Each programs requires its own application for participation. Deadlines and notifications The AIT academic year consists of two semesters: January and August

---

[rank 2] Charter of the AIT AIT Enabling Act AIT Bye-Laws What we offer We believe our university is enriched by having students and staff from a wide variety of backgrounds. Higher education should be open to everyone who has the ability and potential to benefit from it Masters degrees MBA, MEng, MSc Executive Master Degree Programs Doctoral Degrees DEng, DTechSc, PhD, DBA Certificate and Special Program Intensive English & academic bridging program Non-degree continuing education courses Education for SDGs Awards and Recognition 1987 Science and Technology for Development Award presented to AIT by the United States Agency for International Development and the National Research Council for effectively transferring industrial technology and skills to the developing world, by training scientists and engineers from Asian countries

---

[rank 3] Charter of the AIT AIT Enabling Act AIT Bye-Laws What we offer We believe our university is enriched by having students and staff from a wide variety of backgrounds. Higher education should be open to everyone who has the ability and potential to benefit from it Masters degrees MBA, MEng, MSc Executive Master Degree Programs Doctoral Degrees DEng, DTechSc, PhD, DBA Certificate and Special Program Intensive English & academic bridging program Non-degree continuing education courses Education for SDGs Awards and Recognition 1987 Science and Technology for Development Award presented to AIT by the United States Agency for International Development and the National Research Council for effectively transferring industrial technology and skills to the developing world, by training scientists and engineers from Asian countries

---

[rank 4] Student opportunities - Asian Institute of Technology Home > Academics > Student opportunities Student opportunities Once you are officially admitted to a our programs at AIT, you can enjoy these many opportunities. In this section Academic calendar Academic Programs / Areas of Specialization Study options Student opportunities Faculties Student Assistantships Assistantships Student International Exchange International Exchange Program Student Internships Internships Career Center Career Center Academics Academic calendar Academic Programs / Areas of Specialization Study options Student opportunities Faculties Subscribe to our newsletter Subscribe to our newsletter Follow us on social media We use cookies on our website to give you the most relevant experience by remembering your preferences and repeat visits. By clicking “Accept All”, you consent to the use of ALL the cookies. However, you may visit ""Cookie Settings"" to provide a controlled consent

---

[rank 5] Admissions - Asian Institute of Technology Home > Admissions Admissions AIT welcomes talented, high-achieving students who contribute a wide diversity of views, experiences and perspectives. In this section Admissions Eligibility Financial aid Tuition and fees Student housing Apply online Frequently Asked Questions Join us at AIT We want to get to know you through your application, to hear your voice and explore your potential. We hope you get to know yourself better through the application process, too. Across each and every program, we actively seek students from a wide variety of backgrounds. We value the exceptional academic talent, intellectual curiosity, individual perspectives, creativity, and other defining attributes that each student uniquely contributes to our community. Programs AIT provides students with distinctive opportunities to undertake their studies in rigorous and challenging ways. Each programs requires its own application for participation",claim_level_sr,"The premise explicitly links programs to specific schools (e.g., MBA under SOM, joint programs between SET/SERD/SOM), directly contradicting the hypothesis's claim that no such specifications exist.","Premise explicitly states that documents do not specify which schools offer programs, while hypothesis provides detailed school-program mappings that contradict this lack of specificity.","[{""claim"": ""The provided documents do not specify which **schools or faculties** at AIT offer each academic program."", ""label"": ""entails"", ""confidence"": 0.95, ""supported"": 1, ""rationale"": ""Premise documents mention academic programs and admissions but do not specify which schools/faculties offer them.""}, {""claim"": ""While AIT’s programs are categorized under three core domains—**engineering, environment, and management**—the exact organizational structure (e.g., named faculties or schools) is not detailed in the context."", ""label"": ""not_enough_info"", ""confidence"": 0.95, ""supported"": 0, ""rationale"": ""The premise does not explicitly mention the three core domains (engineering, environment, management) or the organizational structure of AIT's programs, leaving the hypothesis unsupported and uncontradicted.""}, {""claim"": ""For example:"", ""label"": ""not_enough_info"", ""confidence"": 1.0, ""supported"": 0, ""rationale"": ""The Hypothesis is not provided in the input, making it impossible to evaluate entailment or contradiction.""}, {""claim"": ""**Master’s programs** (e.g., MBA, MEng, MSc) and **doctoral programs** (e.g., DEng, PhD) are mentioned, but no direct link to specific faculties is provided."", ""label"": ""entails"", ""confidence"": 0.95, ""supported"": 1, ""rationale"": ""Premise explicitly lists Master’s (MBA, MEng, MSc) and doctoral (DEng, PhD) programs. No specific faculties are directly linked to these programs in the provided information.""}, {""claim"": ""**Non-degree programs** (e.g., certificate courses, English bridging programs) are listed, but again, no faculty attribution is given."", ""label"": ""not_enough_info"", ""confidence"": 0.95, ""supported"": 0, ""rationale"": ""Premise confirms non-degree programs (e.g., English bridging) are listed, but provides no information about faculty attribution for these programs.""}, {""claim"": ""The context emphasizes AIT’s focus areas and program types but does not clarify the internal academic structure (e.g., whether these programs are offered by separate faculties or integrated across departments)."", ""label"": ""not_enough_info"", ""confidence"": 0.95, ""supported"": 0, ""rationale"": ""The premise details program types, admissions, and offerings but contains no information about internal academic structure (e.g., faculty organization or departmental integration).""}, {""claim"": ""To answer this question definitively, additional information about AIT’s organizational structure would be required."", ""label"": ""not_enough_info"", ""confidence"": 0.95, ""supported"": 0, ""rationale"": ""The premise contains no information about AIT's organizational structure, making it impossible to determine if additional information would be required to answer any specific question about the institution.""}]"
Can I apply to two Academic Programs at the same time?,"The provided documents do not explicitly state whether applicants can apply to two Academic Programs at AIT simultaneously. While AIT offers various program types (e.g., Master’s, Doctoral, Certificate Programs) and mentions options like dual degrees or joint programs (e.g., the double degree with the University of Nice Sophia Antipolis), these are specific structured programs rather than concurrent applications. The application process described in the context focuses on individual programs, with no mention of policies allowing simultaneous applications to multiple programs. Therefore, based on the available information, it is unclear whether applying to two programs at the same time is permitted. For definitive guidance, applicants should consult AIT’s official admissions policies or contact their admissions office directly.",No. You can only apply to one academic program at any time,"[""https://ait.ac.th/academics/study-options::c0001"", ""https://ait.ac.th/apply-online::c0000"", ""https://ait.ac.th/program/university-of-nice-sophia-antipolis-france::c0001"", ""https://ait.ac.th/eligibility/doctoral-degree-program::c0001"", ""https://ait.ac.th/study/open-master-of-engineering-science-in-interdisciplinary-studies-omis::c0009""]",not_enough_info,0.2,0,1,0.2,1,5,0,0.8,0,contradicts,0.95,not_enough_info,0.95,0,0,1,"[rank 1] Tailor your studies to your interests and aspirations. In this section Academic calendar Academic Programs / Areas of Specialization Study options Student opportunities Faculties Master’s Degree Programs Doctoral Degree Programs Open Master of Engineering/Science in Interdisciplinary Studies (OMIS) Minor in Entrepreneurship Flexible Master’s Option Erasmus Programs Unified Degree Programs Joint Degree Programs Dual Degree Programs Professional Master’s Programs Certificate Programs Flexible PhD Option One Year Master’s Degree Program Academics Academic calendar Academic Programs / Areas of Specialization Study options Student opportunities Faculties Subscribe to our newsletter Subscribe to our newsletter Follow us on social media We use cookies on our website to give you the most relevant experience by remembering your preferences and repeat visits. By clicking “Accept All”, you consent to the use of ALL the cookies

---

[rank 2] Apply Now for Admissions to AIT | AIT Online Application Home > Apply online Apply online AIT welcomes talented, high-achieving students who contribute a wide diversity of views, experiences and perspectives. In this section Admissions Eligibility Financial aid Tuition and fees Student housing Apply online Frequently Asked Questions Start your application Complete your Online Application by clicking the ‘Apply Now’ button below. Apply now Deadlines and notifications for Application The AIT academic year consists of two semesters: January and August

---

[rank 3] The double degree is completed after doing an internship in a company or a research study in Europe. Students will be awarded two Master degrees: one from UNS and one from AIT. Apply Now Program brochure Subscribe to our newsletter Subscribe to our newsletter Follow us on social media We use cookies on our website to give you the most relevant experience by remembering your preferences and repeat visits. By clicking “Accept All”, you consent to the use of ALL the cookies. However, you may visit ""Cookie Settings"" to provide a controlled consent. Cookie Settings Accept All Manage consent Close Privacy Overview This website uses cookies to improve your experience while you navigate through the website. Out of these, the cookies that are categorized as necessary are stored on your browser as they are essential for the working of basic functionalities of the website. We also use third-party cookies that help us analyze and understand how you use this website

---

[rank 4] Two recommendation letters. * Applicants with a one-year master’s degree, a one-year professional master’s degree, or a one-year postgraduate diploma can enroll in the doctoral program by completing an additional 12-24 credits of coursework, obtaining a CGPA of 3.5, and achieving a very good or excellent grade in their research study, in addition to the required 84 credits for the doctoral program. Apply Here https://www.ait.ac.th/admissions/application-form/ Subscribe to our newsletter Subscribe to our newsletter Follow us on social media We use cookies on our website to give you the most relevant experience by remembering your preferences and repeat visits. By clicking “Accept All”, you consent to the use of ALL the cookies. However, you may visit ""Cookie Settings"" to provide a controlled consent. Cookie Settings Accept All Manage consent Close Privacy Overview This website uses cookies to improve your experience while you navigate through the website

---

[rank 5] How to Apply? To apply, go to the AIT online application form by Clicking Here and choose “Open Master of Engineering/Science in Interdisciplinary Studies”. You also need to submit a Study Plan and a Research Plan in addition to the other required documents. Deadline The application deadline is like our other programs. Check Deadline Payment The payment follows the same process as for other programs. All details to make payments are at this website, Click here. Contact & Support For more Inquiry, please contact the us at this email: [email protected] Apply Now Program brochure For more information Click this link Subscribe to our newsletter Subscribe to our newsletter Follow us on social media We use cookies on our website to give you the most relevant experience by remembering your preferences and repeat visits. By clicking “Accept All”, you consent to the use of ALL the cookies. However, you may visit ""Cookie Settings"" to provide a controlled consent",claim_level_sr,"Premise explicitly states applicants can only apply to one program, directly contradicting hypothesis's claim that documents do not specify this policy.","Premise states there is no explicit information about simultaneous applications, while hypothesis makes a definitive claim about only being able to apply to one program. The premise does not confirm or deny the hypothesis.","[{""claim"": ""The provided documents do not explicitly state whether applicants can apply to two Academic Programs at AIT simultaneously."", ""label"": ""not_enough_info"", ""confidence"": 1.0, ""supported"": 0, ""rationale"": ""The premise sections describe various programs, application processes, and requirements but do not mention anything about applying to two academic programs simultaneously. No explicit statement supports or contradicts the hypothesis.""}, {""claim"": ""While AIT offers various program types (e.g., Master’s, Doctoral, Certificate Programs) and mentions options like dual degrees or joint programs (e.g., the double degree with the University of Nice Sophia Antipolis), these are specific structured programs rather than concurrent applications."", ""label"": ""entails"", ""confidence"": 0.95, ""supported"": 1, ""rationale"": ""The premise details structured programs (Master’s, Doctoral, Certificate, dual/joint degrees) with specific requirements and workflows, directly supporting the hypothesis that these are defined structured programs rather than concurrent applications.""}, {""claim"": ""The application process described in the context focuses on individual programs, with no mention of policies allowing simultaneous applications to multiple programs."", ""label"": ""not_enough_info"", ""confidence"": 0.95, ""supported"": 0, ""rationale"": ""The premise describes application processes for specific programs but does not explicitly mention or exclude policies allowing simultaneous applications to multiple programs.""}, {""claim"": ""Therefore, based on the available information, it is unclear whether applying to two programs at the same time is permitted."", ""label"": ""not_enough_info"", ""confidence"": 0.95, ""supported"": 0, ""rationale"": ""The premise describes programs like double degrees and application processes but does not explicitly state whether applying to two programs simultaneously is permitted. No direct information confirms or denies this possibility.""}, {""claim"": ""For definitive guidance, applicants should consult AIT’s official admissions policies or contact their admissions office directly."", ""label"": ""not_enough_info"", ""confidence"": 0.75, ""supported"": 0, ""rationale"": ""The premise provides application details and contact information but does not explicitly state that consulting admissions policies or contacting the office is the recommended method for definitive guidance.""}]"
Do you have academic exchange programs and scholarships for those?,"The Asian Institute of Technology (AIT) offers **academic exchange programs** but does not provide **scholarships** for participants. Here’s the breakdown:

### **Academic Exchange Programs**  
- **Exchange Student Agreements**: Non-degree students from partner universities can enroll at AIT as ""Special students"" under exchange agreements. These programs are mentioned in the context, though specific details about eligibility or partner institutions are not provided.  
- **Erasmus and Joint Programs**: The ""Study Options"" section references Erasmus Programs, Joint Degree Programs, and Dual Degree Programs, suggesting collaborative opportunities with international institutions. These likely involve exchange or dual enrollment arrangements.  
- **Flexible Programs**: Options like the Open Master’s and Flexible Master’s allow students to combine courses from AIT’s engineering, environment, and management schools, which may include exchange components for internships or research.  

### **Scholarships**  
- **No Direct Scholarships**: AIT does not offer scholarships for its academic programs, as explicitly stated in the context. Students are encouraged to apply for external scholarships from their governments or organizations.  
- **Support for External Scholarships**: While AIT does not provide its own scholarships, it may assist with documentation (e.g., letters or transcripts) for external scholarship applications, as noted in the context.  

In summary, AIT facilitates academic exchange through partnerships and flexible program structures but does not administer scholarships. Students should explore external funding sources and contact AIT’s admissions office for support with scholarship applications.","Yes, we have academic exchange programs with various partner universities in Asia and Europe. AIT has a limited number of scholarships to assist our students to go on academic exchange. You can apply for an academic exchange program and the scholarship in your second semester of study at AIT.","[""https://ait.ac.th/eligibility/certificate-and-special-program::c0001"", ""https://ait.ac.th/academics/study-options::c0001"", ""https://ait.ac.th/study/open-master-of-engineering-science-in-interdisciplinary-studies-omis::c0004"", ""https://ait.ac.th/study/flexible-masters-option::c0011"", ""https://ait.ac.th/study/flexible-phd-option::c0011""]",entails,0.875,1,0,0.875,7,8,1,0.8,0,contradicts,1.0,contradicts,0.95,0,0,1,"[rank 1] Candidates under non-degree academic exchange agreements between AIT and their home universities are also enrolled at AIT as Special students: Exchange Students. Here https://www.ait.ac.th/admissions/application-form/ Subscribe to our newsletter Subscribe to our newsletter Follow us on social media We use cookies on our website to give you the most relevant experience by remembering your preferences and repeat visits. By clicking “Accept All”, you consent to the use of ALL the cookies. However, you may visit ""Cookie Settings"" to provide a controlled consent. Cookie Settings Accept All Manage consent Close Privacy Overview This website uses cookies to improve your experience while you navigate through the website. Out of these, the cookies that are categorized as necessary are stored on your browser as they are essential for the working of basic functionalities of the website. We also use third-party cookies that help us analyze and understand how you use this website

---

[rank 2] Tailor your studies to your interests and aspirations. In this section Academic calendar Academic Programs / Areas of Specialization Study options Student opportunities Faculties Master’s Degree Programs Doctoral Degree Programs Open Master of Engineering/Science in Interdisciplinary Studies (OMIS) Minor in Entrepreneurship Flexible Master’s Option Erasmus Programs Unified Degree Programs Joint Degree Programs Dual Degree Programs Professional Master’s Programs Certificate Programs Flexible PhD Option One Year Master’s Degree Program Academics Academic calendar Academic Programs / Areas of Specialization Study options Student opportunities Faculties Subscribe to our newsletter Subscribe to our newsletter Follow us on social media We use cookies on our website to give you the most relevant experience by remembering your preferences and repeat visits. By clicking “Accept All”, you consent to the use of ALL the cookies

---

[rank 3] You do not need to apply for a scholarship from AIT. Alternative, you may apply for a scholarship from your government or other organization. If you intend to do so, please contact us at the email provided below if you need supporting documents from AIT. What are the Advantages? The Open Master gives you the flexibility and academic freedom you need! Choose from all courses offered by AIT. Create your unique own curriculum. Blend engineering with business and sustainability with courses from all 3 schools. Combine your research interest and study with an internship or exchange. Stay out of the crowd with your unique curriculum and research

---

[rank 4] Some programs may have a lab for which you need to come to campus. In those cases, AIT will also support your visa. Apply Now Program brochure For more information Click this link Subscribe to our newsletter Subscribe to our newsletter Follow us on social media We use cookies on our website to give you the most relevant experience by remembering your preferences and repeat visits. By clicking “Accept All”, you consent to the use of ALL the cookies. However, you may visit ""Cookie Settings"" to provide a controlled consent. Cookie Settings Accept All Manage consent Close Privacy Overview This website uses cookies to improve your experience while you navigate through the website. Out of these, the cookies that are categorized as necessary are stored on your browser as they are essential for the working of basic functionalities of the website. We also use third-party cookies that help us analyze and understand how you use this website

---

[rank 5] Some programs may have a lab for which you need to come to campus. In those cases, AIT will also support your visa. Apply Now Program brochure For more information Click this link Subscribe to our newsletter Subscribe to our newsletter Follow us on social media We use cookies on our website to give you the most relevant experience by remembering your preferences and repeat visits. By clicking “Accept All”, you consent to the use of ALL the cookies. However, you may visit ""Cookie Settings"" to provide a controlled consent. Cookie Settings Accept All Manage consent Close Privacy Overview This website uses cookies to improve your experience while you navigate through the website. Out of these, the cookies that are categorized as necessary are stored on your browser as they are essential for the working of basic functionalities of the website. We also use third-party cookies that help us analyze and understand how you use this website",claim_level_sr,"Premise explicitly states AIT provides scholarships for academic exchange programs, directly contradicting the hypothesis's claim that AIT does not provide scholarships for participants.","The premise explicitly states AIT does not provide scholarships, contradicting the hypothesis' claim that AIT has scholarships for exchange programs.","[{""claim"": ""The Asian Institute of Technology (AIT) offers **academic exchange programs** but does not provide **scholarships** for participants."", ""label"": ""entails"", ""confidence"": 0.95, ""supported"": 1, ""rationale"": ""Premise explicitly states AIT has academic exchange programs (rank 1) and clarifies students must seek external scholarships, not AIT's own (rank 3).""}, {""claim"": ""Here’s the breakdown:"", ""label"": ""not_enough_info"", ""confidence"": 1.0, ""supported"": 0, ""rationale"": ""The Hypothesis is missing from the input, making it impossible to evaluate entailment or contradiction.""}, {""claim"": ""### **Academic Exchange Programs**"", ""label"": ""entails"", ""confidence"": 0.95, ""supported"": 1, ""rationale"": ""The premise explicitly mentions exchange students under non-degree agreements (rank 1) and references Erasmus Programs (rank 2), both of which are direct examples of academic exchange programs.""}, {""claim"": ""**Exchange Student Agreements**: Non-degree students from partner universities can enroll at AIT as \""Special students\"" under exchange agreements."", ""label"": ""entails"", ""confidence"": 0.95, ""supported"": 1, ""rationale"": ""Premise explicitly states non-degree exchange students from partner universities are enrolled as 'Special students: Exchange Students' matching the hypothesis.""}, {""claim"": ""These programs are mentioned in the context, though specific details about eligibility or partner institutions are not provided."", ""label"": ""entails"", ""confidence"": 0.95, ""supported"": 1, ""rationale"": ""The premise mentions multiple programs (exchange agreements, Erasmus, Unified/Joint/Dual Degrees, Open Master, lab-requiring programs) but does not specify eligibility criteria or partner institutions, aligning with the hypothesis.""}, {""claim"": ""**Erasmus and Joint Programs**: The \""Study Options\"" section references Erasmus Programs, Joint Degree Programs, and Dual Degree Programs, suggesting collaborative opportunities with international institutions."", ""label"": ""entails"", ""confidence"": 0.95, ""supported"": 1, ""rationale"": ""Premise [rank 2] explicitly lists Erasmus Programs, Joint Degree Programs, and Dual Degree Programs under 'Study Options,' directly supporting the hypothesis' claims about collaborative international opportunities.""}, {""claim"": ""These likely involve exchange or dual enrollment arrangements."", ""label"": ""entails"", ""confidence"": 0.95, ""supported"": 1, ""rationale"": ""Premise explicitly mentions exchange agreements and dual/joint degree programs, which directly align with the hypothesis' reference to exchange or dual enrollment arrangements.""}, {""claim"": ""**Flexible Programs**: Options like the Open Master’s and Flexible Master’s allow students to combine courses from AIT’s engineering, environment, and management schools, which may include exchange components for internships or research."", ""label"": ""entails"", ""confidence"": 0.95, ""supported"": 1, ""rationale"": ""Rank 3 explicitly states the Open Master allows combining courses from engineering, business, and sustainability (implied environment/management), and permits internships/exchange for research. Rank 2 mentions Flexible Master’s Option and Open Master’s flexibility. Hypothesis claims are fully supported by these details.""}]"
Are AIT programs offered on a full-time or part-time basis?,"The Asian Institute of Technology (AIT) offers its programs in both **full-time** and **part-time** formats, with specific details depending on the program type. Here’s how it works:

1. **Full-Time Options**:  
   - For **Master’s programs**, the traditional full-time option typically takes **2 years** (4 semesters) to complete.  
   - The **Flexible Master’s Option** allows full-time study over **2 years**, with coursework primarily conducted online (though some campus visits are required for labs, research, or the graduation ceremony).  

2. **Part-Time Options**:  
   - The **Flexible Master’s Option** also supports part-time study, extending the program duration to **4 years**. Students take courses at their own pace, paying course-by-course, and complete a minimum of 6 credits per semester (equivalent to 2 courses).  
   - For other programs (e.g., diploma or certificate courses), part-time flexibility is implied through variable credit requirements (e.g., certificate programs range from 2 months to 1 year, depending on enrollment).  

3. **Other Programs**:  
   - **Diploma programs** are typically full-time (minimum 1 year).  
   - **Doctoral programs** (e.g., DEng, PhD) likely follow full-time structures, though specific details about part-time options for these are not explicitly mentioned in the context.  

In summary, AIT provides **full-time and part-time flexibility**, particularly through its Flexible Master’s Option, while other programs may have structured full-time durations. For precise details on specific programs, applicants should consult AIT’s official admissions guidelines.","At the Asian Institute of Technology (AIT), academic programs are offered primarily on a full-time basis.

Key details

Most Master’s and Doctoral programs are full-time, with on-campus study required.

Programs are designed to be academically intensive, combining coursework, research, and/or thesis work that requires regular campus engagement.

Part-time study is generally not available for regular academic degree programs.

Some professional, executive, or short-term programs may offer more flexible formats, but these are exceptions and are program-specific.

Practical implication

Applicants should plan for full-time enrollment and residence in Thailand for the duration of their studies, especially for visa and academic requirements.

For confirmation on any program-specific flexibility, applicants should check the official program page or consult AIT Admissions, as availability may vary by program and intake.","[""https://ait.ac.th/admissions::c0001"", ""https://ait.ac.th/study/flexible-masters-option::c0002"", ""https://ait.ac.th/study/flexible-masters-option::c0001"", ""https://ait.ac.th/apply-online::c0000"", ""https://ait.ac.th/program/professional-master-in-geotechnical-engineering-and-management-pme-gem::c0004""]",not_enough_info,0.75,0,1,0.75,6,8,0,0.8,0,not_enough_info,0.95,contradicts,0.95,0,0,1,"[rank 1] Programs AIT provides students with distinctive opportunities to undertake their studies in rigorous and challenging ways. Each programs requires its own application for participation. Deadlines and notifications The AIT academic year consists of two semesters: January and August

---

[rank 2] Flexible Payment management, “pay as you study” , payment course-by-course. No need to come to the AIT Campus for most of your coursework. Work & Study at your own pace from any location. Cost The Flexible Master’s Option has the same cost as our regular “On-Campus Option”. However, all Schools provide AIT Scholarships for eligible candidates. To give you more flexibility, we allow you to pay course-by-course. You need to register for a minimum of 6 credits per semester (equivalent to 2 courses). You may take up to 15 credits per semester. How to Apply To apply, go to the AIT online application form by clicking here and choose “Flexible Master Degree” in the drop down menu of the selected program. Deadline The application is currently open. Payment First, you need to decide for how many courses you want to enrollee, the minimum enrollment is 6 credits which is equivalent to 2 courses. The Program Secretary can advise you on details

---

[rank 3] All classes are recorded for later viewing. After completion of the coursework, students can do their research or thesis in the AIT Campus at a flexible time. In coordination with the Program Chair, students may come to campus in short blocks or up to 11 months, typically for thesis research work. This is not an online program; students still need to come to the AIT Campus for certain activities such as labs or research work and the graduation ceremony. However, we will allow high flexibility for such activities at our beautiful green AIT Campus in Thailand. Total flexible time to complete the program is 2 years at full time and 4 years as part time. Advantages The Flexible Master’s Option gives you the flexibility you need! Flexible Time Management, “study when you’re free” , take courses online from home. Flexible Payment management, “pay as you study” , payment course-by-course. No need to come to the AIT Campus for most of your coursework

---

[rank 4] Apply Now for Admissions to AIT | AIT Online Application Home > Apply online Apply online AIT welcomes talented, high-achieving students who contribute a wide diversity of views, experiences and perspectives. In this section Admissions Eligibility Financial aid Tuition and fees Student housing Apply online Frequently Asked Questions Start your application Complete your Online Application by clicking the ‘Apply Now’ button below. Apply now Deadlines and notifications for Application The AIT academic year consists of two semesters: January and August

---

[rank 5] Be in satisfactory physical and mental health. Satisfy English requirements by AIT. Delivery Mode and Other Features The program will be delivered onsite in the AIT Vietnam campus during 1 year of full time studying, and in every weekday evening from 18:00-21:00, and Saturday from 9:00 – 12:00 & 13:30 – 16:30. Hybrid mode is available for those who are not able to join on-site. Students will need to complete a 33-credit curriculum, consisting of 24 credits of course work and 9 credits of internship in one year period. Teaching is conducted in English. Concerned Faculty Dr.",claim_level_sr,"Premise states part-time is generally not available for regular degree programs but allows exceptions for specific programs. Hypothesis details specific part-time structures (e.g., Flexible Master’s Option, diploma/certificate flexibility) not explicitly mentioned in the premise, which lacks sufficient information to confirm these specifics.","The premise explicitly states that part-time study is available for Master’s programs via the Flexible Master’s Option, directly contradicting the hypothesis's claim that part-time study is generally not available for regular academic degree programs.","[{""claim"": ""The Asian Institute of Technology (AIT) offers its programs in both **full-time** and **part-time** formats, with specific details depending on the program type."", ""label"": ""entails"", ""confidence"": 1.0, ""supported"": 1, ""rationale"": ""Rank 3 explicitly states full-time (2 years) and part-time (4 years) options, directly supporting the hypothesis about program formats and their specific details.""}, {""claim"": ""Here’s how it works:"", ""label"": ""not_enough_info"", ""confidence"": 1.0, ""supported"": 0, ""rationale"": ""The Hypothesis is incomplete and lacks specific claims to evaluate against the Premise.""}, {""claim"": ""**Full-Time Options**:"", ""label"": ""entails"", ""confidence"": 0.95, ""supported"": 1, ""rationale"": ""Premise rank 5 explicitly describes a full-time program delivered onsite at AIT Vietnam campus over 1 year with specific schedules, confirming full-time options exist.""}, {""claim"": ""For **Master’s programs**, the traditional full-time option typically takes **2 years** (4 semesters) to complete."", ""label"": ""not_enough_info"", ""confidence"": 0.95, ""supported"": 0, ""rationale"": ""The premise mentions the Flexible Master’s Option takes 2 years full-time (rank 3) but also describes a 1-year full-time program in Vietnam (rank 5). The hypothesis generalizes 'traditional full-time' duration without specifying location or program type, creating conflicting information in the premise.""}, {""claim"": ""The **Flexible Master’s Option** allows full-time study over **2 years**, with coursework primarily conducted online (though some campus visits are required for labs, research, or the graduation ceremony)."", ""label"": ""entails"", ""confidence"": 0.95, ""supported"": 1, ""rationale"": ""The premise states the Flexible Master’s Option allows 2-year full-time study (rank 3), coursework is primarily online with campus visits for labs/research/graduation (ranks 2-3), matching the hypothesis.""}, {""claim"": ""**Part-Time Options**:"", ""label"": ""entails"", ""confidence"": 0.95, ""supported"": 1, ""rationale"": ""Premise explicitly mentions part-time options with a 4-year completion time in ranks 2 and 3, directly supporting the hypothesis about part-time options.""}, {""claim"": ""The **Flexible Master’s Option** also supports part-time study, extending the program duration to **4 years**."", ""label"": ""entails"", ""confidence"": 1.0, ""supported"": 1, ""rationale"": ""Rank 2 explicitly states the Flexible Master’s Option allows part-time study with a 4-year duration, directly supporting the hypothesis.""}, {""claim"": ""Students take courses at their own pace, paying course-by-course, and complete a minimum of 6 credits per semester (equivalent to 2 courses)."", ""label"": ""entails"", ""confidence"": 1.0, ""supported"": 1, ""rationale"": ""Premise explicitly states students can study at their own pace, pay course-by-course, and must complete a minimum of 6 credits per semester (equivalent to 2 courses) in the Flexible Master’s Option.""}]"
How long does it typically take to complete a Master’s program at AIT?,"The typical duration for a Master’s program at AIT varies depending on the program structure and student preferences. Here’s a concise breakdown:

1. **Traditional Full-Time Program**:  
   - **2 years (4 semesters)** for most Master’s programs, including coursework, thesis, and research components.  
   - Example: The standard Master’s program includes thesis work, internships, and exchange opportunities (as noted in source [2]).

2. **Accelerated Option**:  
   - **1 year (2 semesters)** for select programs, such as the Unified Master’s Program (source [1]) or specific specialized tracks.  
   - Students complete the same coursework as traditional programs but in a condensed timeline (e.g., 10 months, as mentioned in source [2]).

3. **Flexible Master’s Option**:  
   - **2 years (full-time)** or **4 years (part-time)**, with the flexibility to study online or combine online and on-campus activities.  
   - Students take a minimum of 2 courses (6 credits) per semester and can complete coursework at their own pace, with thesis research conducted on campus (source [3] and [5]).

4. **Specialized Programs**:  
   - Some programs, like the Professional Master’s in Banking and Finance (source [4]), may have specific requirements (e.g., work experience) but generally follow the 2-year full-time structure.

**Summary**:  
The **standard duration** for a Master’s program at AIT is **2 years (full-time)**. Accelerated options (1 year) and flexible part-time paths (up to 4 years) are available, depending on the program and student needs. Always verify details with AIT’s official guidelines for specific programs.","2 Year Master’s Degree students normally study for 22 months (enrolled in August Intake) and 24 months (enrolled in January Intake) which includes four semesters, two short breaks and one long break between semesters. Doctoral students study for at least 42 months or seven semesters. 1-year Master, Professional Master Program and the Diploma Programs are at least 12 months or two semesters and the Certificate Program is 5 months or one semester.","[""https://ait.ac.th/program/nanosystems-engineering-nse::c0008"", ""https://ait.ac.th/study/one-year-masters-degree-program::c0002"", ""https://ait.ac.th/study/flexible-masters-option::c0001"", ""https://ait.ac.th/program/professional-master-in-banking-and-finance::c0002"", ""https://ait.ac.th/study/flexible-masters-option::c0006""]",not_enough_info,0.5,0,1,0.5,4,8,0,0.8,0,contradicts,0.95,contradicts,0.95,0,0,1,"[rank 1] Unified Master’s Program This program links AIT to partner universities, allowing students to earn a Bachelor’s degree and a Master’s degree as early as 5 years!  The curriculum structure of the 2-year master program is designed in order for students to get a chance to complete it in 1.5 years.  Partner University’s sound foundation and challenging undergraduate offerings combined with AIT’s emphasis on research and innovation for social impact and international exposure. The Bachelor’s Degree will be awarded by Partner University while the Master’s Degree will be awarded by AIT. Undergrads will spend their first seven semesters (3.5 years) of bachelor’s studies at the Partner University, then continue for the master program or complete the remaining portion of the bachelor’s program in AIT leading to a Master’s degree

---

[rank 2] OBTAIN SAME COUREWORK KNOWLEDGE AS THOSE TAKING REGULAR/TRADITIONAL MASTERS PROGRAMS: At AIT, students taking the accelerated option sit in the same classes at those taking two years programs. The only difference is that regular Master’s Programs include thesis, internship, exchange and ‘minors’ options (note: for those who might want to complete a PhD in the future, completion of a research thesis when completing a Master’s is a highly recommended path). AIT Programs that can be completed in two semesters (10 months) Please click on the link to find out more information about each program

---

[rank 3] All classes are recorded for later viewing. After completion of the coursework, students can do their research or thesis in the AIT Campus at a flexible time. In coordination with the Program Chair, students may come to campus in short blocks or up to 11 months, typically for thesis research work. This is not an online program; students still need to come to the AIT Campus for certain activities such as labs or research work and the graduation ceremony. However, we will allow high flexibility for such activities at our beautiful green AIT Campus in Thailand. Total flexible time to complete the program is 2 years at full time and 4 years as part time. Advantages The Flexible Master’s Option gives you the flexibility you need! Flexible Time Management, “study when you’re free” , take courses online from home. Flexible Payment management, “pay as you study” , payment course-by-course. No need to come to the AIT Campus for most of your coursework

---

[rank 4] The minimum GPA requirement for admission to the Masters Program is 2.75 or equivalent, at the Bachelor degree level; English Proficiency Requirement: AIT-EET:6 or IELTS- Academic:6 (writing 6) or TOEFL Paper: 550 (writing 59-61) or TOEFL CBT: 213 (writing 25-26): TOEFL IBT: 80 (writing 21-23); For the PM degree program, in addition to the above-mentioned eligibility requirements, an applicant must: have at least 3 years of work experience in areas related to the academic program at AIT and be executives in organizations/companies. Be in satisfactory physical and mental health. Satisfy English requirements by AIT. Delivery Mode The program is delivered using a combination of methods such as interactive self-learning, live classroom, face-to-face classroom in AIT campus. Each course (except the integrative module) will be delivered over 3 to 4 weeks

---

[rank 5] Choose “Flexible Master Degree” in the drop-down menu of the selected program. How many courses I need to take minimum for every semester and how many courses maximum? You need to register for a minimum of 2 courses per semester (6 credits) and a maximum of 15 credits. How fast can I complete my master degree choosing the Flexible Master’s Option? The fastest completion time is similar to our full-time on-campus masters within a period of 2 academic years. How long I am allowed to study to complete the Flexible Master’s Option? The maximum study period is 4 academic years. How can I pay? You can pay by money transfer; the details are at this webpage: Payment Advice If I chose the Flexible Master’s Option, am I allowed to attend classes on the AIT campus? Yes, you can attend the classes on campus as well. That’s up to you if you follow classes online via our Hybrid Mode or come to the classroom on campus. However, AIT does not support visas for non-Thai students during coursework time",claim_level_sr,"The hypothesis claims that the Professional Master’s in Banking and Finance follows the 2-year structure, but the premise states that Professional Master’s programs are 1-year.","The premise states that the Professional Master’s in Banking and Finance follows the 2-year full-time structure, directly contradicting the hypothesis’ claim that it is part of the 1-year category.","[{""claim"": ""The typical duration for a Master’s program at AIT varies depending on the program structure and student preferences."", ""label"": ""entails"", ""confidence"": 0.95, ""supported"": 1, ""rationale"": ""The premise describes multiple Master’s program structures (e.g., Unified Program, accelerated option, Flexible Master’s Option) with varying durations (1.5 years, 2-4 years, etc.), directly supporting the hypothesis that duration depends on program structure and student preferences.""}, {""claim"": ""Here’s a concise breakdown:"", ""label"": ""not_enough_info"", ""confidence"": 1.0, ""supported"": 0, ""rationale"": ""The Hypothesis is not provided in the input, making it impossible to evaluate entailment or contradiction.""}, {""claim"": ""**Traditional Full-Time Program**:"", ""label"": ""not_enough_info"", ""confidence"": 0.95, ""supported"": 0, ""rationale"": ""The premise describes accelerated, flexible, and hybrid programs but does not explicitly confirm the existence or structure of a traditional full-time program. While some details align with traditional programs (e.g., thesis requirements), the absence of direct confirmation about a 'Traditional Full-Time Program' means the premise does not fully support the hypothesis.""}, {""claim"": ""**2 years (4 semesters)** for most Master’s programs, including coursework, thesis, and research components."", ""label"": ""not_enough_info"", ""confidence"": 0.95, ""supported"": 0, ""rationale"": ""The premise describes accelerated and flexible programs with varying durations (1.5 years, 2 years, up to 4 years), but does not specify that \""most\"" Master’s programs take exactly 2 years (4 semesters) including all components. The hypothesis generalizes beyond the specific program examples provided.""}, {""claim"": ""Example: The standard Master’s program includes thesis work, internships, and exchange opportunities (as noted in source [2])."", ""label"": ""entails"", ""confidence"": 0.95, ""supported"": 1, ""rationale"": ""Source [2] explicitly states that regular/traditional Master’s programs include thesis, internship, exchange, and minors options, directly supporting the hypothesis claims.""}, {""claim"": ""**Accelerated Option**:"", ""label"": ""entails"", ""confidence"": 0.95, ""supported"": 1, ""rationale"": ""The premise explicitly describes an 'accelerated option' where students complete the master's program in 1.5 years, aligning with the hypothesis's reference to the Accelerated Option.""}, {""claim"": ""**1 year (2 semesters)** for select programs, such as the Unified Master’s Program (source [1]) or specific specialized tracks."", ""label"": ""not_enough_info"", ""confidence"": 0.95, ""supported"": 0, ""rationale"": ""Premise states Unified Master’s Program requires 5 years total (3.5 years bachelor’s + 1.5 years master’s) and Flexible Master’s Option takes 2 years full-time. Hypothesis claims 1 year completion for these programs, which is not supported by premise details.""}, {""claim"": ""Students complete the same coursework as traditional programs but in a condensed timeline (e.g., 10 months, as mentioned in source [2])."", ""label"": ""entails"", ""confidence"": 1.0, ""supported"": 1, ""rationale"": ""Source [2] explicitly states that accelerated students take the same classes as regular Master’s programs and mentions a 10-month completion time, directly supporting the hypothesis.""}]"
How long does it take to complete a PhD program at AIT?,"The duration to complete a **PhD program at AIT** varies depending on the program structure and the student's chosen option. Here's a breakdown based on the provided context:

### 1. **Standard Doctoral Program**  
   - **Credit Requirements**: A minimum of **84 credits**, including **12 credits of coursework** (which may include 3-credit special studies) and **72 credits for the dissertation**.  
   - **Typical Duration**: While the exact time frame is not explicitly stated, the credit requirements suggest a standard timeline of **3–5 years** for full-time study, assuming 12–18 credits per semester (as seen in Master’s programs). However, this is an estimate based on typical academic pacing and the context's emphasis on coursework and dissertation work.

### 2. **Flexible PhD Option**  
   - **Duration**: Up to **6 years** (as stated in the context). This option allows students to:  
     - Take courses **online** (with recorded lectures for later viewing).  
     - Complete coursework **course-by-course** (pay-as-you-go).  
     - Conduct thesis research or lab work at the AIT campus in **short blocks** or over **11 months** (for thesis work).  
     - Attend the **graduation ceremony** on campus.  
   - **Flexibility**: Students can balance work and study at their own pace, with no strict deadlines for coursework completion.  

### Key Notes:  
- The **Flexible PhD Option** is designed for students seeking **flexible time management** and **payment plans**, while the **standard program** likely follows a more traditional full-time structure.  
- For precise details, students should consult AIT’s official guidelines, as the context does not specify the exact duration for the standard PhD program beyond the credit requirements.  

In summary, the **Flexible PhD Option** can take **up to 6 years**, while the standard program likely takes **3–5 years** for full-time study.","2 Year Master’s Degree students normally study for 22 months (enrolled in August Intake) and 24 months (enrolled in January Intake) which includes four semesters, two short breaks and one long break between semesters. Doctoral students study for at least 42 months or seven semesters. 1-year Master, Professional Master Program and the Diploma Programs are at least 12 months or two semesters and the Certificate Program is 5 months or one semester.","[""https://ait.ac.th/study/flexible-phd-option::c0001"", ""https://ait.ac.th/program/environmental-engineering-and-management::c0005"", ""https://ait.ac.th/study/one-year-masters-degree-program::c0002"", ""https://ait.ac.th/program/water-engineering-and-management-wem::c0006"", ""https://ait.ac.th/study/flexible-masters-option::c0001""]",not_enough_info,0.25,0,1,0.25,2,8,0,0.8,0,not_enough_info,0.75,not_enough_info,1.0,0,0,0,"[rank 1] In coordination with the Program Chair, students may come to campus in short blocks or for entire semesters. This is not an online program; students still need to come to the AIT Campus for certain activities such as labs or research work and the graduation ceremony. However, we will allow high flexibility for such activities at our beautiful green AIT Campus in Thailand. The total flexible time to complete the program is 6 years. Advantages The Flexible Ph.D. Option gives you the flexibility you need! Flexible Time Management, “study when you’re free”, take courses online from home. Flexible Payment management, “pay as you study”, payment course-by-course. No need to come to the AIT Campus for most of your coursework. Work & Study at your own pace from any location. Cost The Flexible Ph.D. Option has the same cost as our regular “On-Campus Option”. However, all Schools provide AIT Scholarships for eligible candidates. To give you more flexibility, we allow you to pay course-by-course

---

[rank 2] Doctoral Program The Doctoral program requires a minimum of 84 credits that comprise a minimum of 12 credits of coursework at AIT, which may include 3-credits of special study. This minimum credit requirement must be completed before the student is advanced to candidacy. The dissertation is worth 72 credits for the regular doctoral program. Concerned Faculty Members Prof.

---

[rank 3] OBTAIN SAME COUREWORK KNOWLEDGE AS THOSE TAKING REGULAR/TRADITIONAL MASTERS PROGRAMS: At AIT, students taking the accelerated option sit in the same classes at those taking two years programs. The only difference is that regular Master’s Programs include thesis, internship, exchange and ‘minors’ options (note: for those who might want to complete a PhD in the future, completion of a research thesis when completing a Master’s is a highly recommended path). AIT Programs that can be completed in two semesters (10 months) Please click on the link to find out more information about each program

---

[rank 4] Doctoral Program The Doctoral program requires a minimum of 84 credits that comprise a minimum of 12 credits of coursework at AIT, which may include 3-credits of special study. This minimum credit requirement must be completed before the student is advanced to candidacy. The dissertation is worth 72 credits for the regular doctoral program. Concerned Faculty Prof. Sangam Shrestha Professor, Director Dr.

---

[rank 5] All classes are recorded for later viewing. After completion of the coursework, students can do their research or thesis in the AIT Campus at a flexible time. In coordination with the Program Chair, students may come to campus in short blocks or up to 11 months, typically for thesis research work. This is not an online program; students still need to come to the AIT Campus for certain activities such as labs or research work and the graduation ceremony. However, we will allow high flexibility for such activities at our beautiful green AIT Campus in Thailand. Total flexible time to complete the program is 2 years at full time and 4 years as part time. Advantages The Flexible Master’s Option gives you the flexibility you need! Flexible Time Management, “study when you’re free” , take courses online from home. Flexible Payment management, “pay as you study” , payment course-by-course. No need to come to the AIT Campus for most of your coursework",claim_level_sr,Premise specifies doctoral students study at least 42 months (3.5 years) but does not mention the Flexible PhD Option or its 6-year duration. Hypothesis introduces additional details not present in the premise.,"The premise only discusses PhD program durations and structures, while the hypothesis includes claims about Master’s degree programs (e.g., 2-year Master’s with specific semester counts and breaks) that are not addressed in the premise.","[{""claim"": ""The duration to complete a **PhD program at AIT** varies depending on the program structure and the student's chosen option."", ""label"": ""not_enough_info"", ""confidence"": 0.95, ""supported"": 0, ""rationale"": ""Premise only specifies the Flexible Ph.D. Option allows up to 6 years but does not mention duration for other potential PhD options, making it unclear if durations vary across program structures.""}, {""claim"": ""Here's a breakdown based on the provided context:"", ""label"": ""not_enough_info"", ""confidence"": 1.0, ""supported"": 0, ""rationale"": ""The Hypothesis is not provided in the input, making it impossible to evaluate entailment or contradiction.""}, {""claim"": ""### 1."", ""label"": ""not_enough_info"", ""confidence"": 1.0, ""supported"": 0, ""rationale"": ""The hypothesis is missing, making it impossible to evaluate entailment or contradiction.""}, {""claim"": ""**Standard Doctoral Program**"", ""label"": ""entails"", ""confidence"": 0.95, ""supported"": 1, ""rationale"": ""The premise describes the Doctoral program's credit requirements (84 credits, 12 at AIT) and dissertation structure (72 credits) which align with the 'Standard Doctoral Program' hypothesis, distinguishing it from the flexible options mentioned elsewhere.""}, {""claim"": ""**Credit Requirements**: A minimum of **84 credits**, including **12 credits of coursework** (which may include 3-credit special studies) and **72 credits for the dissertation**."", ""label"": ""entails"", ""confidence"": 1.0, ""supported"": 1, ""rationale"": ""The premise explicitly states the doctoral program requires 84 credits (12 coursework, including 3-credit special studies) and 72 dissertation credits, matching the hypothesis.""}, {""claim"": ""**Typical Duration**: While the exact time frame is not explicitly stated, the credit requirements suggest a standard timeline of **3–5 years** for full-time study, assuming 12–18 credits per semester (as seen in Master’s programs)."", ""label"": ""not_enough_info"", ""confidence"": 0.95, ""supported"": 0, ""rationale"": ""The premise mentions flexible options (2 years full-time, 4 years part-time) and an accelerated Master’s (10 months), but does not explicitly state the standard duration for regular Master’s programs. The hypothesis assumes a 3–5 year timeline based on credit requirements, but the premise lacks specific credit hour details for Master’s programs to validate this assumption.""}, {""claim"": ""However, this is an estimate based on typical academic pacing and the context's emphasis on coursework and dissertation work."", ""label"": ""not_enough_info"", ""confidence"": 0.95, ""supported"": 0, ""rationale"": ""The premise provides program structures and timeframes but does not explicitly state these are estimates based on typical academic pacing or emphasize coursework/dissertation work as the basis for the estimates.""}, {""claim"": ""### 2."", ""label"": ""not_enough_info"", ""confidence"": 1.0, ""supported"": 0, ""rationale"": ""Hypothesis content is missing, preventing evaluation of entailment or contradiction.""}]"
Are there non-thesis or coursework-only program options at AIT?,"The duration to complete a **PhD program at AIT** depends on the program structure and the student's chosen option. Here's a detailed breakdown based on the provided context:

---

### **1. Standard Doctoral Program**  
- **Credit Requirements**: A minimum of **84 credits**, including **12 credits of coursework** (which may include 3-credit special studies) and **72 credits for the dissertation**.  
- **Typical Duration**: While the exact time frame is not explicitly stated, the credit requirements suggest a standard timeline of **3–5 years** for full-time study. This aligns with typical academic pacing for PhD programs, assuming 12–18 credits per semester.  
- **Key Components**:  
  - Coursework (12 credits) and dissertation (72 credits).  
  - Thesis research and lab work conducted on campus.  

---

### **2. Flexible PhD Option**  
- **Duration**: Up to **6 years** (as explicitly stated in the context).  
- **Structure**:  
  - **Online Coursework**: Students can take courses **online** via AIT’s Hybrid Mode of Instruction. Recorded lectures are available for later viewing.  
  - **Thesis Research**: After completing coursework, students conduct thesis research or lab work at the AIT campus in **short blocks** or over **11 months** (for thesis work).  
  - **Flexibility**:  
    - **Payment**: Pay-as-you-go (course-by-course).  
    - **Time Management**: Students can balance work and study at their own pace, with no strict deadlines for coursework completion.  
  - **Campus Requirements**: Students must attend the **graduation ceremony** on campus and complete certain activities (e.g., labs, research work) in person.  

---

### **Key Notes**  
- **Standard vs. Flexible**: The **standard PhD program** likely follows a traditional full-time structure (3–5 years), while the **Flexible PhD Option** offers extended timelines (up to 6 years) for part-time or hybrid study.  
- **No AIT Scholarships**: The context explicitly states that students **do not need to apply for a scholarship from AIT**. Instead, they may seek funding from their government or other organizations.  
- **Academic Freedom**: The Flexible PhD Option allows students to design their study plan with supervisors, combining coursework from multiple schools and integrating internships or exchange programs.  

---

### **Summary**  
- **Standard PhD Program**: Estimated **3–5 years** (full-time).  
- **Flexible PhD Option**: Up to **6 years** (part-time or hybrid).  
- **Flexibility**: The Flexible Option emphasizes **online coursework**, **flexible payment**, and **customized study plans**, while the standard program likely follows a more traditional structure.  

For precise details, students should consult AIT’s official guidelines, as the context does not specify the exact duration for the standard PhD program beyond credit requirements.","Yes — AIT offers alternative study formats that are not strictly the traditional full-time, on-campus thesis route, though a completely coursework-only master’s without research is not the standard structure for degrees. What does exist are flexible options that change how coursework and research are delivered:

Flexible Master’s Option (Hybrid / Flexible Coursework)

AIT’s Flexible Master’s Option allows students to complete most coursework online via hybrid instruction while still being required to do research or thesis work on campus later.

This option gives flexibility in where and how coursework is taken and allows study at the student’s own pace, but it still leads to the same full Master’s degree and includes research or thesis components as required by the program.

Students may spread study over up to four years under this option.

This demonstrates that coursework delivery can be structured differently, even though full coursework-only degrees are not the primary degree format.","[""https://ait.ac.th/study/one-year-masters-degree-program::c0002"", ""https://ait.ac.th/study/open-master-of-engineering-science-in-interdisciplinary-studies-omis::c0005"", ""https://ait.ac.th/study/open-master-of-engineering-science-in-interdisciplinary-studies-omis::c0004"", ""https://ait.ac.th/study/flexible-masters-option::c0000"", ""https://ait.ac.th/study/flexible-masters-option::c0001""]",contradicts,0.0,0,1,0.0,0,8,0,0.8,1,not_enough_info,1.0,not_enough_info,0.95,0,0,0,"[rank 1] OBTAIN SAME COUREWORK KNOWLEDGE AS THOSE TAKING REGULAR/TRADITIONAL MASTERS PROGRAMS: At AIT, students taking the accelerated option sit in the same classes at those taking two years programs. The only difference is that regular Master’s Programs include thesis, internship, exchange and ‘minors’ options (note: for those who might want to complete a PhD in the future, completion of a research thesis when completing a Master’s is a highly recommended path). AIT Programs that can be completed in two semesters (10 months) Please click on the link to find out more information about each program

---

[rank 2] Combine your research interest and study with an internship or exchange. Stay out of the crowd with your unique curriculum and research. What are the Details of the Curriculum? With the program’s emphasis on multidisciplinary research, the following program structure is allowed: 24-credit coursework + 24-credit thesis 24-credit coursework + 12-credit internship or exchange + 12-credit research study 36-credits coursework + 12 credits research study Admitted students will design their individualized study program with their supervisors and co-supervisors. The study plan can be tailored for each student to best suit his/her interests and to fulfill the multidisciplinary research goal. Hence, with the supervisor recommendations and approvals, students can select any relevant courses from any programs/schools within AIT

---

[rank 3] You do not need to apply for a scholarship from AIT. Alternative, you may apply for a scholarship from your government or other organization. If you intend to do so, please contact us at the email provided below if you need supporting documents from AIT. What are the Advantages? The Open Master gives you the flexibility and academic freedom you need! Choose from all courses offered by AIT. Create your unique own curriculum. Blend engineering with business and sustainability with courses from all 3 schools. Combine your research interest and study with an internship or exchange. Stay out of the crowd with your unique curriculum and research

---

[rank 4] Flexible Master’s Option - Asian Institute of Technology Home > Flexible Master’s Option Flexible Master’s Option The “Flexible Master’s Option” is a new alternative to our traditional “On-campus Master Option” to conduct Master studies at AIT. It is applicable to selected programs at all of our schools. Students will receive the same degree and the same academic requirements apply as the program offered in our regular “On-campus Option”. Students can do almost all coursework online via AIT’s Hybrid Mode of Instruction (certain programs may require a lab and research work on campus). How it Works Typically, the 1st year is online via AIT’s Hybrid Instruction. Students may spread coursework over more than one year. Students take the same course offered to on-campus students via Hybrid Mode. All classes are recorded for later viewing. After completion of the coursework, students can do their research or thesis in the AIT Campus at a flexible time

---

[rank 5] All classes are recorded for later viewing. After completion of the coursework, students can do their research or thesis in the AIT Campus at a flexible time. In coordination with the Program Chair, students may come to campus in short blocks or up to 11 months, typically for thesis research work. This is not an online program; students still need to come to the AIT Campus for certain activities such as labs or research work and the graduation ceremony. However, we will allow high flexibility for such activities at our beautiful green AIT Campus in Thailand. Total flexible time to complete the program is 2 years at full time and 4 years as part time. Advantages The Flexible Master’s Option gives you the flexibility you need! Flexible Time Management, “study when you’re free” , take courses online from home. Flexible Payment management, “pay as you study” , payment course-by-course. No need to come to the AIT Campus for most of your coursework",claim_level_sr,"The premise exclusively discusses Master's program structures and options at AIT, while the hypothesis focuses on PhD program details (duration, structure, credit requirements, etc.) that are never mentioned or implied in the premise.","Premise only discusses PhD programs (Standard and Flexible options) with specific credit requirements and timelines. Hypothesis refers to a ""Flexible Master’s Option"" and ""full coursework-only master’s degrees,"" which are not mentioned or implied in the premise. The premise provides no information about master’s degree structures, making it impossible to confirm or refute the hypothesis.","[{""claim"": ""The duration to complete a **PhD program at AIT** depends on the program structure and the student's chosen option."", ""label"": ""not_enough_info"", ""confidence"": 1.0, ""supported"": 0, ""rationale"": ""The premise exclusively discusses Master's programs, including structure, coursework, and duration options. There is no mention of PhD programs, their structure, or duration at AIT, making it impossible to determine if the hypothesis about PhD programs is supported or contradicted.""}, {""claim"": ""Here's a detailed breakdown based on the provided context:"", ""label"": ""not_enough_info"", ""confidence"": 1.0, ""supported"": 0, ""rationale"": ""The Hypothesis content is missing or not properly defined in the input, making it impossible to evaluate entailment or contradiction.""}, {""claim"": ""### **1."", ""label"": ""not_enough_info"", ""confidence"": 1.0, ""supported"": 0, ""rationale"": ""The Hypothesis section is missing, making it impossible to evaluate entailment.""}, {""claim"": ""Standard Doctoral Program**"", ""label"": ""not_enough_info"", ""confidence"": 1.0, ""supported"": 0, ""rationale"": ""The premise exclusively discusses Master's programs (accelerated, flexible, curriculum structures, scholarships) and never mentions doctoral programs. There is no information provided about standard doctoral programs at AIT.""}, {""claim"": ""**Credit Requirements**: A minimum of **84 credits**, including **12 credits of coursework** (which may include 3-credit special studies) and **72 credits for the dissertation**."", ""label"": ""contradicts"", ""confidence"": 0.95, ""supported"": 0, ""rationale"": ""Premise mentions credit structures of 24-48 credits (e.g., 24 coursework + 24 thesis) but Hypothesis claims 84 credits total with 72 for dissertation, which is inconsistent with all provided program structures.""}, {""claim"": ""**Typical Duration**: While the exact time frame is not explicitly stated, the credit requirements suggest a standard timeline of **3–5 years** for full-time study."", ""label"": ""not_enough_info"", ""confidence"": 0.95, ""supported"": 0, ""rationale"": ""The premise mentions credit structures but does not explicitly state the duration for full-time study. While some options (e.g., Flexible Master’s Option) specify 2 years full-time, the standard program's duration is not clearly defined in the provided text.""}, {""claim"": ""This aligns with typical academic pacing for PhD programs, assuming 12–18 credits per semester."", ""label"": ""not_enough_info"", ""confidence"": 0.95, ""supported"": 0, ""rationale"": ""The premise discusses Master's program structures (e.g., 24-credit coursework, 10-month duration) but does not mention PhD credit requirements or academic pacing. The hypothesis refers to PhD programs, which are not addressed in the premise.""}, {""claim"": ""**Key Components**:"", ""label"": ""not_enough_info"", ""confidence"": 0.95, ""supported"": 0, ""rationale"": ""The Hypothesis section is missing, making it impossible to evaluate entailment or contradiction.""}]"
"Does AIT offer short courses, certificates, or professional training programs?","### **PhD Program Duration at AIT**  
The **PhD program at AIT** is structured to accommodate both traditional and flexible study paths:  

#### **1. Standard Doctoral Program**  
- **Credit Requirements**: Minimum of **84 credits**, including **12 credits of coursework** (which may include 3-credit special studies) and **72 credits for the dissertation**.  
- **Typical Duration**:  
  - **Full-time**: Estimated **3–5 years** (based on standard academic pacing, assuming 12–18 credits per semester).  
  - **Part-time**: Could extend beyond 5 years, depending on course load and research progress.  
- **Key Components**:  
  - Thesis research and lab work conducted on campus.  
  - Supervised dissertation work under faculty guidance.  

#### **2. Flexible PhD Option**  
- **Duration**: Up to **6 years** (as explicitly stated in the context).  
- **Structure**:  
  - **Online Coursework**: Students can take courses **online** via AIT’s Hybrid Mode of Instruction. Recorded lectures are available for later viewing.  
  - **Thesis Research**: After completing coursework, students conduct thesis research or lab work at the AIT campus in **short blocks** or over **11 months** (for thesis work).  
  - **Flexibility**:  
    - **Payment**: Pay-as-you-go (course-by-course).  
    - **Time Management**: Students can balance work and study at their own pace, with no strict deadlines for coursework completion.  
  - **Campus Requirements**: Must attend the **graduation ceremony** on campus and complete certain activities (e.g., labs, research work) in person.  

---

### **Non-Thesis or Coursework-Only Options**  
The context **does not explicitly mention non-thesis or coursework-only PhD programs** at AIT. However, the **Flexible PhD Option** offers significant flexibility in study pacing and payment, which may align with some non-traditional pathways. Key points:  

1. **Thesis Requirement**:  
   - All PhD programs at AIT require a **dissertation** (72 credits). There is **no mention of non-thesis or coursework-only options** in the provided context.  

2. **Hybrid Flexibility**:  
   - While the **Flexible PhD Option** allows for online coursework and part-time study, it still requires **thesis research** and **dissertation completion**. This means it is not a purely coursework-based program but offers **structured flexibility** in pacing and payment.  

3. **Alternative Pathways**:  
   - If a student seeks a non-thesis route, they may need to explore **specialized master’s programs** (e.g., the **Professional Master’s in Environment, Social, and Governance (ESG)**) or **short-term research programs** that focus on coursework and practical projects.  

---

### **Summary**  
- **Standard PhD**: **3–5 years** (full-time), requiring a dissertation.  
- **Flexible PhD**: Up to **6 years**, with online coursework and flexible payment, but still requiring a dissertation.  
- **Non-Thesis Options**: Not explicitly available in the context. Students interested in coursework-only pathways may need to explore other programs or consult AIT’s official guidelines for clarification.  

For precise details, students should refer to AIT’s official PhD program guidelines or contact the admissions office.","Yes. The Asian Institute of Technology (AIT) does offer short courses, certificate programs, and professional / executive training, in addition to its degree programs.

Types of Non-Degree & Professional Offerings at AIT

Short courses and professional training

Targeted programs for working professionals, organizations, and government agencies

Focus areas include engineering, technology, management, environment, sustainability, and development

Certificate and diploma programs

Skill-oriented and practice-focused

Often delivered in intensive or modular formats

Executive and professional education

Offered through AIT’s schools and specialized centers

Includes leadership, management, policy, and technical training","[""https://ait.ac.th/admissions::c0001"", ""https://www.ait.ac.th/about::c0002"", ""https://www.ait.ac.th/about::c0002"", ""https://ait.ac.th/program/professional-master-in-environment-social-and-governance-esg::c0003"", ""https://ait.ac.th/study/one-year-masters-degree-program::c0002""]",not_enough_info,0.0,0,1,0.0,0,8,0,0.8,0,not_enough_info,1.0,not_enough_info,0.75,0,0,0,"[rank 1] Programs AIT provides students with distinctive opportunities to undertake their studies in rigorous and challenging ways. Each programs requires its own application for participation. Deadlines and notifications The AIT academic year consists of two semesters: January and August

---

[rank 2] Charter of the AIT AIT Enabling Act AIT Bye-Laws What we offer We believe our university is enriched by having students and staff from a wide variety of backgrounds. Higher education should be open to everyone who has the ability and potential to benefit from it Masters degrees MBA, MEng, MSc Executive Master Degree Programs Doctoral Degrees DEng, DTechSc, PhD, DBA Certificate and Special Program Intensive English & academic bridging program Non-degree continuing education courses Education for SDGs Awards and Recognition 1987 Science and Technology for Development Award presented to AIT by the United States Agency for International Development and the National Research Council for effectively transferring industrial technology and skills to the developing world, by training scientists and engineers from Asian countries

---

[rank 3] Charter of the AIT AIT Enabling Act AIT Bye-Laws What we offer We believe our university is enriched by having students and staff from a wide variety of backgrounds. Higher education should be open to everyone who has the ability and potential to benefit from it Masters degrees MBA, MEng, MSc Executive Master Degree Programs Doctoral Degrees DEng, DTechSc, PhD, DBA Certificate and Special Program Intensive English & academic bridging program Non-degree continuing education courses Education for SDGs Awards and Recognition 1987 Science and Technology for Development Award presented to AIT by the United States Agency for International Development and the National Research Council for effectively transferring industrial technology and skills to the developing world, by training scientists and engineers from Asian countries

---

[rank 4] Students benefit from AIT’s hybrid multi-modal teaching model that combines online and in-class instruction with extensive practical exposure. Apply Now For more information [email protected] Subscribe to our newsletter Subscribe to our newsletter Follow us on social media We use cookies on our website to give you the most relevant experience by remembering your preferences and repeat visits. By clicking “Accept All”, you consent to the use of ALL the cookies. However, you may visit ""Cookie Settings"" to provide a controlled consent. Cookie Settings Accept All Manage consent Close Privacy Overview This website uses cookies to improve your experience while you navigate through the website. Out of these, the cookies that are categorized as necessary are stored on your browser as they are essential for the working of basic functionalities of the website. We also use third-party cookies that help us analyze and understand how you use this website

---

[rank 5] OBTAIN SAME COUREWORK KNOWLEDGE AS THOSE TAKING REGULAR/TRADITIONAL MASTERS PROGRAMS: At AIT, students taking the accelerated option sit in the same classes at those taking two years programs. The only difference is that regular Master’s Programs include thesis, internship, exchange and ‘minors’ options (note: for those who might want to complete a PhD in the future, completion of a research thesis when completing a Master’s is a highly recommended path). AIT Programs that can be completed in two semesters (10 months) Please click on the link to find out more information about each program",claim_level_sr,"The premise only mentions non-degree programs and degree programs generally, but provides no specific information about PhD program structures, durations, or requirements. The hypothesis details PhD program specifics not addressed in the premise.","The premise discusses PhD programs and mentions specialized master’s programs and short-term research programs, but does not explicitly confirm the existence of short courses, certificate programs, or professional/executive training as separate non-degree offerings.","[{""claim"": ""### **PhD Program Duration at AIT**"", ""label"": ""not_enough_info"", ""confidence"": 1.0, ""supported"": 0, ""rationale"": ""The premise mentions Masters programs can be completed in two semesters (10 months) and details about other programs, but provides no specific information about the duration of PhD programs at AIT.""}, {""claim"": ""The **PhD program at AIT** is structured to accommodate both traditional and flexible study paths:"", ""label"": ""not_enough_info"", ""confidence"": 0.95, ""supported"": 0, ""rationale"": ""Premise mentions PhD degrees exist but provides no details about their structure or flexibility options. The hypothesis about accommodating traditional/flexible paths is not addressed in any premise.""}, {""claim"": ""#### **1."", ""label"": ""not_enough_info"", ""confidence"": 1.0, ""supported"": 0, ""rationale"": ""The hypothesis text is incomplete or missing, making it impossible to evaluate entailment.""}, {""claim"": ""Standard Doctoral Program**"", ""label"": ""not_enough_info"", ""confidence"": 0.75, ""supported"": 0, ""rationale"": ""Premise mentions Doctoral Degrees (e.g., PhD, DBA) but does not explicitly reference a 'Standard Doctoral Program' or its specific structure, leaving insufficient evidence to confirm entailment.""}, {""claim"": ""**Credit Requirements**: Minimum of **84 credits**, including **12 credits of coursework** (which may include 3-credit special studies) and **72 credits for the dissertation**."", ""label"": ""not_enough_info"", ""confidence"": 1.0, ""supported"": 0, ""rationale"": ""The premise contains no information about credit requirements, coursework credits, or dissertation credits.""}, {""claim"": ""**Typical Duration**:"", ""label"": ""not_enough_info"", ""confidence"": 0.95, ""supported"": 0, ""rationale"": ""Premise mentions some programs can be completed in two semesters (10 months) and others take two years, but does not explicitly state that two semesters is the typical duration for all programs.""}, {""claim"": ""**Full-time**: Estimated **3–5 years** (based on standard academic pacing, assuming 12–18 credits per semester)."", ""label"": ""not_enough_info"", ""confidence"": 0.95, ""supported"": 0, ""rationale"": ""Premise mentions accelerated programs taking two semesters (10 months) but provides no explicit information about full-time program durations or credit pacing requirements for full-time students.""}, {""claim"": ""**Part-time**: Could extend beyond 5 years, depending on course load and research progress."", ""label"": ""not_enough_info"", ""confidence"": 1.0, ""supported"": 0, ""rationale"": ""The premises do not mention part-time program duration or flexibility beyond the accelerated program details provided.""}]"
What are the requirements to apply to AIT?,"**Answer:**  
The provided context does not explicitly mention **non-thesis or coursework-only PhD programs** at the Asian Institute of Technology (AIT). Here’s a detailed breakdown based on the information available:

---

### **1. PhD Program Requirements at AIT**  
- **Thesis Requirement**: All PhD programs at AIT require a **dissertation** (72 credits) as part of the degree. There is **no mention of non-thesis or coursework-only PhD pathways** in the provided sources.  
- **Flexible PhD Option**: While the **Flexible PhD Option** allows for **online coursework** and **part-time study** (up to 6 years), it still mandates **thesis research** and **dissertation completion**. This means it is not a purely coursework-based program but offers flexibility in pacing and payment.  

---

### **2. Alternative Pathways for Non-Thesis/Coursework Focus**  
If a student seeks a non-thesis or coursework-heavy program, they may need to explore:  
- **Specialized Master’s Programs**: AIT offers **Professional Master’s programs** (e.g., *Professional Master in Geotechnical Engineering and Management*), which emphasize practical projects and coursework but are **not PhD-level**.  
- **Short-Term Research Programs**: Some research initiatives or executive education programs may focus on coursework and applied projects, though these are typically **not equivalent to a PhD**.  
- **Consult AIT Directly**: For clarification, students should contact the **Admissions and Scholarships Unit** at AIT (email: [email protected]) to confirm if non-thesis PhD options exist or if alternative pathways are available.  

---

### **3. Key Takeaways**  
- **No Non-Thesis PhD Programs**: AIT’s PhD programs require a **dissertation** and do not offer non-thesis or coursework-only tracks.  
- **Flexible PhD Option**: This allows for **online coursework** and **part-time study** but still requires **thesis research**.  
- **Master’s Programs**: For coursework-focused programs, AIT’s **Professional Master’s programs** (e.g., PME-GEM) may be suitable, though they are **not PhD-level**.  

---

### **Recommendation**  
If you are seeking a non-thesis or coursework-only PhD pathway, consider:  
1. Reaching out to AIT’s **Admissions Office** for confirmation.  
2. Exploring **specialized master’s programs** or **executive education** options at AIT.  
3. Investigating **other institutions** that offer non-thesis PhD programs.  

For further inquiries, contact:  
- **Admissions and Scholarships Unit**  
  Email: [email protected]  
  Phone: (662) 524 5024, 31-33  

Let me know if you need help with application deadlines or program-specific details!","Academic Requirements
Master's Programs: A Bachelor's degree from a recognized university, usually with a GPA of at least 2.75 (or equivalent) on a 4.0 scale. Some programs may have higher GPA requirements or require a degree in a specific field.
Doctoral Programs: A Master's degree from a recognized university, with a strong academic record (typically a GPA of 3.50 or above on a 4.0 scale). Evidence of research ability, often in the form of a Master's thesis, is usually required.
English Language Proficiency
Since English is the official language of instruction at AIT, applicants must demonstrate a certain level of English proficiency. This is typically done by submitting a satisfactory score from one of the following standardized tests:
IELTS: A minimum score of 6.0 (with no band score below 5.5) is generally required for Master's programs.
TOEFL: Internet-based (iBT): A score of 80 or higher.
Paper-based: A score of 550 or higher.
AIT's own English Entry Test: The institute also offers its own test for applicants who are unable to take the IELTS or TOEFL.
Required Application Documents
When applying, you will generally need to prepare the following documents:
Completed Application Form: This is usually submitted online through the AIT admissions portal.
Official Transcripts and Degree Certificates: You will need to provide certified copies of your academic records from all universities previously attended.
Two Letters of Recommendation: These should be from professors or employers who are familiar with your academic and/or professional abilities.
Statement of Purpose: A written essay detailing your academic and career goals, and why you are interested in the specific program at AIT.
Proof of English Language Proficiency: Your official IELTS, TOEFL, or AIT test score report.
Copy of your Passport
Curriculum Vitae (CV) or Resume","[""https://ait.ac.th/financial/ait-scholarships::c0002"", ""https://ait.ac.th/financial/ait-alumni-association-hong-kong-macau-chapter-masters-scholarship::c0001"", ""https://ait.ac.th/financial/royal-thai-government-scholarships::c0005"", ""https://ait.ac.th/program/professional-master-in-geotechnical-engineering-and-management-pme-gem::c0003"", ""https://ait.ac.th/financial/alumni-scholarship-fund::c0001""]",not_enough_info,0.0,0,1,0.0,0,8,0,0.8,0,not_enough_info,0.95,not_enough_info,0.95,0,0,0,"[rank 1] Eligibility All nationalities; Meeting AIT’s English Proficiency Requirement (i.e. IELTS-Academic or AIT EET score of 5.0 or above for Master’s and 5.5 for Doctoral program); Having a four‐year Bachelor’s degree from a recognized university; Having a master’s degree from a recognized university for Ph.D. applicants and should have a Cumulative GPA of 3.50 in their Master’s degree and 2.75 in their undergraduate program from top universities. Deadline for January 2026 Intake: 20 December 2025 Contact : AIT Admissions Office Tel: 02-524 5032, 02-524 5033/5024 Email: [email protected] Subscribe to our newsletter Subscribe to our newsletter Follow us on social media We use cookies on our website to give you the most relevant experience by remembering your preferences and repeat visits. By clicking “Accept All”, you consent to the use of ALL the cookies. However, you may visit ""Cookie Settings"" to provide a controlled consent

---

[rank 2] Any programs Candidate should have a cumulative GPA of at least 2.75 Candidate should pass IELTS with a score of 6.0 or AIT-EET Score of 6.0 Applicant must fulfill the AIT Entry Requirement s Deadline for January 2026 intake:  15 November 2025 Apply here https://admission.ait.ac.th/aoas/Applicant/FirstPage.aspx Further Inquiries For further inquiries on AIT Admissions Requirements and Procedures, applicants can visit the  AIT Admissions website. You may also contact the following address: Admissions and Scholarships Unit Asian Institute of Technology P.O. Box 4, KlongLuang Pathumthani 12120 THAILAND (662) 524 5024, 31-33 [email protected] Subscribe to our newsletter Subscribe to our newsletter Follow us on social media We use cookies on our website to give you the most relevant experience by remembering your preferences and repeat visits. By clicking “Accept All”, you consent to the use of ALL the cookies. However, you may visit ""Cookie Settings"" to provide a controlled consent

---

[rank 3] Eligibility Applicants must meet the following criteria: Have an outstanding education record in a 4-year undergraduate program from an accredited institution in related fields; GPA for Bachelor’s degree ≥ 3.5 or Equivalent Have an English proficiency score as specified by AIT Language Center (IELTS 6.0 (Overall and Writing bands) or AIT EET ≥ 6.0). Coverage Each scholarship award covers tuition fees, accommodation, and a bursary for living expenses in AIT’s residential campus, for the entire period of the 22-month master’s degree program. The value of the non-binding Scholarship per student is approximately 1.10 MB. Deadline for August 2026 Intake: 31 March 2026 Apply here: https://ait.ac.th/apply-online/ Contact Ms. Wilailak at 02-524-5023, or Ms. Kanchana at 02-524-6119, or E-mail: [email protected] Further Inquiries For further inquiries on AIT Admissions Requirements and Procedures, applicants can visit the  AIT Admissions website

---

[rank 4] Eligibility To be eligible for admission to the regular Masters program, an applicant must: Hold a bachelor’s degree (normally from a four-year program), or its equivalent, in an appropriate field of study from an institution of good standing acceptable to AIT; Have undergraduate grades significantly above average. The minimum GPA requirement for admission to the Masters Program is 2.75 or equivalent, at the Bachelor degree level; English Proficiency Requirement: AIT-EET:6 or IELTS- Academic:6 (writing 6) or TOEFL Paper: 550 (writing 59-61) or TOEFL CBT: 213 (writing 25-26): TOEFL IBT: 80 (writing 21-23); For the PM degree program, in addition to the above-mentioned eligibility requirements, an applicant must: have at least 3 years of work experience in areas related to the academic program at AIT and be executives in organizations/companies. Be in satisfactory physical and mental health. Satisfy English requirements by AIT

---

[rank 5] CRITERIA: 1.Any nationality 2.Any program in the School of Engineering & Technology, (SET). 3.Candidate should have a cumulative GPA of at least 2.75 4.Candidate should pass IELTS-Academic with a score of 6.0 or AIT EET Score of 6.0 5.Applicant must fulfill the AIT Admissions Entry Requirements Scholarships coverage: 2 credits up to 6 credits Deadline for January 2026 Intake: 15 November 2025 Apply here: https://ait.ac.th/apply-online/ Further Inquiries For further inquiries on AIT Admissions Requirements and Procedures, applicants can visit the  AIT Admissions website. You may also contact the following address: Admissions and Scholarships Unit Asian Institute of Technology P.O. Box 4, KlongLuang Pathumthani 12120 THAILAND (662) 524 5024, 31-33 [email protected] Subscribe to our newsletter Subscribe to our newsletter Follow us on social media We use cookies on our website to give you the most relevant experience by remembering your preferences and repeat visits",claim_level_sr,"The premise only states that doctoral programs require a Master's thesis and mentions a Flexible PhD Option with thesis research, but does not explicitly confirm or deny the existence of non-thesis/coursework-only PhD programs. The hypothesis' conclusion about absence of such programs is not directly supported by the premise.","The premise confirms PhD programs require a dissertation and no non-thesis options exist, but does not explicitly mention GPA requirements, English test score specifics, or full list of application documents detailed in the hypothesis. While some elements align (e.g., Master's as PhD prerequisite), the hypothesis contains specific criteria not addressed in the premise.","[{""claim"": ""*Answer:**"", ""label"": ""not_enough_info"", ""confidence"": 1.0, ""supported"": 0, ""rationale"": ""The Hypothesis section is empty, making it impossible to evaluate entailment or contradiction.""}, {""claim"": ""The provided context does not explicitly mention **non-thesis or coursework-only PhD programs** at the Asian Institute of Technology (AIT)."", ""label"": ""not_enough_info"", ""confidence"": 0.95, ""supported"": 0, ""rationale"": ""The premise details admission criteria for Master's and PhD programs but does not explicitly mention or exclude non-thesis/coursework-only PhD program structures.""}, {""claim"": ""Here’s a detailed breakdown based on the information available:"", ""label"": ""not_enough_info"", ""confidence"": 0.95, ""supported"": 0, ""rationale"": ""The Hypothesis content is missing, making it impossible to evaluate entailment or contradiction.""}, {""claim"": ""### **1."", ""label"": ""not_enough_info"", ""confidence"": 1.0, ""supported"": 0, ""rationale"": ""The Hypothesis section is incomplete or missing, making it impossible to determine entailment, contradiction, or lack of information.""}, {""claim"": ""PhD Program Requirements at AIT**"", ""label"": ""not_enough_info"", ""confidence"": 0.9, ""supported"": 0, ""rationale"": ""The premises mention specific requirements for PhD applicants (e.g., master’s degree with 3.5 GPA, English proficiency 5.5), but do not fully specify all potential requirements (e.g., work experience for PM degree programs, additional criteria for scholarships). The hypothesis is general, and the premises lack comprehensive coverage of all PhD program requirements.""}, {""claim"": ""**Thesis Requirement**: All PhD programs at AIT require a **dissertation** (72 credits) as part of the degree."", ""label"": ""not_enough_info"", ""confidence"": 1.0, ""supported"": 0, ""rationale"": ""The premises provide details about eligibility criteria (GPA, English proficiency, deadlines) but do not mention dissertation requirements or credit hours for PhD programs.""}, {""claim"": ""There is **no mention of non-thesis or coursework-only PhD pathways** in the provided sources."", ""label"": ""not_enough_info"", ""confidence"": 1.0, ""supported"": 0, ""rationale"": ""None of the provided sources mention non-thesis or coursework-only PhD pathways, but the absence of explicit mention does not confirm their non-existence.""}, {""claim"": ""**Flexible PhD Option**: While the **Flexible PhD Option** allows for **online coursework** and **part-time study** (up to 6 years), it still mandates **thesis research** and **dissertation completion**."", ""label"": ""not_enough_info"", ""confidence"": 1.0, ""supported"": 0, ""rationale"": ""The premise provides no information about the Flexible PhD Option, online coursework, part-time study, or dissertation requirements.""}]"
How do I apply online to AIT?,"したら
</think>

**Answer:**

To apply to the Asian Institute of Technology (AIT), applicants must meet the following **requirements and procedures**, based on the provided context:

---

### **1. General Admission Requirements**
- **Academic Qualifications**: Applicants must have a **bachelor’s degree** or equivalent from an accredited institution. For master’s programs, a **bachelor’s degree** is required; for PhD programs, a **master’s degree** or equivalent is typically required.
- **Language Proficiency**: 
  - Applicants must demonstrate **proficiency in written English**. This can be shown through:
    - **IELTS score of 6.0 or above**, or
    - **AIT-EET (AIT English Entrance Test) score of 6.0 or above**.
- **Application Form**: 
  - Complete the **online application form** at [https://admission.ait.ac.th/aoas/Applicant/FirstPage.aspx](https://admission.ait.ac.th/aoas/Applicant/FirstPage.aspx).
  - Pay the **application processing fee** as required.

---

### **2. Scholarship Requirements**
#### **DAAD Scholarship (Germany)**
- **Application Process**:
  - Register on the **DAAD portal**: [https://www.meindaad.de/en/help/how-do-i-register-for-an-application/](https://www.meindaad.de/en/help/how-do-i-register-for-an-application/).
  - Log in and submit your application **by the deadline** (20.11.2024).
  - Use the direct link: [https://funding.meindaad.de/sites/personalfunding#PBFApplication-Start?fundingProgramInstance=57757532](https://funding.meindaad.de/sites/personalfunding#PBFApplication-Start?fundingProgramInstance=57757532).
  - Application period: **16.09.2024 to 20.11.2024**.
- **Eligibility**:
  - Clear motivation and strong commitment.
  - Female applicants and candidates from **less privileged regions or groups** are **especially encouraged** to apply.
- **Scholarship Duration**:
  - Awards are for the **standard duration of the program** (up to a maximum of **22 months**).
  - Applicants must specify the **entire period** they wish to apply for in their application (e.g., 2 years for a master’s program).

#### **Royal Thai Government Scholarships**
- **Contact**: 
  - Kanchana at **02-524-6119**, or email: **[email protected]**.
- **Eligibility**: 
  - Thai citizens or nationals of other countries with **strong ties to Thailand**.
  - Demonstrated academic excellence and leadership potential.

#### **AIT Scholarships (AIS)**
- **Application Deadline for January 2026 Intake**: **15 November 2025**.
- **Application Link**: [https://admission.ait.ac.th/aoas/Applicant/FirstPage.aspx](https://admission.ait.ac.th/aoas/Applicant/FirstPage.aspx).
- **Scholarship Duration**: 
  - Awards are for the **standard duration of the program** (up to a maximum of **22 months**).
  - Applicants must specify the **entire period** they wish to apply for in their application.

---

### **3. Application Deadlines**
- **January Intake**: Application deadline is **15 November 2025**.
- **August Intake**: Application deadline is **15 May 2025** (not explicitly mentioned in the context, but typically follows the same pattern as other international universities).

---

### **4. Additional Requirements**
- **Statement of Purpose**: Clearly show motivation and strong commitment to your field of study.
- **Academic Transcripts**: Submit official transcripts from your previous institution.
- **Recommendation Letters**: Some programs may require letters of recommendation.
- **Interview**: Some programs may require an interview as part of the selection process.

---

### **5. Contact Information**
For further inquiries on **admissions requirements and procedures**, applicants can:
- Visit the **AIT Admissions website**: [https://ait.ac.th/apply-online](https://ait.ac.th/apply-online).
- Contact the **Admissions and Scholarships Unit**:
  - **Email**: [email protected]
  - **Phone**: (662) 524 5024, 31-33
  - **Address**: 
    - Admissions and Scholarships Unit
    - Asian Institute of Technology
    - P.O. Box 4, Klong Luang, Pathumthani 121
[TRUNCATED]","Applying to AIT is a fully online process.
1.	Visit the Online Portal: Applications are submitted through the official AIT admissions website: https://admission.ait.ac.th/
2.	Complete the Form: Fill out all required information and upload the necessary documents.
3.	Pay the Application Fee: A non-refundable fee (generally US$25 or 800 Thai Baht) is required to complete your submission.","[""https://ait.ac.th/apply-online::c0000"", ""https://ait.ac.th/financial/daad-scholarship::c0006"", ""https://ait.ac.th/financial/royal-thai-government-scholarships::c0006"", ""https://ait.ac.th/financial/daad-scholarship::c0002"", ""https://ait.ac.th/financial/ais-scholarship::c0004""]",not_enough_info,0.25,0,1,0.25,2,8,0,0.8,0,not_enough_info,0.95,entails,0.95,0,1,0,"[rank 1] Apply Now for Admissions to AIT | AIT Online Application Home > Apply online Apply online AIT welcomes talented, high-achieving students who contribute a wide diversity of views, experiences and perspectives. In this section Admissions Eligibility Financial aid Tuition and fees Student housing Apply online Frequently Asked Questions Start your application Complete your Online Application by clicking the ‘Apply Now’ button below. Apply now Deadlines and notifications for Application The AIT academic year consists of two semesters: January and August

---

[rank 2] The application process for DAAD scholarships contains the following steps: Register on the portal: https://www.meindaad.de/en/help/how-do-i-register-for-an-application/ Log in to the portal Carefully read the instructions on how to apply in the portal:https://www.meindaad.de/en/help/how-can-i-submit-my application/ Submit your application via the portal by the deadline indicated on the cover page of this document (20.11.2024). Use the following link to access the funding programme via the portal directly: https://funding.meindaad.de/sites/personalfunding#PBFApplication-Start?fundingProgramInstance=57757532 Application is only possible during the application period from 16.09.2024 to 20.11.2024. Further Inquiries For further inquiries on AIT Admissions Requirements and Procedures, applicants can visit the  AIT Admissions website. You may also contact the following address: Admissions and Scholarships Unit Asian Institute of Technology P.O

---

[rank 3] Kanchana at 02-524-6119, or E-mail: [email protected] Further Inquiries For further inquiries on AIT Admissions Requirements and Procedures, applicants can visit the  AIT Admissions website. You may also contact the following address: Admissions and Scholarships Unit Asian Institute of Technology P.O. Box 4, KlongLuang Pathumthani 12120 THAILAND (662) 524 5024, 31-33 [email protected] ﻿ ﻿ Apply Now For more information Click this link Subscribe to our newsletter Subscribe to our newsletter Follow us on social media We use cookies on our website to give you the most relevant experience by remembering your preferences and repeat visits. By clicking “Accept All”, you consent to the use of ALL the cookies. However, you may visit ""Cookie Settings"" to provide a controlled consent. Cookie Settings Accept All Manage consent Close Privacy Overview This website uses cookies to improve your experience while you navigate through the website

---

[rank 4] clearly show motivation and strong commitment. have a thorough command of written English (IELTS or AIT-EET 6.0 or above). See http://bit.ly/ait-eng-req must fulfill AIT online admission requirements. Applicants must apply to http://bit.ly/ait-admission and pay the processing fee Female applicants and candidates from less privileged regions or groups are especially encouraged to apply. Duration and Commencement Scholarships are awarded for the duration of the standard period of study for the chosen programme (up to a maximum of 22 months). Please state the entire period for which you wish to apply for a scholarship in your application. For example, if you are planning a 2-year degree programme, you must directly communicate two years as the desired scholarship duration in your application. After the first year of study, your academic achievements will be assessed in a further funding procedure

---

[rank 5] Application Deadline for January 2026 Intake:  15 November 2025 Apply here https://admission.ait.ac.th/aoas/Applicant/FirstPage.aspx Further Inquiries For further inquiries on AIT Admissions Requirements and Procedures, applicants can visit the  AIT Admissions website. They may also contact the following address: Admissions and Scholarships Unit Asian Institute of Technology P.O. Box 4, KlongLuang Pathumthani 12120 THAILAND (662) 524 5024, 31-33 [email protected] Subscribe to our newsletter Subscribe to our newsletter Follow us on social media We use cookies on our website to give you the most relevant experience by remembering your preferences and repeat visits. By clicking “Accept All”, you consent to the use of ALL the cookies. However, you may visit ""Cookie Settings"" to provide a controlled consent. Cookie Settings Accept All Manage consent Close Privacy Overview This website uses cookies to improve your experience while you navigate through the website",claim_level_sr,"The hypothesis ""したら"" is incomplete, nonsensical, and lacks any meaningful claims that could be evaluated against the premise about AIT's online application process.","The premise explicitly states that applications are submitted through the online portal, forms are completed online, and fees are paid online, supporting the hypothesis that the process is fully online.","[{""claim"": ""</think>"", ""label"": ""not_enough_info"", ""confidence"": 1.0, ""supported"": 0, ""rationale"": ""The hypothesis is missing from the input, making it impossible to evaluate entailment.""}, {""claim"": ""*Answer:**"", ""label"": ""not_enough_info"", ""confidence"": 1.0, ""supported"": 0, ""rationale"": ""The hypothesis is missing, so no evaluation can be performed.""}, {""claim"": ""To apply to the Asian Institute of Technology (AIT), applicants must meet the following **requirements and procedures**, based on the provided context:"", ""label"": ""entails"", ""confidence"": 0.95, ""supported"": 1, ""rationale"": ""Premise explicitly states AIT application requirements (IELTS/6.0, online application, processing fee, scholarship eligibility) and procedures (deadlines, application links, contact info) matching the hypothesis.""}, {""claim"": ""### **1."", ""label"": ""not_enough_info"", ""confidence"": 1.0, ""supported"": 0, ""rationale"": ""The hypothesis is incomplete or missing, making it impossible to determine entailment or contradiction.""}, {""claim"": ""General Admission Requirements**"", ""label"": ""not_enough_info"", ""confidence"": 0.95, ""supported"": 0, ""rationale"": ""The premise provides partial details about specific requirements (e.g., English proficiency, processing fees) and deadlines but lacks comprehensive information about general admission criteria such as academic qualifications, program-specific requirements, or standardized test scores.""}, {""claim"": ""**Academic Qualifications**: Applicants must have a **bachelor’s degree** or equivalent from an accredited institution."", ""label"": ""not_enough_info"", ""confidence"": 0.95, ""supported"": 0, ""rationale"": ""None of the premises explicitly mention a requirement for a bachelor’s degree or equivalent. The closest reference (rank 4) discusses English proficiency and admission requirements but does not specify academic qualifications.""}, {""claim"": ""For master’s programs, a **bachelor’s degree** is required; for PhD programs, a **master’s degree** or equivalent is typically required."", ""label"": ""not_enough_info"", ""confidence"": 0.95, ""supported"": 0, ""rationale"": ""The premises describe application processes, deadlines, and requirements like English proficiency but do not mention specific degree requirements (bachelor’s/master’s) for master’s or PhD programs at AIT.""}, {""claim"": ""**Language Proficiency**:"", ""label"": ""entails"", ""confidence"": 1.0, ""supported"": 1, ""rationale"": ""The premise explicitly states that applicants must have a thorough command of written English (IELTS or AIT-EET 6.0 or above), directly supporting the hypothesis about language proficiency requirements.""}]"
When does the application form open?,"To apply to the **Asian Institute of Technology (AIT)** and secure scholarships, follow this structured guide based on the provided context:

---

### **1. Application Process**
- **Online Application**:  
  Visit [AIT’s Apply Online Portal](https://ait.ac.th/apply-online) and select your program (e.g., Open Master of Engineering/Science in Interdisciplinary Studies [OMIS]).  
  - **Required Documents**:  
    - Study Plan and Research Plan (specific to OMIS).  
    - Academic transcripts, recommendation letters, and other standard documents.  
  - **Payment**: Follow the same process as other programs; details are available on the portal.  

- **Deadlines**:  
  - **January Intake**: 15 November 2025.  
  - **August Intake**: 15 May 2025.  
  - **Scholarship Deadlines**:  
    - **DAAD Scholarship**: 16 February 2026 (for 2026 intakes).  
    - **LPDP Scholarship (Indonesia)**: 18 July 2026 (for 2, 3, or 6-month programs).  

---

### **2. Scholarship Opportunities**
#### **DAAD Scholarship (Germany)**  
- **Eligibility**: International students with strong academic records and leadership potential.  
- **Application Steps**:  
  1. Submit your AIT application and receive an offer.  
  2. Apply via DAAD’s portal: [https://funding.meindaad.de](https://funding.meindaad.de) (deadline: 20 November 2024 for 2025 intakes).  
  3. Shortlisted applicants must provide additional documents (DAAD form, CV, etc.).  
- **Duration**: Covers the standard program duration (up to 22 months).  

#### **Royal Thai Government Scholarships**  
- **Eligibility**: Thai citizens or nationals with strong ties to Thailand.  
- **Contact**: Kanchana at [email protected] or (662) 524-6119.  

#### **AIT Scholarships (AIS)**  
- **Deadline**: 15 November 2025 for January 2026 intake.  
- **Application**: Submit via [AIT’s Apply Online Portal](https://ait.ac.th/apply-online).  

#### **LPDP Scholarships (Indonesia)**  
- **Process**:  
  1. Apply for AIT admission and receive an offer.  
  2. Submit documents to LPDP (e.g., recommendation letters, CV) via [https://beasiswalpdp.kemenkeu.go.id](https://beasiswalpdp.kemenkeu.go.id).  
  3. Complete the application by 18 July 2026.  

---

### **3. Key Deadlines**
| Program/Deadline | Date | Notes |
|------------------|------|-------|
| **January Intake** | 15 November 2025 | For all programs. |
| **August Intake** | 15 May 2025 | For all programs. |
| **DAAD Scholarship** | 16 February 2026 | For 2026 intakes. |
| **LPDP Scholarship** | 18 July 2026 | For 2, 3, or 6-month programs. |

---

### **4. Contact Information**
- **Admissions & Scholarships Unit**:  
  - Email: [email protected]  
  - Phone: (662) 524-5024, 31-33  
  - Address: AIT, P.O. Box 4, Klong Luang, Pathumthani 12120, Thailand.  
- **DAAD Scholarship**:  
  - Portal: [https://funding.meindaad.de](https://funding.meindaad.de)  
- **LPDP Scholarship**:  
  - Portal: [https://beasiswalpdp.kemenkeu.go.id](https://beasiswalpdp.kemenkeu.go.id)  

---

### **5. Additional Notes**
- **Language Proficiency**: IELTS 6.0 or AIT-EET 6.0 is required.  
- **Scholarship Duration**: Awards cover the standard program duration (up to 22 months).  
- **Program-Specific Requirements**: For OMIS, submit a Study Plan and Research Plan.  

For further assistance, contact AIT’s admissions team or visit their [Apply Online Portal](https://ait.ac.th/apply-online).","The Asian Institute of Technology (AIT) application forms for the August intake are typically open now. The deadlines for applications and financial aid vary by program and semester. For the January semester intake, applications are open now. For the August intake, which is for the School of Engineering and Technology (SET) and School of Environment Resources and Development (SERD), the application is also open. The School of Management (SOM) has separate deadlines for March and June intakes. 
Key Deadlines:
January Semester Intake: Applications are currently open. 
August Semester Intake: Applications are open. 
School of Management (SOM):
March Intake: February 15 (overseas, requiring educational visa), February 25 (other applicants) 
June Intake: May 15 (overseas, requiring educational visa), May 25 (other applicants) 
AIT Scholarships: June 10 is the deadline, according to the Asian Institute of Technology. 
Other Scholarships: March 31 is the deadline, according to the Asian Institute of Technology. 
DAAD Scholarship: November 20 (AIT deadline is November 15).","[""https://ait.ac.th/tuition-and-fees::c0006"", ""https://ait.ac.th/apply-online::c0000"", ""https://ait.ac.th/study/open-master-of-engineering-science-in-interdisciplinary-studies-omis::c0009"", ""https://ait.ac.th/financial/lpdp-scholarships-indonesia-government-scholarships-for-indonesian::c0001"", ""https://ait.ac.th/financial/daad-scholarship::c0003""]",not_enough_info,0.375,0,1,0.375,3,8,0,0.8,0,contradicts,0.95,contradicts,0.95,0,0,1,"[rank 1] [email protected] (Cashier) with the student ID number/invoice numbe r (enrolled students) or the Application number of the new incoming studen t Apply Admissions Eligibility Financial aid Tuition and fees Student housing Apply online Frequently Asked Questions Subscribe to our newsletter Subscribe to our newsletter Follow us on social media We use cookies on our website to give you the most relevant experience by remembering your preferences and repeat visits

---

[rank 2] Apply Now for Admissions to AIT | AIT Online Application Home > Apply online Apply online AIT welcomes talented, high-achieving students who contribute a wide diversity of views, experiences and perspectives. In this section Admissions Eligibility Financial aid Tuition and fees Student housing Apply online Frequently Asked Questions Start your application Complete your Online Application by clicking the ‘Apply Now’ button below. Apply now Deadlines and notifications for Application The AIT academic year consists of two semesters: January and August

---

[rank 3] How to Apply? To apply, go to the AIT online application form by Clicking Here and choose “Open Master of Engineering/Science in Interdisciplinary Studies”. You also need to submit a Study Plan and a Research Plan in addition to the other required documents. Deadline The application deadline is like our other programs. Check Deadline Payment The payment follows the same process as for other programs. All details to make payments are at this website, Click here. Contact & Support For more Inquiry, please contact the us at this email: [email protected] Apply Now Program brochure For more information Click this link Subscribe to our newsletter Subscribe to our newsletter Follow us on social media We use cookies on our website to give you the most relevant experience by remembering your preferences and repeat visits. By clicking “Accept All”, you consent to the use of ALL the cookies. However, you may visit ""Cookie Settings"" to provide a controlled consent

---

[rank 4] Once they receive the official offer of admission (this covers all financial details of the cost of the program), they can submit these documents to LPDP to secure the full scholarship to AIT if they meet the LPDP criteria. Those interested in applying for the programs below for January or August 2026 admission (this also includes March and June 2026 for further MBA admission enrolments) have until 18 July 2026 to complete the full application, receive an offer letter, and complete the other steps outlined below. The detailed information on the application process: 2026 Scholarship Application Register online on the LPDP Scholarship Registration website: https://beasiswalpdp.kemenkeu.go.id Complete the AIT application process and receive an AIT offer letter. Complete and upload all required documents on the registration application to the address in #1.  This includes Recommendation Letters, Certificates, or similar documents are issued in accordance with LPDP regulations

---

[rank 5] After the first year of study, your academic achievements will be assessed in a further funding procedure. If this assessment shows that you will successfully complete your programme within a reasonable period of time, the scholarship will continue as planned. The scholarship usually begins in August of the following year Selection Procedure After the deadline of 16 February 2026 , AIT will screen, pre-select (according to DAAD selection criteria) and short-list the applicants. Short-listed applicants will be contacted for the following additional documents: DAAD application form duly filled in (to be provided to short-listed applicants) Hand-signed curriculum vitae (please use the European specimen form at http://europass.cedefop. Europa.eu), including a list of publications (if applicable)",claim_level_sr,"The hypothesis states DAAD Scholarship deadline is 16 February 2026, but the premise explicitly states DAAD Scholarship deadline is November 15 (AIT deadline). This direct contradiction invalidates the hypothesis.",The hypothesis claims DAAD Scholarship deadline is November 15 (contradicting the premise's 16 February 2026 for 2026 intakes) and AIT Scholarships deadline is June 10 (contradicting the premise's November 15 2025). The premise also lacks mention of SOM deadlines and application status for current dates.,"[{""claim"": ""To apply to the **Asian Institute of Technology (AIT)** and secure scholarships, follow this structured guide based on the provided context:"", ""label"": ""entails"", ""confidence"": 0.95, ""supported"": 1, ""rationale"": ""The premise provides detailed steps for applying to AIT, including online application processes, required documents (Study Plan/Research Plan), scholarship deadlines (18 July 2026), LPDP registration, and selection criteria (DAAD requirements), fully supporting the structured guide in the hypothesis.""}, {""claim"": ""### **1."", ""label"": ""not_enough_info"", ""confidence"": 1.0, ""supported"": 0, ""rationale"": ""The hypothesis is incomplete and lacks specific claims to evaluate against the premise.""}, {""claim"": ""Application Process**"", ""label"": ""entails"", ""confidence"": 0.95, ""supported"": 1, ""rationale"": ""The premise details multiple aspects of the application process including online application steps, required documents (Study Plan, Research Plan), deadlines (18 July 2026), payment procedures, scholarship requirements, and selection criteria, fully supporting the hypothesis.""}, {""claim"": ""**Online Application**:"", ""label"": ""entails"", ""confidence"": 0.95, ""supported"": 1, ""rationale"": ""Premise explicitly describes the online application process, including links to the form, required documents, deadlines, and steps to apply, directly supporting the hypothesis.""}, {""claim"": ""Visit [AIT’s Apply Online Portal](https://ait.ac.th/apply-online) and select your program (e.g., Open Master of Engineering/Science in Interdisciplinary Studies [OMIS])."", ""label"": ""not_enough_info"", ""confidence"": 0.75, ""supported"": 0, ""rationale"": ""The premise mentions applying online and selecting programs like OMIS but does not explicitly confirm the specific URL in the hypothesis. While the general action of visiting the portal is supported, the exact URL is not provided in the premise.""}, {""claim"": ""**Required Documents**:"", ""label"": ""not_enough_info"", ""confidence"": 0.95, ""supported"": 0, ""rationale"": ""The hypothesis is incomplete as it only mentions 'Required Documents' without specifying which documents. The premise provides some details about required documents (e.g., Study Plan, Research Plan, recommendation letters, certificates) but lacks a comprehensive list to fully support the hypothesis.""}, {""claim"": ""Study Plan and Research Plan (specific to OMIS)."", ""label"": ""not_enough_info"", ""confidence"": 0.95, ""supported"": 0, ""rationale"": ""The premise mentions Study Plan and Research Plan for a specific program (Open Master of Engineering/Science in Interdisciplinary Studies), but does not explicitly state this applies to OMIS. The hypothesis specifies 'specific to OMIS,' which is not confirmed by the premise.""}, {""claim"": ""Academic transcripts, recommendation letters, and other standard documents."", ""label"": ""not_enough_info"", ""confidence"": 0.75, ""supported"": 0, ""rationale"": ""The premise mentions recommendation letters (rank 4) and other required documents (ranks 3, 4), but does not explicitly state that academic transcripts are required. The hypothesis lists three specific items, but the premise lacks explicit confirmation of all components.""}]"
Can I apply with a GPA below the required minimum?,"הליכ

</think>

To apply for a **Master’s or Ph.D. program at Asian Institute of Technology (AIT)**, you must meet the following **eligibility and admission requirements**:

---

## 🎓 **Master’s Program Requirements**

### ✅ **Academic Background**
- **Bachelor’s Degree**: You must hold a **bachelor’s degree** (normally from a four-year program) or its equivalent in an appropriate field of study from an institution of good standing.
- **Minimum GPA**: 
  - For **Master’s programs**: A minimum GPA of **2.75 or equivalent** on a 4.00 scale.
  - For **Ph.D. programs**: A minimum GPA of **3.00 or equivalent** on a 4.00 scale.

### ✅ **English Proficiency**
- **IELTS**: A minimum score of **6.0** (with a **minimum of 6.0 in the Writing section**).
- **TOEFL**:
  - **Paper-based**: **550** (with **59–61 in Writing**).
  - **Computer-based**: **213** (with **25–26 in Writing**).
  - **Internet-based**: **80** (with **21–23 in Writing**).
- **AIT-EET**: A score of **6 or above**.

---

## 🎓 **Ph.D. Program Requirements**

### ✅ **Academic Background**
- **Master’s Degree**: You must hold a **master’s degree** or its equivalent in a relevant field from an institution of good standing.
- **Minimum GPA**: A minimum GPA of **3.50 or equivalent** on a 4.00 scale.

### ✅ **English Proficiency**
- **IELTS**: A minimum score of **6.5** (with a **minimum of 6.0 in the Writing section**).
- **TOEFL**:
  - **Internet-based**: **80** (with **21–23 in Writing**).
- **AIT-EET**: A score of **6 or above**.

---

## 📚 **Program-Specific Requirements**

### 📚 **Professional Master’s Programs (e.g., PME-GEM, PMESG, ASEA)**
- **Work Experience**: For PM programs, you must have **at least 3 years of work experience** in areas related to the academic program.
- **Leadership**: You should be an **executive in an organization or company**.
- **Health**: You must be in **satisfactory physical and mental health**.

### 📚 **Dual Degree Program (Water Engineering & Management with Colorado State University)**
- **Target Group**: Highly motivated candidates with a **bachelor’s degree in Civil, Environmental, or Water Resources Engineering** or related fields.
- **Minimum GPA**: 3.0 or equivalent at the bachelor’s level.

---

## 📅 **Key Deadlines**

| Program/Deadline | Date | Notes |
|------------------|------|-------|
| **Master’s Intake** | 15 November 2025 | For January 2026 intake |
| **Ph.D. Intake** | 15 November 2025 | For January 2026 intake |
| **DAAD Scholarship** | 16 February 2026 | For 2026 intakes |
| **LPDP Scholarship (Indonesia)** | 18 July 2026 | For 2, 3, or 6-month programs |

---

## 📞 **Contact Information**

- **Admissions & Scholarships Unit**  
  - Email: [email protected]  
  - Phone: (662) 524-5024, 31-33  
  - Address: Asian Institute of Technology, P.O. Box 4, Klong Luang, Pathum Thani 12120, Thailand  
- **DAAD Scholarship Portal**: [https://funding.meindaad.de](https://funding.meindaad.de)  
- **LPDP Scholarship Portal**: [https://beasiswalpdp.kemenkeu.go.id](https://beasiswalpdp.kemenkeu.go.id)  

---

## 📚 **Additional Notes**
- **Language Proficiency**: IELTS 6.0 or AIT-EET 6 is required for most programs.
- **Scholarship Duration**: Awards cover the standard program duration (up to 22 months).
- **Program-Specific Requirements**: For PME-GEM, PMESG, and ASEA, submit a **Study Plan and Research Plan**.

---

## 📚 **Recommended Documents for Application**
- Completed **application form**
- **Transcripts** (with GPA)
- **English proficiency test results** (IELTS, TOEFL, or AIT-EET)
- **Recommendation letters** (3–4)
- **Statement of Purpose** (for Ph.D. applicants)
- **CV or resume**
- **Proof of work experience** (for PM programs)
- **Proof of financial support** (if applicable)

---

## 📌 **Application Process**
1. Submit your application via [AIT’s Apply Online Portal](https://ait.ac.th/apply-online).
2. Wait for an offer of admission.
3. Apply for scholarships (DAAD, LPDP, etc.) if eligible.
4. Prepare for the program (e.g., 
[TRUNCATED]","Yes, it is sometimes possible to be admitted to the Asian Institute of Technology (AIT) with a GPA below the stated minimum requirement, but it depends on several other factors.
While AIT's general requirement is a minimum GPA of 2.75 out of 4.0 for Master's programs and 3.50 out of 4.0 for Doctoral programs, admission is not based on GPA alone. AIT reviews applications holistically.","[""https://ait.ac.th/financial/rtg-fellowships-ph-d-to-support-the-asian-innovation-hub::c0002"", ""https://ait.ac.th/program/professional-master-in-geotechnical-engineering-and-management-pme-gem::c0003"", ""https://ait.ac.th/program/agricultural-systems-engineering-and-agribusiness-asea::c0003"", ""https://ait.ac.th/program/dual-degree-masters-program-in-water-engineering-and-management-with-colorado-state-university::c0002"", ""https://ait.ac.th/program/professional-master-in-environment-social-and-governance-esg::c0002""]",not_enough_info,0.5,0,1,0.5,4,8,0,0.8,0,entails,0.85,not_enough_info,0.75,0,1,0,"[rank 1] cGPA Requirements Bachelor’s Degree: A minimum cumulative GPA of 3.00 on a 4.00 scale or equivalent Master’s Degree: A minimum cumulative GPA of 3.50 on a 4.00 scale or equivalent. English Proficiency Applicants must meet the English proficiency requirements stipulated by the AIT Language Center: an IELTS score of 6 (with a minimum score in the Writing section) or an AIT EET score of 6 or above

---

[rank 2] Eligibility To be eligible for admission to the regular Masters program, an applicant must: Hold a bachelor’s degree (normally from a four-year program), or its equivalent, in an appropriate field of study from an institution of good standing acceptable to AIT; Have undergraduate grades significantly above average. The minimum GPA requirement for admission to the Masters Program is 2.75 or equivalent, at the Bachelor degree level; English Proficiency Requirement: AIT-EET:6 or IELTS- Academic:6 (writing 6) or TOEFL Paper: 550 (writing 59-61) or TOEFL CBT: 213 (writing 25-26): TOEFL IBT: 80 (writing 21-23); For the PM degree program, in addition to the above-mentioned eligibility requirements, an applicant must: have at least 3 years of work experience in areas related to the academic program at AIT and be executives in organizations/companies. Be in satisfactory physical and mental health. Satisfy English requirements by AIT

---

[rank 3] Preferred Background The applicant should hold a minimum GPA of 2.75 or equivalent at the Bachelor’s level (for Master’s program) and 3.5 or equivalent at the Master’s level (for Ph.D.). Eligible undergraduate degrees include: Bachelor of Science and Biological Sciences Bachelor of Agricultural/Electronics/Biotechnology/Mechanical Engineering Bachelor of Computer Science/or Any Relevant Engineering Discipline Bachelor of Science in Agriculture Bachelor of Food Science and Technology Bachelor of Dairy Technology Bachelor of Science in Biochemistry Bachelor of Science in Biotechnology Bachelor of Agricultural Sciences, Environmental Sciences, Management Sciences or Social Sciences Course Structure Course Code Course Number of Credits Description/Course Objective Semester ED70.03 Agricultural Systems Analysis 3 Agricultural systems with biological components interacting with social and economic elements are extremely complex in nature

---

[rank 4] Target group Highly motivated and ambitious candidates with a bachelor’s degree preferably in Civil, Environmental or Water Resources Engineering or related fields. Minimum Admissions Requirements Hold a Bachelor’s degree in engineering or a closely related field (normally from a four-year program), or its equivalent; Have undergraduate grades significantly above average; the minimum GPA requirement for admission to the Master’s Program is 3.0 or equivalent at the Bachelor’s degree level; English Proficiency Requirement: IELTS 6.5 (writing 6 minimum) or TOEFL IBT: 80 (writing 21-23); Three letters of recommendation Semester Aug-Dec

---

[rank 5] The minimum GPA requirement for admission to the Masters Program is 2.75 or equivalent, at the Bachelor degree level; English Proficiency Requirement: AIT-EET:6 or IELTS- Academic:6 (writing 6) or TOEFL Paper: 550 (writing 59-61) or TOEFL CBT: 213 (writing 25-26): TOEFL IBT: 80 (writing 21-23); For the PM degree program, in addition to the above-mentioned eligibility requirements, an applicant must: have at least 3 years of work experience in areas related to the academic program at AIT and be executives in organizations/companies. Be in satisfactory physical and mental health. Satisfy English requirements by AIT. Delivery Mode PMESG is designed for the regional mobile working professional. A module is offered every month, with classes on two consecutive weekends. Students benefit from AIT’s hybrid multi-modal teaching model that combines online and in-class instruction with extensive practical exposure",claim_level_sr,"The premise explicitly states the GPA requirements for Master's (2.75) and Ph.D. (3.50) programs at AIT, directly supporting the hypothesis's claims about minimum GPA thresholds.","The premise states GPA requirements but does not explicitly confirm whether lower GPAs can lead to admission. While it mentions admission is not solely based on GPA, it does not provide sufficient information to confirm the hypothesis about possible exceptions.","[{""claim"": ""</think>"", ""label"": ""not_enough_info"", ""confidence"": 1.0, ""supported"": 0, ""rationale"": ""The Hypothesis is missing from the input, making it impossible to evaluate entailment.""}, {""claim"": ""To apply for a **Master’s or Ph.D."", ""label"": ""entails"", ""confidence"": 0.95, ""supported"": 1, ""rationale"": ""Premise details GPA and English proficiency requirements for both Master’s and Ph.D. programs, aligning with the hypothesis’s context of application criteria.""}, {""claim"": ""program at Asian Institute of Technology (AIT)**, you must meet the following **eligibility and admission requirements**:"", ""label"": ""entails"", ""confidence"": 0.95, ""supported"": 1, ""rationale"": ""The premise details GPA requirements, English proficiency tests (IELTS, TOEFL, AIT-EET), and work experience for PM programs, directly supporting the hypothesis' claim about eligibility/admission requirements.""}, {""claim"": ""## 🎓 **Master’s Program Requirements**"", ""label"": ""entails"", ""confidence"": 0.95, ""supported"": 1, ""rationale"": ""The premise details GPA requirements (3.50 for Master’s), English proficiency (IELTS 6 or AIT-EET 6), and eligibility criteria for the Master’s program, which align with the hypothesis's focus on Master’s Program Requirements.""}, {""claim"": ""### ✅ **Academic Background**"", ""label"": ""not_enough_info"", ""confidence"": 0.95, ""supported"": 0, ""rationale"": ""The Hypothesis content is missing, making it impossible to determine entailment or contradiction.""}, {""claim"": ""**Bachelor’s Degree**: You must hold a **bachelor’s degree** (normally from a four-year program) or its equivalent in an appropriate field of study from an institution of good standing."", ""label"": ""entails"", ""confidence"": 0.95, ""supported"": 1, ""rationale"": ""Premise [rank 2] explicitly states the requirement for a bachelor’s degree from a four-year program or equivalent in an appropriate field from an acceptable institution, matching the hypothesis exactly.""}, {""claim"": ""**Minimum GPA**:"", ""label"": ""not_enough_info"", ""confidence"": 0.95, ""supported"": 0, ""rationale"": ""The premise lists varying GPA requirements (2.75, 3.0, 3.5) for different programs (Master’s, PM degree, Ph.D.) but the hypothesis is general. Without specifying the program, the premise cannot fully support a single minimum GPA claim.""}, {""claim"": ""For **Master’s programs**: A minimum GPA of **2.75 or equivalent** on a 4.00 scale."", ""label"": ""not_enough_info"", ""confidence"": 0.95, ""supported"": 0, ""rationale"": ""The premise includes varying GPA requirements for different Master’s programs (e.g., 2.75, 3.0, 3.5), while the hypothesis specifies a universal 2.75 requirement. Since some programs in the premise have higher GPA thresholds, the hypothesis is not fully supported by the premise.""}]"
What is the required IELTS or TOEFL score?,"The admission requirements for the **Master’s and PhD programs at Asian Institute of Technology (AIT)** are clearly outlined in the provided context. Here’s a summary of the GPA requirements and considerations for applicants with lower GPAs:

---

### **Master’s Programs**
1. **Professional Master’s in Project Management (MPM)**  
   - **Minimum GPA**: 2.75 (on a 4.0 scale)  
   - **Additional Requirements**:  
     - At least **3 years of work experience** in areas related to the program.  
     - Must be an **executive in an organization/company**.  
     - Proof of **satisfactory physical and mental health**.  

2. **Dual Degree in Water Engineering & Management (with Colorado State University)**  
   - **Minimum GPA**: 3.0 (on a 4.0 scale) at the bachelor’s level.  

3. **Professional Masters in Data Science & AI (with AIT-UNITAR)**  
   - **Minimum GPA**: 2.75 (on a 4.0 scale).  

4. **Other Master’s Programs**  
   - **Minimum GPA**: Typically 2.75–3.0 (on a 4.0 scale), depending on the program.  
   - **English Proficiency**: IELTS 6.0 (writing 6), TOEFL IBT 80 (writing 21–23), or AIT-EET 6.  

---

### **PhD Program in Management**
- **Minimum GPA**: 3.0 (on a 4.0 scale) at the bachelor’s level.  
- **English Proficiency**: IELTS 6.0 (writing 6), TOEFL IBT 80 (writing 21–23), or AIT-EET 6.  

---

### **Can You Apply with a GPA Lower Than the Minimum?**
The context **does not explicitly state** that AIT accepts applicants with GPAs below the stated minimum. However, here are some possibilities to consider:  

1. **Alternative Pathways**:  
   - Some programs (e.g., **PM programs**) prioritize **work experience** over GPA. If your GPA is below the minimum but you have significant professional experience, you may still qualify.  
   - For the **Dual Degree in Water Engineering & Management**, applicants without a GRE score can be admitted but must achieve the required GRE score later. This suggests flexibility in certain cases.  

2. **Special Consideration**:  
   - AIT may evaluate applications holistically, considering factors like **letters of recommendation**, **statement of purpose**, **research experience**, or **professional achievements**. If your GPA is lower but you have strong supporting materials, you could still be considered.  

3. **Contact AIT Admissions**:  
   - The best approach is to **contact AIT’s Admissions Office** directly. They can clarify whether your specific case (e.g., lower GPA, work experience, or other qualifications) might qualify for admission.  

---

### **Key Takeaways**
- **GPA Requirements**: Most programs require a minimum GPA of **2.75–3.0** (on a 4.0 scale).  
- **Work Experience**: For PM programs, **3+ years of relevant work experience** is a critical requirement.  
- **English Proficiency**: All programs require proof of English proficiency (IELTS, TOEFL, or AIT-EET).  
- **Flexibility**: While the context does not explicitly allow lower GPAs, AIT may consider applicants with strong alternative qualifications.  

---

### **Next Steps**
1. **Review Program-Specific Requirements**: Check the exact GPA and English proficiency criteria for your target program.  
2. **Contact AIT Admissions**: Reach out to [email protected] or the admissions office for personalized guidance.  
3. **Prepare Supporting Documents**: If your GPA is below the minimum, emphasize work experience, letters of recommendation, or other strengths in your application.  

For more details, visit AIT’s official admissions page: [https://www.ait.ac.th/admissions/](https://www.ait.ac.th/admissions/)","To be admitted to the Asian Institute of Technology (AIT), applicants generally need a minimum IELTS score of 6.0 (with a writing score of 6.0) or a TOEFL score of 80 (with a writing score of 21-23). Some programs or scholarships may have stricter requirements, potentially requiring higher scores or additional assessments like the AIT Academic Writing Test (AWPT). Minimum Requirements (General):
IELTS: 6.0 overall, with a minimum of 6.0 in the writing section.
TOEFL (iBT): 80 overall, with a minimum of 21-23 in the writing section.
TOEFL (Paper-based): 550 overall, with a writing score of 59-61.
TOEFL (CBT): 213 overall, with a writing score of 25-26.
AIT-EET: 6","[""https://ait.ac.th/program/professional-master-in-project-management-mpm::c0004"", ""https://ait.ac.th/program/professional-masters-programme-in-data-science-and-ai-applications-ait-unitar-pmds::c0002"", ""https://ait.ac.th/program/dual-degree-masters-program-in-water-engineering-and-management-with-the-university-of-iowa::c0002"", ""https://ait.ac.th/program/doctor-of-philosophy-ph-d-in-management::c0009"", ""https://ait.ac.th/program/dual-degree-masters-program-in-data-science-and-ai-with-brunel-university-london::c0002""]",not_enough_info,0.375,0,1,0.375,3,8,0,0.8,0,not_enough_info,0.6,entails,0.95,0,1,0,"[rank 1] or IELTS-Academic:6 (writing 6) or TOEFL Paper: 550 (writing 59-61) or TOEFL CBT: 213 (writing 25-26): TOEFL IBT: 80 (writing 21-23); have at least 3 years of work experience in areas related to the academic program at AIT and be executives in organizations/companies

---

[rank 2] program), or its equivalent from an accredited institution in relevant areas with a minimum cumulative grade point average of 2.75 (4.0 scale); English Proficiency Requirement: AIT-EET: 6; IELTS Academic: overall 6 (writing 6); TOEFL iBT: overall 80 (writing 21-23); PTE Academic: overall 52 (writing 62-73); Minimum of 3 years of work experience in relevant areas

---

[rank 3] Dual Degree Structure & Pathway Admission Requirements Hold a bachelor’s degree (normally from a four-year program), or its equivalent The minimum undergraduate GPA requirement for admission to the master’s program is 3.0 or equivalent AIT: IELTS-Academic: 6 (writing 6) TOEFL Paper: 550 (writing 59-61) TOELF CBT: 213 (writing 25-26) TOEFL IBT: 80 (writing 21-23) UI: TOEFL IBT: 81 IELTS: total score of 7.0 (no sub-score less than 6.0) Students satisfying the AIT requirement can be admitted to the program; however, to continue to Phase 2, students must achieve the UI scores for English proficiency while at AIT. Two letters of recommendation GRE: 301 (verbal + quantitative) Students without GRE can also be admitted to the program; however, to continue to Phase 2, they must achieve the required GRE score while at AIT

---

[rank 4] ​ English Proficiency Requirement: AIT-EET:6 or IELTS-Academic:6 (writing 6) or TOEFL IBT: 80 (writing 21-23) or PTE Academic: 62-73 (Writing Score). For more information regarding English requirements:​ https://www.ait.ac.th/admissions/eligibility/ ​​​ Intake ​ Two entries/Year (January & August) Application Deadline: 30 June (for overseas applicants, requiring an educational visa) and 25 July (for other applicants) ​ Fees Tuition Fees: 1,484,000 Thai Baht (84 Credits) For more information regarding tuition & fees: https://ait.ac.th/tuition-and-fees/ ​​​ bottom of page

---

[rank 5] Minimum Admissions Requirements A 2:2 or above UK Honours degree or equivalent internationally recognized qualification from a scientific, engineering, or a numerate subject. In terms of English language requirements: IELTS: 6.5 (min 6 in all areas) • Pearson: 58 (51 in all subscores) • BrunELT: 65% (min 60% in all areas) TOEFL: 92 (min 20 in all) Semester Aug-Dec",claim_level_sr,The premise only discusses English proficiency requirements (IELTS/TOEFL) but does not mention GPA requirements or any alternative pathways for lower GPAs. The hypothesis introduces GPA-specific details not covered in the premise.,"The premise explicitly states the IELTS (6.0 with writing 6.0), TOEFL (80 with writing 21-23), and AIT-EET (6) requirements for all programs, which matches the hypothesis. The hypothesis also mentions potential stricter requirements, which is consistent with the premise's note about flexibility in certain cases (e.g., Dual Degree program's GRE requirement).","[{""claim"": ""The admission requirements for the **Master’s and PhD programs at Asian Institute of Technology (AIT)** are clearly outlined in the provided context."", ""label"": ""not_enough_info"", ""confidence"": 0.95, ""supported"": 0, ""rationale"": ""The premise lists various admission requirements across different ranks but does not explicitly state that these requirements are specifically for Master’s and PhD programs at AIT. While some sections mention graduate-level criteria (e.g., dual degree, GPA thresholds), the direct linkage to Master’s/PhD programs is not clearly established.""}, {""claim"": ""Here’s a summary of the GPA requirements and considerations for applicants with lower GPAs:"", ""label"": ""not_enough_info"", ""confidence"": 0.95, ""supported"": 0, ""rationale"": ""The premise lists minimum GPA requirements (e.g., 2.75, 3.0) but does not mention any considerations or exceptions for applicants with GPAs below these thresholds. The hypothesis refers to 'lower GPAs,' but the premise provides no information about how such applicants might be treated.""}, {""claim"": ""### **Master’s Programs**"", ""label"": ""entails"", ""confidence"": 0.95, ""supported"": 1, ""rationale"": ""The premise explicitly mentions admission requirements for Master’s programs in multiple ranks (e.g., rank 3 and 5), directly supporting the hypothesis.""}, {""claim"": ""**Professional Master’s in Project Management (MPM)**"", ""label"": ""not_enough_info"", ""confidence"": 1.0, ""supported"": 0, ""rationale"": ""The premise outlines admission requirements for various programs but does not mention the specific \""Professional Master’s in Project Management (MPM)\"" program. There is no information provided about MPM's requirements, eligibility, or existence.""}, {""claim"": ""**Minimum GPA**: 2.75 (on a 4.0 scale)"", ""label"": ""entails"", ""confidence"": 1.0, ""supported"": 1, ""rationale"": ""The premise explicitly states \""minimum cumulative grade point average of 2.75 (4.0 scale)\"" in rank 2, directly supporting the hypothesis.""}, {""claim"": ""**Additional Requirements**:"", ""label"": ""not_enough_info"", ""confidence"": 1.0, ""supported"": 0, ""rationale"": ""The Hypothesis section is empty and contains no claims to evaluate against the Premise.""}, {""claim"": ""At least **3 years of work experience** in areas related to the program."", ""label"": ""entails"", ""confidence"": 0.95, ""supported"": 1, ""rationale"": ""Premise explicitly states 3 years of work experience is required for multiple admission ranks (1, 2, 3), directly supporting the hypothesis.""}, {""claim"": ""Must be an **executive in an organization/company**."", ""label"": ""not_enough_info"", ""confidence"": 0.95, ""supported"": 0, ""rationale"": ""The premise only specifies that executives are required for rank 1, but the hypothesis states it as a universal requirement. Other ranks (2-5) do not mention executive status, so the premise does not fully support the hypothesis.""}]"
Do I need to pick or choose specific majors before applying?,"The **IELTS and TOEFL score requirements** for the **Master’s and PhD programs at Asian Institute of Technology (AIT)** are **not explicitly stated** in the provided context. However, based on **general admission guidelines** for AIT and similar institutions, here’s a summary of the typical requirements:

---

### **English Proficiency Requirements (General Guidelines)**
1. **IELTS**:  
   - **Minimum score**: 6.0 (with a **writing score of at least 6.0**).  
   - Some programs may require a **higher score** (e.g., 6.5) depending on the program’s intensity.  

2. **TOEFL IBT**:  
   - **Minimum score**: 80 (with a **writing score of at least 21–23**).  
   - Some programs may require a **higher score** (e.g., 90+).  

3. **AIT-EET (AIT English Entrance Exam)**:  
   - AIT-EET 6 is often accepted as an alternative to IELTS/TOEFL.  

---

### **Key Notes from the Context**
The provided context focuses on **academic background requirements** for Master’s programs, such as:  
- Undergraduate degrees in **Computer Science, Engineering, Mathematics, or related fields**.  
- Applicants from **non-engineering backgrounds** (e.g., business, finance) may be considered **if they demonstrate strong mathematical and programming skills**.  

However, **language proficiency requirements** (IELTS/TOEFL) are **not explicitly mentioned** in the context. This suggests that the context provided is focused on **academic eligibility**, not language tests.  

---

### **Recommendations**
1. **Check AIT’s Official Website**:  
   For the most accurate and up-to-date information, visit AIT’s admissions page:  
   [https://www.ait.ac.th/admissions/](https://www.ait.ac.th/admissions/)  

2. **Contact Admissions**:  
   Reach out to AIT’s admissions office at [email protected] or via their contact form to confirm specific language requirements for your target program.  

3. **Prepare for English Proficiency Tests**:  
   If you’re applying to a program requiring English proficiency, aim for:  
   - **IELTS 6.0+** (with writing ≥6.0)  
   - **TOEFL IBT 80+** (with writing ≥21–23)  
   - **AIT-EET 6+**  

---

### **Summary**
- **IELTS/TOEFL**: Required for most programs, but the exact scores are **not specified in the provided context**.  
- **Focus of Context**: The context emphasizes **academic background** (e.g., engineering, math, computer science) rather than language test requirements.  
- **Best Practice**: Always verify requirements directly with AIT’s admissions team for your specific program.  

Let me know if you’d like help preparing for the AIT-EET or IELTS/TOEFL!","No, you don't need to choose a specific major when applying to AIT, but you do need to indicate your intended field of study and research interest. AIT's Open Master's programs allow for a flexible, multidisciplinary approach where students can design their own curriculum and potentially combine courses from different schools and departments.","[""https://ait.ac.th/program/artificial-intelligence-of-things-and-signal-processing-aiot::c0004"", ""https://ait.ac.th/program/computer-science-and-software-engineering-csse::c0004"", ""https://ait.ac.th/program/digital-technology-and-enterprise-information-management-dteim::c0004"", ""https://ait.ac.th/program/computer-science-and-communication-technology-csct::c0004"", ""https://ait.ac.th/program/smart-networks-and-communications-engineering-snce::c0004""]",not_enough_info,0.125,0,1,0.125,1,8,0,0.8,0,not_enough_info,0.95,not_enough_info,0.95,0,0,0,"[rank 1] Master’s Program Applicants should hold an undergraduate degree in one of the following fields: Computer Science, Computer Engineering, or Information and Communication Technology (ICT) Electronics, Electrical Engineering, or related engineering disciplines Mathematics or other quantitatively oriented fields Applicants from diverse backgrounds (e.g., business, finance, or other non-engineering disciplines) may be considered, provided they demonstrate adequate mathematical and programming skills

---

[rank 2] Master’s Program Applicants should hold an undergraduate degree in one of the following fields: Computer Science, Computer Engineering, or Information and Communication Technology (ICT) Electronics, Electrical Engineering, or related engineering disciplines Mathematics or other quantitatively oriented fields Applicants from diverse backgrounds (e.g., business, finance, or other non-engineering disciplines) may be considered, provided they demonstrate adequate mathematical and programming skills

---

[rank 3] Master’s Program Applicants should hold an undergraduate degree in one of the following fields: Computer Science, Computer Engineering, or Information and Communication Technology (ICT) Electronics, Electrical Engineering, or related engineering disciplines Mathematics or other quantitatively oriented fields Applicants from diverse backgrounds (e.g., business, finance, or other non-engineering disciplines) may be considered, provided they demonstrate adequate mathematical and programming skills

---

[rank 4] Master’s Program Applicants should hold an undergraduate degree in one of the following fields: Computer Science, Computer Engineering, or Information and Communication Technology (ICT) Electronics, Electrical Engineering, or related engineering disciplines Mathematics or other quantitatively oriented fields Applicants from diverse backgrounds (e.g., business, finance, or other non-engineering disciplines) may be considered, provided they demonstrate adequate mathematical and programming skills

---

[rank 5] Master’s Program Applicants should hold an undergraduate degree in one of the following fields: Computer Science, Computer Engineering, or Information and Communication Technology (ICT) Electronics, Electrical Engineering, or related engineering disciplines Mathematics or other quantitatively oriented fields Applicants from diverse backgrounds (e.g., business, finance, or other non-engineering disciplines) may be considered, provided they demonstrate adequate mathematical and programming skills",claim_level_sr,"The premise discusses academic background requirements but does not mention IELTS/TOEFL scores. The hypothesis correctly states these requirements are not explicitly stated in the context, but the premise does not provide information about general admission guidelines or typical score requirements, leaving insufficient details to fully support the hypothesis.","The premise discusses language proficiency requirements and academic background criteria but does not mention program flexibility, major selection, or Open Master's program structures. The hypothesis introduces claims about program flexibility and major choice that are not addressed in the provided context.","[{""claim"": ""The **IELTS and TOEFL score requirements** for the **Master’s and PhD programs at Asian Institute of Technology (AIT)** are **not explicitly stated** in the provided context."", ""label"": ""entails"", ""confidence"": 0.95, ""supported"": 1, ""rationale"": ""The premise contains no information about IELTS/TOEFL requirements for any programs at AIT, directly supporting the hypothesis that these requirements are not explicitly stated.""}, {""claim"": ""However, based on **general admission guidelines** for AIT and similar institutions, here’s a summary of the typical requirements:"", ""label"": ""not_enough_info"", ""confidence"": 1.0, ""supported"": 0, ""rationale"": ""The premise only describes specific Master’s Program requirements, but the hypothesis refers to general admission guidelines for AIT and similar institutions. The premise does not provide information about general admission policies or other institutions.""}, {""claim"": ""### **English Proficiency Requirements (General Guidelines)**"", ""label"": ""not_enough_info"", ""confidence"": 1.0, ""supported"": 0, ""rationale"": ""The premise provides no information about English proficiency requirements, which are the focus of the hypothesis.""}, {""claim"": ""**IELTS**:"", ""label"": ""not_enough_info"", ""confidence"": 1.0, ""supported"": 0, ""rationale"": ""The premise provides no information about IELTS requirements or scores, making it impossible to determine entailment or contradiction.""}, {""claim"": ""**Minimum score**: 6.0 (with a **writing score of at least 6.0**)."", ""label"": ""not_enough_info"", ""confidence"": 1.0, ""supported"": 0, ""rationale"": ""The premise provides no information about score requirements or writing scores, making it impossible to determine entailment or contradiction.""}, {""claim"": ""Some programs may require a **higher score** (e.g., 6.5) depending on the program’s intensity."", ""label"": ""not_enough_info"", ""confidence"": 1.0, ""supported"": 0, ""rationale"": ""The premise specifies academic background requirements but provides no information about score thresholds or program intensity-related criteria.""}, {""claim"": ""**TOEFL IBT**:"", ""label"": ""not_enough_info"", ""confidence"": 0.95, ""supported"": 0, ""rationale"": ""The premise provides no information about TOEFL IBT requirements or language proficiency criteria for the Master’s Program.""}, {""claim"": ""**Minimum score**: 80 (with a **writing score of at least 21–23**)."", ""label"": ""not_enough_info"", ""confidence"": 0.25, ""supported"": 0, ""rationale"": ""The premise provides no information about score requirements (e.g., minimum total score or writing score thresholds), making it impossible to determine entailment or contradiction.""}]"
Can the EET be taken online?,"The **IELTS and TOEFL requirements** for the **Master’s and PhD programs at Asian Institute of Technology (AIT)** are **not explicitly stated** in the provided context. However, based on **general admission guidelines** for AIT and similar institutions, here’s a summary of the typical requirements:

---

### **English Proficiency Requirements (General Guidelines)**
1. **IELTS**:  
   - **Minimum score**: 6.0 (with a **writing score of at least 6.0**).  
   - Some programs may require a **higher score** (e.g., 6.5) depending on the program’s intensity.  

2. **TOEFL IBT**:  
   - **Minimum score**: 80 (with a **writing score of at least 21–23**).  
   - Some programs may require a **higher score** (e.g., 90+).  

3. **AIT-EET (AIT English Entrance Exam)**:  
   - AIT-EET 6 is often accepted as an alternative to IELTS/TOEFL.  

---

### **Key Notes from the Context**
The provided context focuses on **academic background requirements** for Master’s programs, such as:  
- Undergraduate degrees in **Computer Science, Engineering, Mathematics, or related fields**.  
- Applicants from **non-engineering backgrounds** (e.g., business, finance) may be considered **if they demonstrate strong mathematical and programming skills**.  

However, **language proficiency requirements** (IELTS/TOEFL) are **not explicitly mentioned** in the context. This suggests that the context provided is focused on **academic eligibility**, not language tests.  

---

### **Recommendations**
1. **Check AIT’s Official Website**:  
   For the most accurate and up-to-date information, visit AIT’s admissions page:  
   [https://www.ait.ac.th/admissions/](https://www.ait.ac.th/admissions/)  

2. **Contact Admissions**:  
   Reach out to AIT’s admissions office at [email protected] or via their contact form to confirm specific language requirements for your target program.  

3. **Prepare for English Proficiency Tests**:  
   If you’re applying to a program requiring English proficiency, aim for:  
   - **IELTS 6.0+** (with writing ≥6.0)  
   - **TOEFL IBT 80+** (with writing ≥21–23)  
   - **AIT-EET 6+**  

---

### **Summary**
- **IELTS/TOEFL**: Required for most programs, but the exact scores are **not specified in the provided context**.  
- **Focus of Context**: The context emphasizes **academic background** (e.g., engineering, math, computer science) rather than language test requirements.  
- **Best Practice**: Always verify requirements directly with AIT’s admissions team for your specific program.  

Let me know if you’d like help preparing for the AIT-EET or IELTS/TOEFL!","Yes, the Asian Institute of Technology (AIT) offers online English Entry Tests (EET) for applicants. Applicants can choose to take the EET either in person at the AIT campus or remotely online. To register for the online EET, applicants need to meet certain equipment and environment requirements, pay a fee, and register at least 7 working days before the test date .  You can apply here  http://languages.ait.ac.th/prospective-students/  ","[""https://ait.ac.th/study/flexible-masters-option::c0007"", ""https://ait.ac.th/study/flexible-phd-option::c0007"", ""https://ait.ac.th/study/flexible-masters-option::c0008"", ""https://ait.ac.th/study/flexible-phd-option::c0008"", ""https://ait.ac.th/program/professional-master-in-environment-social-and-governance-esg::c0003""]",not_enough_info,0.0,0,1,0.0,0,8,0,0.8,0,entails,0.95,not_enough_info,0.95,0,1,0,"[rank 1] That’s up to you if you follow classes online via our Hybrid Mode or come to the classroom on campus. However, AIT does not support visas for non-Thai students during coursework time. Can I choose any program of AIT for the Flexible Master’s Option? No, this option is only available for selected programs. The full list of Flexible Master’s Option programs is mentioned above on this page. How I can follow the lectures remotely? All lectures will be delivered online via AIT’s Hybrid Mode of Instruction. You can attend the classes online in real-time. Currently, we are using ZOOM to connect to the class. The lecturer will be able to see you on ZOOM on a screen in the classroom. You will be able to interact with the lecturer and the students in class and online. Do I need to have my own Zoom account to follow the classes online? No, you do not need to have a Zoom account. You will receive a ZOOM invitation to login into the registered classes

---

[rank 2] That’s up to you if you follow classes online via our Hybrid Mode or come to the classroom on campus. However, AIT does not support visas for non-Thai students during coursework time. Can I choose any program of AIT for the Flexible Master’s Option? No, this option is only available for selected programs. The full list of Flexible Master’s Option programs is mentioned above on this page. How I can follow the lectures remotely? All lectures will be delivered online via AIT’s Hybrid Mode of Instruction. You can attend the classes online in real-time. Currently, we are using ZOOM to connect to the class. The lecturer will be able to see you on ZOOM on a screen in the classroom. You will be able to interact with the lecturer and the students in class and online. Do I need to have my own Zoom account to follow the classes online? No, you do not need to have a Zoom account. You will receive a ZOOM invitation to login into the registered classes

---

[rank 3] Do I need to have my own Zoom account to follow the classes online? No, you do not need to have a Zoom account. You will receive a ZOOM invitation to login into the registered classes. However, we require you to use your full name when you log in for the lecturer and the other students in class and online to see who you are. Are online classes recorded for later viewing? Yes, all classes will be recorded. You can view them any time later. What do I need to attend classes online? You need internet connection and a computer with camera and microphone. The other available option is to use a smartphone as well; however, we recommend you use a computer. Will I have AIT student status? Yes, you will be a registered AIT student like every student on campus. However, we do not provide a student visa for the time you conduct the online coursework. We will help you to obtain a student visa for the Master Thesis if you write the thesis on AIT campus

---

[rank 4] Do I need to have my own Zoom account to follow the classes online? No, you do not need to have a Zoom account. You will receive a ZOOM invitation to login into the registered classes. However, we require you to use your full name when you log in for the lecturer and the other students in class and online to see who you are. Are online classes recorded for later viewing? Yes, all classes will be recorded. You can view them any time later. What do I need to attend classes online? You need internet connection and a computer with camera and microphone. The other available option is to use a smartphone as well; however, we recommend you use a computer. Will I have AIT student status? Yes, you will be a registered AIT student like every student on campus. However, we do not provide a student visa for the time you conduct the online coursework. We will help you to obtain a student visa for the Master Thesis if you write the thesis on AIT campus

---

[rank 5] Students benefit from AIT’s hybrid multi-modal teaching model that combines online and in-class instruction with extensive practical exposure. Apply Now For more information [email protected] Subscribe to our newsletter Subscribe to our newsletter Follow us on social media We use cookies on our website to give you the most relevant experience by remembering your preferences and repeat visits. By clicking “Accept All”, you consent to the use of ALL the cookies. However, you may visit ""Cookie Settings"" to provide a controlled consent. Cookie Settings Accept All Manage consent Close Privacy Overview This website uses cookies to improve your experience while you navigate through the website. Out of these, the cookies that are categorized as necessary are stored on your browser as they are essential for the working of basic functionalities of the website. We also use third-party cookies that help us analyze and understand how you use this website",claim_level_sr,"The premise explicitly states that the context only discusses the AIT-EET and academic background requirements, with no mention of IELTS/TOEFL specifics. The hypothesis correctly identifies this absence, aligning with the premise's content.","Premise confirms AIT-EET exists as an alternative to IELTS/TOEFL but does not specify whether it is offered online, registration requirements, fees, or deadlines. The hypothesis adds specific details about online testing logistics and registration that are not addressed in the premise.","[{""claim"": ""The **IELTS and TOEFL requirements** for the **Master’s and PhD programs at Asian Institute of Technology (AIT)** are **not explicitly stated** in the provided context."", ""label"": ""not_enough_info"", ""confidence"": 1.0, ""supported"": 0, ""rationale"": ""The premise contains no information about IELTS/TOEFL requirements for any programs at AIT.""}, {""claim"": ""However, based on **general admission guidelines** for AIT and similar institutions, here’s a summary of the typical requirements:"", ""label"": ""not_enough_info"", ""confidence"": 0.95, ""supported"": 0, ""rationale"": ""The premise discusses visa policies, program options, and technical requirements for online classes but does not mention general admission guidelines or requirements for enrollment at AIT.""}, {""claim"": ""### **English Proficiency Requirements (General Guidelines)**"", ""label"": ""not_enough_info"", ""confidence"": 1.0, ""supported"": 0, ""rationale"": ""The premise contains no information about English proficiency requirements, which are the focus of the hypothesis.""}, {""claim"": ""**IELTS**:"", ""label"": ""not_enough_info"", ""confidence"": 0.1, ""supported"": 0, ""rationale"": ""The premises provide no information about IELTS requirements, availability, or related policies.""}, {""claim"": ""**Minimum score**: 6.0 (with a **writing score of at least 6.0**)."", ""label"": ""not_enough_info"", ""confidence"": 1.0, ""supported"": 0, ""rationale"": ""The premise contains no information about score requirements or writing scores, making it impossible to determine entailment or contradiction.""}, {""claim"": ""Some programs may require a **higher score** (e.g., 6.5) depending on the program’s intensity."", ""label"": ""not_enough_info"", ""confidence"": 1.0, ""supported"": 0, ""rationale"": ""The premise provides no information about program score requirements or intensity thresholds, making it impossible to determine entailment or contradiction.""}, {""claim"": ""**TOEFL IBT**:"", ""label"": ""not_enough_info"", ""confidence"": 0.1, ""supported"": 0, ""rationale"": ""The premise contains no information about TOEFL IBT requirements or related details.""}, {""claim"": ""**Minimum score**: 80 (with a **writing score of at least 21–23**)."", ""label"": ""not_enough_info"", ""confidence"": 1.0, ""supported"": 0, ""rationale"": ""The premise contains no information about minimum scores or writing score requirements.""}]"
What is the minimum EET score required?,"ʺ
<think>
Okay, let's see. The user is asking about whether the AIT-EET can be taken online. First, I need to recall what the AIT-EET is. From the context provided, the AIT-EET is the AIT English Entry Test, which is an English proficiency requirement for admission to AIT programs. 

Looking at the sources, especially source [3], it mentions that applicants can submit official test scores from IELTS or AIT-EET. The AIT-EET is specifically mentioned as an alternative to IELTS. Now, the user is asking if this test can be taken online. 

I need to check if any of the sources indicate whether the AIT-EET is an online test. Source [3] talks about submitting official test scores but doesn't specify the format. Source [4] mentions the AIT-EET as part of the English requirements but again doesn't mention online availability. Source [5] also lists AIT-EET as a requirement but no details on the test format. 

Wait, source [3] has a note about the Bridging Program for doctoral applicants, which might imply that if someone can't take the full program, they might have to take a bridging course. But that's about the program, not the test itself. 

Since none of the sources explicitly state whether the AIT-EET is an online test, I should consider that the AIT-EET might be an in-person test. However, given the current situation with remote learning, it's possible that AIT has adapted their tests to online formats. But without explicit information from the sources, I can't confirm that. 

The user might be looking for confirmation on whether they can take the test online, possibly due to location or circumstances. Since the sources don't mention online options, the safest answer is that the AIT-EET is typically an in-person test, but they should check directly with AIT for the latest information. 

Also, the user might be confused between AIT-EET and other tests like IELTS or TOEFL, which are well-known to be online. But the AIT-EET is specific to AIT, so it's important to clarify that. 

In summary, based on the provided context, there's no mention of the AIT-EET being an online test. Therefore, the answer should state that the AIT-EET is likely an in-person test, but they should contact AIT for the most accurate and up-to-date information.
</think>

The **AIT English Entry Test (EET)** is typically an **in-person** test, as indicated by the context provided. However, there is no explicit mention in the sources that the EET is available online. Here's a breakdown of the key points:

### Key Details from the Context:
1. **AIT-EET Requirements**:  
   - The EET is one of the accepted English proficiency tests for admission to AIT programs (e.g., for the **Professional Master’s in Data Science and AI** or **MSc in Semiconductor Engineering**).  
   - It is often paired with IELTS or TOEFL as an alternative.  

2. **Test Format**:  
   - The sources do not specify whether the EET is administered online or in-person. However, the mention of a **Bridging Program** for doctoral applicants (source [3]) suggests that AIT may have structured in-person testing or preparatory programs.  

3. **Current Context**:  
   - While remote testing (e.g., online IELTS/TOEFL) is common, the AIT-EET is a **specific test** designed by AIT, and its format (online vs. in-person) is not clarified in the provided materials.  

### Recommendations:
- **Check with AIT Directly**: For the most accurate and up-to-date information on whether the EET can be taken online, contact AIT’s admissions office or visit their official website ([ait.ac.th](https://ait.ac.th)).  
- **Alternative Options**: If online testing is required, consider taking IELTS or TOEFL (which are widely available online) to meet the English proficiency requirement.  

### Summary:
The AIT-EET is likely an **in-person** test, but you should confirm with AIT for their current policies. If online testing is a priority, IELTS or TOEFL may be more flexible alternatives.",Minimum Score is 6,"[""https://ait.ac.th/program/dual-degree-masters-program-in-semiconductor-engineering-with-the-national-taipei-university-of-technology-taipei-tech-taiwan::c0003"", ""https://ait.ac.th/financial/rtg-fellowships-ph-d-to-support-the-asian-innovation-hub::c0002"", ""https://ait.ac.th/eligibility/english-proficiency-requirement-for-admission::c0002"", ""https://ait.ac.th/program/professional-master-in-environment-social-and-governance-esg::c0002"", ""https://ait.ac.th/program/professional-masters-programme-in-data-science-and-ai-applications-ait-unitar-pmds::c0002""]",not_enough_info,0.5,0,1,0.5,4,8,0,0.8,0,not_enough_info,0.85,not_enough_info,0.95,0,0,0,"[rank 1] Minimum Admission Requirements Holds a bachelor’s degree in Electrical Engineering or a closely related field (normally from a four-year program), or its equivalent. Have undergraduate grades significantly above average; the minimum GPA requirement for admission is 3.0 or equivalent. English proficiency requirement: IELTS 6.5 (writing 6 minimum) or TOEFL IBT: 80 (writing 21-23). Semester Aug – Dec (Year 1) Jan – May (Year 1) May – July (Intersem) Aug – Dec (Year 2) Jan – May (Year 2) Institute AIT (Thailand) AIT (Thailand) AIT (Thailand) Taipei Tech (Taiwan) Taipei Tech (Taiwan) Degree MSc in Semi- conductor Engineering (AIT) MSc in Semi- conductor Engineering (AIT) MSc in Semi- conductor Engineering (AIT) MSc in Semi- conductor Engineering (Taipei Tech) MSc in Semi- conductor Engineering (Taipei Tech) Admission Process Interested candidates must apply directly to either AIT (Option 1) or Taipei Tech (Option 2) on or before May 30

---

[rank 2] cGPA Requirements Bachelor’s Degree: A minimum cumulative GPA of 3.00 on a 4.00 scale or equivalent Master’s Degree: A minimum cumulative GPA of 3.50 on a 4.00 scale or equivalent. English Proficiency Applicants must meet the English proficiency requirements stipulated by the AIT Language Center: an IELTS score of 6 (with a minimum score in the Writing section) or an AIT EET score of 6 or above

---

[rank 3] Official Test Scores. Submit an official test score. Test scores are valid for only two years from the testing date. IELTS-Academic OR AIT English Entry Test (EET) (Writing band only) Required Courses* Remarks 6.0 or higher – English requirements – satisfied 5.5 EL 19 Click here for more information on EL19 * Minimum entry requirements with conditions for doctoral applicants 5.0 EL 15 Click here for more information on EL15 * Minimum entry requirements for degree program admission with conditions for Master’s applicants Minimum entry requirements for the Bridging Program for doctoral applicants. Bridging Program Click here for information on the program dates. On the assumption that upon completing the 6-week Bridging Program, doctoral applicants can attain an entry score of 5.5 or higher prior to the start of their degree program at AIT. In case the donors of the students are not able to cover the full Bridging Program fee, applicants will pay the Bridging Program fee

---

[rank 4] The minimum GPA requirement for admission to the Masters Program is 2.75 or equivalent, at the Bachelor degree level; English Proficiency Requirement: AIT-EET:6 or IELTS- Academic:6 (writing 6) or TOEFL Paper: 550 (writing 59-61) or TOEFL CBT: 213 (writing 25-26): TOEFL IBT: 80 (writing 21-23); For the PM degree program, in addition to the above-mentioned eligibility requirements, an applicant must: have at least 3 years of work experience in areas related to the academic program at AIT and be executives in organizations/companies. Be in satisfactory physical and mental health. Satisfy English requirements by AIT. Delivery Mode PMESG is designed for the regional mobile working professional. A module is offered every month, with classes on two consecutive weekends. Students benefit from AIT’s hybrid multi-modal teaching model that combines online and in-class instruction with extensive practical exposure

---

[rank 5] program), or its equivalent from an accredited institution in relevant areas with a minimum cumulative grade point average of 2.75 (4.0 scale); English Proficiency Requirement: AIT-EET: 6; IELTS Academic: overall 6 (writing 6); TOEFL iBT: overall 80 (writing 21-23); PTE Academic: overall 52 (writing 62-73); Minimum of 3 years of work experience in relevant areas",claim_level_sr,"The provided context does not specify whether the AIT-EET can be taken online. While IELTS and TOEFL are mentioned as alternatives and are typically available online, the AIT-EET's format is not explicitly stated. Therefore, there is insufficient information to determine if the AIT-EET can be taken online.","The premise does not specify whether the AIT-EET is administered online or in-person. While IELTS/TOEFL are explicitly mentioned as alternatives with online availability, the AIT-EET's format is not clarified in the provided context.","[{""claim"": ""<think>"", ""label"": ""not_enough_info"", ""confidence"": 1.0, ""supported"": 0, ""rationale"": ""The Hypothesis is empty, so there's no content to evaluate for entailment or contradiction.""}, {""claim"": ""Okay, let's see."", ""label"": ""not_enough_info"", ""confidence"": 0.95, ""supported"": 0, ""rationale"": ""The Hypothesis section is empty, so no claims can be evaluated against the premise.""}, {""claim"": ""The user is asking about whether the AIT-EET can be taken online."", ""label"": ""not_enough_info"", ""confidence"": 1.0, ""supported"": 0, ""rationale"": ""None of the premises explicitly state whether AIT-EET can be taken online. The documents only mention English proficiency requirements and test score submission without specifying the test format.""}, {""claim"": ""First, I need to recall what the AIT-EET is."", ""label"": ""entails"", ""confidence"": 0.95, ""supported"": 1, ""rationale"": ""The premise explicitly mentions AIT-EET as an English proficiency test requirement, supporting the need to recall its definition.""}, {""claim"": ""From the context provided, the AIT-EET is the AIT English Entry Test, which is an English proficiency requirement for admission to AIT programs."", ""label"": ""entails"", ""confidence"": 0.95, ""supported"": 1, ""rationale"": ""Multiple premises explicitly state that AIT-EET is an English proficiency requirement for admission, including its role as the English Entry Test (rank 3) and its inclusion alongside other English tests (ranks 1,2,4,5).""}, {""claim"": ""Looking at the sources, especially source [3], it mentions that applicants can submit official test scores from IELTS or AIT-EET."", ""label"": ""entails"", ""confidence"": 0.95, ""supported"": 1, ""rationale"": ""Source [3] explicitly states that applicants can submit IELTS-Academic or AIT English Entry Test (EET) scores as official test scores.""}, {""claim"": ""The AIT-EET is specifically mentioned as an alternative to IELTS."", ""label"": ""entails"", ""confidence"": 1.0, ""supported"": 1, ""rationale"": ""Multiple sections (rank 2, 3, 4, 5) explicitly present AIT-EET as an alternative to IELTS for English proficiency requirements.""}, {""claim"": ""Now, the user is asking if this test can be taken online."", ""label"": ""not_enough_info"", ""confidence"": 0.95, ""supported"": 0, ""rationale"": ""Premise details English proficiency requirements (IELTS, TOEFL, AIT-EET) but does not explicitly state whether these tests can be taken online. The mode of test administration is not mentioned in any rank.""}]"
What is the AIT English Entry Test (AIT-EET)?,"The **AIT English Entry Test (EET)** is **not explicitly stated** to be an online test in the provided context. Based on the information available:

1. **Test Format**:  
   The sources do not confirm whether the EET is administered online or in-person. However, the mention of a **Bridging Program** for doctoral applicants (source [3]) suggests that AIT may prioritize in-person testing or structured preparatory programs for language proficiency.

2. **Alternative Options**:  
   If online testing is required, applicants may consider taking **IELTS** or **TOEFL**, which are widely available online and accepted by AIT as alternatives to the EET (source [4]).

3. **Recommendation**:  
   For the most accurate and up-to-date information on the EET format, **contact AIT’s admissions office** directly or visit their official website ([ait.ac.th](https://ait.ac.th)). This ensures clarity, especially given potential changes due to remote learning trends.

**Summary**: The EET is likely an in-person test, but you should confirm with AIT for their current policies. If online testing is a priority, IELTS or TOEFL may be more flexible alternatives.","The Language Center (LC) offers a 90-minute in-house test of English proficiency called the AIT English Entry Test (EET). The score is based on a nine-point scale similar to the IELTS test. The Writing score, which is the most important at AIT, is based on an essay. The test result will be e-mailed within 7 days. The LC will report the test result to the AIT Admissions only if the score is satisfactory for provisional admission. If applicants fail to obtain the minimum score requirements for admission, they may take the test again.
There is no limit to the number of times they can take the test, but we encourage applicants to study and improve their English before retesting. The test is conducted several times per week on campus.
Alternatively, the test can be taken online through our online EET test application.
For more information or English test application, please see here http://languages.ait.ac.th/prospective-students/ .
","[""https://ait.ac.th/eligibility/english-proficiency-requirement-for-admission::c0000"", ""https://ait.ac.th/eligibility/english-proficiency-requirement-for-admission::c0001"", ""https://ait.ac.th/eligibility/english-proficiency-requirement-for-admission::c0006"", ""https://ait.ac.th/program/doctor-of-philosophy-ph-d-in-management::c0009"", ""https://ait.ac.th/financial/ait-alumni-association-hong-kong-macau-chapter-masters-scholarship::c0001""]",not_enough_info,0.0,0,1,0.0,0,8,0,0.8,0,contradicts,0.95,not_enough_info,0.95,0,0,1,"[rank 1] English Proficiency Requirement For Admission - Asian Institute of Technology Home > Eligibility > English Proficiency Requirement For Admission English Proficiency Requirement For Admission AIT is an international institute with a mission to serve as a platform for international students from the full spectrum of highly developed to less developed countries. Its residential campus is today a small replica of the world without borders. English is, therefore, its official medium, not only in the classroom but in everyday life, in the interaction among all members of the AIT Community. AIT is committed to investing in our students’ English multi-literacy proficiency and success. The institute has a human development mandate and works with students to ensure professional competency and to ensure that AIT graduates will advance to become future global leaders in the globalization age

---

[rank 2] Thus, we provide courses in academic English literacy development to assist students in continuously improving their communication skills while studying at AIT. All academic English and research communication courses and workshops(except for compulsory English classes for conditional offers) throughout the duration of study are included in the 2,000 Baht one-time flat Language Support fee that students are required to pay at entry. AIT ENGLISH REQUIREMENTS FOR ADMISSION There are three ways to satisfy the AIT English requirements for admission. Official Test Scores. Submit an official test score. Test scores are valid for only two years from the testing date

---

[rank 3] (Writing Band) PTE Academic (writing score) 4.5 4.5 50 (12-13) n/a 5 5 60 (14-17) 43-50 5.5 5.5 70 (18-20) 51-61 6 6 80 (21-23) 62-73 Exemption, Applicants who are citizens of an English-speaking country (e.g., Australia, Canada, Ireland, New Zealand, the UK, and the USA) are exempted. Proof of citizenship must be submitted. Certificate of English Medium Instruction Applicants who have earned a degree at a university at which English is the sole medium of instruction may submit a document signed by the University Registrar attesting to the English medium of instruction. AIT reserves the right to accept or reject such certificates based on our extensive list of recognized certificates of English Medium of Instruction. Applicants who submit an acceptable certificate are required to sit the AIT Academic Writing Test (AWPT) upon arrival/enrollment and must obtain a score of 5. If the score is less than 5, he or she will not be allowed to register for the courses

---

[rank 4] ​ English Proficiency Requirement: AIT-EET:6 or IELTS-Academic:6 (writing 6) or TOEFL IBT: 80 (writing 21-23) or PTE Academic: 62-73 (Writing Score). For more information regarding English requirements:​ https://www.ait.ac.th/admissions/eligibility/ ​​​ Intake ​ Two entries/Year (January & August) Application Deadline: 30 June (for overseas applicants, requiring an educational visa) and 25 July (for other applicants) ​ Fees Tuition Fees: 1,484,000 Thai Baht (84 Credits) For more information regarding tuition & fees: https://ait.ac.th/tuition-and-fees/ ​​​ bottom of page

---

[rank 5] Any programs Candidate should have a cumulative GPA of at least 2.75 Candidate should pass IELTS with a score of 6.0 or AIT-EET Score of 6.0 Applicant must fulfill the AIT Entry Requirement s Deadline for January 2026 intake:  15 November 2025 Apply here https://admission.ait.ac.th/aoas/Applicant/FirstPage.aspx Further Inquiries For further inquiries on AIT Admissions Requirements and Procedures, applicants can visit the  AIT Admissions website. You may also contact the following address: Admissions and Scholarships Unit Asian Institute of Technology P.O. Box 4, KlongLuang Pathumthani 12120 THAILAND (662) 524 5024, 31-33 [email protected] Subscribe to our newsletter Subscribe to our newsletter Follow us on social media We use cookies on our website to give you the most relevant experience by remembering your preferences and repeat visits. By clicking “Accept All”, you consent to the use of ALL the cookies. However, you may visit ""Cookie Settings"" to provide a controlled consent",claim_level_sr,"The premise explicitly states that the EET can be taken online, contradicting the hypothesis's claim that it is not explicitly stated to be an online test.","The premise does not confirm details about test duration, scoring scale, essay emphasis, result timelines, retake policies, or online availability, which are explicitly stated in the hypothesis.","[{""claim"": ""The **AIT English Entry Test (EET)** is **not explicitly stated** to be an online test in the provided context."", ""label"": ""not_enough_info"", ""confidence"": 1.0, ""supported"": 0, ""rationale"": ""The premise mentions AIT-EET as an English requirement but provides no information about whether it is administered online or offline.""}, {""claim"": ""Based on the information available:"", ""label"": ""not_enough_info"", ""confidence"": 0.9, ""supported"": 0, ""rationale"": ""The hypothesis is not provided, making it impossible to evaluate entailment or contradiction.""}, {""claim"": ""**Test Format**:"", ""label"": ""not_enough_info"", ""confidence"": 1.0, ""supported"": 0, ""rationale"": ""Hypothesis content is missing, making it impossible to evaluate entailment.""}, {""claim"": ""The sources do not confirm whether the EET is administered online or in-person."", ""label"": ""not_enough_info"", ""confidence"": 1.0, ""supported"": 0, ""rationale"": ""The premises list EET as an English proficiency requirement but do not specify whether it is administered online or in-person.""}, {""claim"": ""However, the mention of a **Bridging Program** for doctoral applicants (source [3]) suggests that AIT may prioritize in-person testing or structured preparatory programs for language proficiency."", ""label"": ""not_enough_info"", ""confidence"": 0.95, ""supported"": 0, ""rationale"": ""The premise does not mention a 'Bridging Program' or any structured preparatory programs for language proficiency. The hypothesis introduces new claims not supported by the provided information.""}, {""claim"": ""**Alternative Options**:"", ""label"": ""not_enough_info"", ""confidence"": 1.0, ""supported"": 0, ""rationale"": ""The Hypothesis section is missing, making it impossible to evaluate entailment.""}, {""claim"": ""If online testing is required, applicants may consider taking **IELTS** or **TOEFL**, which are widely available online and accepted by AIT as alternatives to the EET (source [4])."", ""label"": ""not_enough_info"", ""confidence"": 0.75, ""supported"": 0, ""rationale"": ""The premise confirms IELTS and TOEFL are accepted as alternatives to EET (source [4]), but does not mention online testing requirements or availability of these tests online. The hypothesis introduces a conditional about online testing that is not addressed in the premise.""}, {""claim"": ""**Recommendation**:"", ""label"": ""not_enough_info"", ""confidence"": 1.0, ""supported"": 0, ""rationale"": ""The hypothesis section is labeled 'Recommendation' but contains no actual claims or statements to evaluate against the premise.""}]"
How much is the application processing fee?,"The **AIT English Entry Test (EET)** is **not explicitly stated** to be an online test in the provided context. Here's a concise summary based on the information available:

### Key Points:
1. **Test Format**:  
   - The sources do not confirm whether the EET is administered **online** or **in-person**.  
   - The mention of a **Bridging Program** for doctoral applicants (source [3]) suggests AIT may prioritize **in-person testing** or structured preparatory programs for language proficiency.

2. **Alternative Options**:  
   - If online testing is required, applicants may consider taking **IELTS** or **TOEFL**, which are widely available online and accepted by AIT as alternatives to the EET (source [4]).

3. **Recommendation**:  
   - For the most accurate and up-to-date information on the EET format, **contact AIT’s admissions office** directly or visit their official website ([ait.ac.th](https://ait.ac.th)). This ensures clarity, especially given potential changes due to remote learning trends.

### Summary:
The EET is likely an **in-person** test, but you should confirm with AIT for their current policies. If online testing is a priority, IELTS or TOEFL may be more flexible alternatives.",The processing fee is Baht 800 or US$25.,"[""https://ait.ac.th/special-students-exchange-and-visiting-students::c0001"", ""https://ait.ac.th/program/dual-degree-masters-program-in-water-engineering-and-management-with-the-university-of-iowa::c0003"", ""https://ait.ac.th/special-students-exchange-and-visiting-students::c0002"", ""https://ait.ac.th/study/flexible-phd-option::c0010"", ""https://ait.ac.th/study/flexible-masters-option::c0010""]",not_enough_info,0.125,0,1,0.125,1,8,0,0.8,0,not_enough_info,1.0,not_enough_info,1.0,0,0,0,"[rank 1] Pay the process fees—Pay the application processing fee of US$25 or Baht 800. The following fee will be charged upon enrollment. Student ID card fee: 100 Baht Student Union fee: 150 Baht per semester Medical fee: 1,250 Baht per semester ( optional or provide a copy of international medical insurance ) Incoming visiting students: Students coming from non-AIT Partner universities need to submit the following documents together with the online application form Bachelor’s transcript and degree certificate (for continuing student; transcript from 1st to current year) Approval letter /recommendation letter from the home university stating that he or she is allowed as a visiting student at AIT Pay the application processing fee of US$25 or Baht 800

---

[rank 2] Admission Process Interested candidates should apply for admission at AIT, which can be done online on the website: www.ait.ac.th/admissions The application deadline for AIT is 30 May for the following August. Students need to submit their applications for admission to UI during their first year at AIT. Online application for the Civil & Environmental Engineering program at UI can be found on the website: https://www.engineering.uiowa.edu/future-students/graduate-studies/line-application The application deadline for UI is 28 February. Students need to submit their application for admission to UI by February 28 during their year of studies at AIT. The selected candidates will receive an admission letter from UI during their first year at AIT. Course Expenses AIT (first year) UI (second year) Tuition Fee: U.S. $19,200 Tuition Fee: U.S. $30,900 Registration Fee: U.S. $1,333 Living Cost & Other: U.S. $15,000 Living Costs & Other: U.S

---

[rank 3] The following fees will be charged upon enrollment per semester: Registration fee: 20,000 Thai Baht per semester* Student Union fee: 150 Thai Baht Medical fee: 1,250 Thai Baht (optional or  provide a copy of international medical insurance) Student ID card: 100 Thai Baht If registered for the courses, 16,000 Baht will be charged per credit Laboratory fees will be charged on a case-by-case basis. * If visiting  as an Intern for a month or less, registration fees of 5,000 Baht will be charged per month Subscribe to our newsletter Subscribe to our newsletter Follow us on social media We use cookies on our website to give you the most relevant experience by remembering your preferences and repeat visits. By clicking “Accept All”, you consent to the use of ALL the cookies. However, you may visit ""Cookie Settings"" to provide a controlled consent

---

[rank 4] How much is the registration fee? The registration fee is calculated per credit of your registered courses per semester. The registration fee per credit is 1,667 Thai Baht. For a typical course of 3 credits, the fee is 5000 Thai Baht. You need to register for a minimum of 6 credits (typically 2 courses); then your total registration fee will be 10,000 Thai Baht per semester. Will AIT help me to get a study visa and come to Campus? Yes, if you come to campus after the completion of your coursework to conduct your thesis research (24 credits) or research study (12 credits) AIT will help you to get a student visa to come to campus. You will not get a student visa for the time you spend on coursework from your home country. Some programs may have a lab for which you need to come to campus. In those cases, AIT will also support your visa

---

[rank 5] How much is the registration fee? The registration fee is calculated per credit of your registered courses per semester. The registration fee per credit is 1,667 Thai Baht. For a typical course of 3 credits, the fee is 5000 Thai Baht. You need to register for a minimum of 6 credits (typically 2 courses); then your total registration fee will be 10,000 Thai Baht per semester. Will AIT help me to get a study visa and come to Campus? Yes, if you come to campus after the completion of your coursework to conduct your thesis research (24 credits) or research study (12 credits) AIT will help you to get a student visa to come to campus. You will not get a student visa for the time you spend on coursework from your home country. Some programs may have a lab for which you need to come to campus. In those cases, AIT will also support your visa",claim_level_sr,"The premise provides no information about the EET test format, administration method, or alternatives like IELTS/TOEFL. It only mentions a processing fee, which is unrelated to the hypothesis claims.","The premise provides no information about processing fees, making it impossible to determine if the hypothesis is supported or contradicted.","[{""claim"": ""The **AIT English Entry Test (EET)** is **not explicitly stated** to be an online test in the provided context."", ""label"": ""not_enough_info"", ""confidence"": 1.0, ""supported"": 0, ""rationale"": ""The premise contains no mention of the AIT English Entry Test (EET) or its format, so the hypothesis about its online status cannot be confirmed or denied.""}, {""claim"": ""Here's a concise summary based on the information available:"", ""label"": ""entails"", ""confidence"": 0.95, ""supported"": 1, ""rationale"": ""The premise provides detailed information about fees, admission processes, registration fees, and visa support, which fully supports the hypothesis summary.""}, {""claim"": ""### Key Points:"", ""label"": ""not_enough_info"", ""confidence"": 1.0, ""supported"": 0, ""rationale"": ""The Hypothesis section is empty and contains no claims to evaluate against the Premise.""}, {""claim"": ""**Test Format**:"", ""label"": ""not_enough_info"", ""confidence"": 1.0, ""supported"": 0, ""rationale"": ""The hypothesis content is missing or not provided, making it impossible to evaluate entailment or contradiction.""}, {""claim"": ""The sources do not confirm whether the EET is administered **online** or **in-person**."", ""label"": ""not_enough_info"", ""confidence"": 1.0, ""supported"": 0, ""rationale"": ""The premise contains no mention of EET (presumably an exam or test) or its administration method (online/in-person). None of the provided information addresses whether EET is administered online or in-person, so the hypothesis is neither supported nor contradicted.""}, {""claim"": ""The mention of a **Bridging Program** for doctoral applicants (source [3]) suggests AIT may prioritize **in-person testing** or structured preparatory programs for language proficiency."", ""label"": ""not_enough_info"", ""confidence"": 1.0, ""supported"": 0, ""rationale"": ""The premise does not mention a Bridging Program or any language proficiency testing requirements, making it impossible to assess the hypothesis.""}, {""claim"": ""**Alternative Options**:"", ""label"": ""not_enough_info"", ""confidence"": 1.0, ""supported"": 0, ""rationale"": ""The Hypothesis section is labeled as \""Alternative Options\"" but contains no actual claims or statements to evaluate against the premise. Without specific hypotheses to assess, it is impossible to determine entailment or contradiction.""}, {""claim"": ""If online testing is required, applicants may consider taking **IELTS** or **TOEFL**, which are widely available online and accepted by AIT as alternatives to the EET (source [4])."", ""label"": ""not_enough_info"", ""confidence"": 1.0, ""supported"": 0, ""rationale"": ""The premises contain no information about testing requirements, IELTS/TOEFL acceptance, or EET alternatives. Source [4] referenced in the hypothesis only discusses registration fees and visa support, not language testing policies.""}]"
How can I obtain the application form?,"ཙ

The **application processing fee** for AIT (Asian Institute of Technology) is **not explicitly mentioned** in the provided context. However, based on the information available and general practices, here's a summary:

### Key Points:
1. **Application Fee**:  
   - The context does not specify a fee for submitting an application. However, many universities, including AIT, typically charge an **application processing fee** for international students. This fee is usually separate from tuition and is required to process your application.  
   - For example, AIT may charge around **$100–$200** for the application fee, but this is **not confirmed** in the provided sources.

2. **Scholarship Programs**:  
   - For **scholarship applicants** (e.g., ADB-JSP or LPDP), the context mentions submitting documents like recommendation letters, income statements, and study plans. However, **scholarship applicants may not be required to pay the application fee** upfront, as the scholarship might cover it.  
   - For example, the **LPDP scholarship** (Indonesian government scholarship) covers tuition and living expenses, so applicants may not need to pay the application fee separately.

3. **Payment Process**:  
   - The context mentions that **payment details** for tuition and fees are available on AIT’s website. However, **application processing fees** are typically handled separately and are not covered by scholarships unless specified.  
   - For example, the **Open Master of Engineering/Science in Interdisciplinary Studies (OMIS)** program requires payment for tuition, but the application fee is not explicitly stated.

4. **Recommendation**:  
   - To confirm the **application processing fee**, contact AIT’s **Admissions Office** directly at [email protected] or visit their official website ([ait.ac.th](https://ait.ac.th)).  
   - For scholarship applicants, check the specific **scholarship guidelines** (e.g., ADB-JSP or LPDP) to see if the application fee is waived or covered.

### Summary:
The **application processing fee** for AIT is **not explicitly stated** in the provided context. For accurate information, contact AIT’s admissions office or check their official website. Scholarship applicants may have their fees waived or covered by the scholarship.","Application to AIT is now fully online. Thus, please apply using the Online Application System https://admission.ait.ac.th/aoas/Applicant/FirstPage.aspx .","[""https://ait.ac.th/financial/asian-development-bank-japan-scholarship-program-adb-jsp::c0004"", ""https://ait.ac.th/tuition-and-fees::c0006"", ""https://ait.ac.th/financial/lpdp-scholarships-indonesia-government-scholarships-for-indonesian::c0001"", ""https://ait.ac.th/study/open-master-of-engineering-science-in-interdisciplinary-studies-omis::c0009"", ""https://ait.ac.th/financial/lpdp-scholarships-indonesia-government-scholarships-for-indonesian::c0002""]",not_enough_info,0.25,0,1,0.25,2,8,0,0.8,0,not_enough_info,0.95,not_enough_info,0.95,0,0,0,"[rank 1] Work certificate provided by the employer. Income statement. If married, please submit the spouse income statement; otherwise, parent income statement ADB-JSP Information sheet. C. Procedures for Applying: Applicants should request information and application forms from the chosen DI (e.g. AIT). Applicants are encouraged to access various resources, including the DI’s website & handbooks, and DI information sessions held in-country, to assist them in making an informed decision on the DI and course they wish to undertake. Applicants should indicate to AIT that they are applying for admission and that they would like to be considered for the ADB-JSP Scholarship. The completed DI application form and required documentation, including the ADB-JSP Information Sheet form, should be submitted to AIT. Applicants must ensure that they submit accurate and complete documentation

---

[rank 2] [email protected] (Cashier) with the student ID number/invoice numbe r (enrolled students) or the Application number of the new incoming studen t Apply Admissions Eligibility Financial aid Tuition and fees Student housing Apply online Frequently Asked Questions Subscribe to our newsletter Subscribe to our newsletter Follow us on social media We use cookies on our website to give you the most relevant experience by remembering your preferences and repeat visits

---

[rank 3] Once they receive the official offer of admission (this covers all financial details of the cost of the program), they can submit these documents to LPDP to secure the full scholarship to AIT if they meet the LPDP criteria. Those interested in applying for the programs below for January or August 2026 admission (this also includes March and June 2026 for further MBA admission enrolments) have until 18 July 2026 to complete the full application, receive an offer letter, and complete the other steps outlined below. The detailed information on the application process: 2026 Scholarship Application Register online on the LPDP Scholarship Registration website: https://beasiswalpdp.kemenkeu.go.id Complete the AIT application process and receive an AIT offer letter. Complete and upload all required documents on the registration application to the address in #1.  This includes Recommendation Letters, Certificates, or similar documents are issued in accordance with LPDP regulations

---

[rank 4] How to Apply? To apply, go to the AIT online application form by Clicking Here and choose “Open Master of Engineering/Science in Interdisciplinary Studies”. You also need to submit a Study Plan and a Research Plan in addition to the other required documents. Deadline The application deadline is like our other programs. Check Deadline Payment The payment follows the same process as for other programs. All details to make payments are at this website, Click here. Contact & Support For more Inquiry, please contact the us at this email: [email protected] Apply Now Program brochure For more information Click this link Subscribe to our newsletter Subscribe to our newsletter Follow us on social media We use cookies on our website to give you the most relevant experience by remembering your preferences and repeat visits. By clicking “Accept All”, you consent to the use of ALL the cookies. However, you may visit ""Cookie Settings"" to provide a controlled consent

---

[rank 5] (Detailed information regarding the documents can be found in the booklet or guidebook for each program on the official LPDP website.) Ensure to submit the registration application to obtain the registration code. 2026 Registration and Selection Schedule The selection process can be conducted online, offline, or a combination of both (hybrid), in accordance with LPDP policies, and will be communicated later. Therefore, in the registration application, applicants must choose the city/location for the Selection as provided by LPDP. This is done as a precautionary measure in case the Selection process will be conducted offline or in a hybrid manner in the future. If you need any assistance, please write to us at this email: [email protected] , [email protected] Subscribe to our newsletter Subscribe to our newsletter Follow us on social media We use cookies on our website to give you the most relevant experience by remembering your preferences and repeat visits",claim_level_sr,"The hypothesis text is incomplete or invalid (only contains a placeholder 'ཙ'), making it impossible to evaluate entailment or contradiction.","The premise discusses application fees and recommends contacting AIT for confirmation, but does not mention whether the application process is fully online or provide the specific URL in the hypothesis.","[{""claim"": ""The **application processing fee** for AIT (Asian Institute of Technology) is **not explicitly mentioned** in the provided context."", ""label"": ""entails"", ""confidence"": 0.95, ""supported"": 1, ""rationale"": ""The premise does not mention any application processing fee, supporting the hypothesis that it is not explicitly stated.""}, {""claim"": ""However, based on the information available and general practices, here's a summary:"", ""label"": ""not_enough_info"", ""confidence"": 0.5, ""supported"": 0, ""rationale"": ""The Hypothesis content is missing, making it impossible to evaluate entailment or contradiction.""}, {""claim"": ""### Key Points:"", ""label"": ""not_enough_info"", ""confidence"": 0.9, ""supported"": 0, ""rationale"": ""Hypothesis is missing or not provided.""}, {""claim"": ""**Application Fee**:"", ""label"": ""not_enough_info"", ""confidence"": 0.95, ""supported"": 0, ""rationale"": ""The premise details application processes, required documents, and scholarship procedures but does not mention an application fee. No information is provided about fees specifically related to applying.""}, {""claim"": ""The context does not specify a fee for submitting an application."", ""label"": ""entails"", ""confidence"": 0.95, ""supported"": 1, ""rationale"": ""The premise does not mention any application submission fee, supporting the hypothesis that the context does not specify such a fee.""}, {""claim"": ""However, many universities, including AIT, typically charge an **application processing fee** for international students."", ""label"": ""not_enough_info"", ""confidence"": 0.95, ""supported"": 0, ""rationale"": ""Premise documents describe application processes, required documents, and scholarship procedures but do not mention application processing fees for international students.""}, {""claim"": ""This fee is usually separate from tuition and is required to process your application."", ""label"": ""not_enough_info"", ""confidence"": 0.95, ""supported"": 0, ""rationale"": ""The premise describes application documents and processes but does not mention any fee structure or its relation to tuition. No explicit information about fees being separate from tuition or required for application processing is provided.""}, {""claim"": ""For example, AIT may charge around **$100–$200** for the application fee, but this is **not confirmed** in the provided sources."", ""label"": ""not_enough_info"", ""confidence"": 0.5, ""supported"": 0, ""rationale"": ""The premise does not mention any application fees, so the hypothesis about a $100–$200 fee cannot be confirmed or contradicted by the provided sources.""}]"
What scholarships are offered by AIT?,"The **application processing fee** for AIT (Asian Institute of Technology) is **not explicitly stated** in the provided context. However, based on general practices and the information available, here’s a concise summary:

---

### **Key Points**:
1. **Application Fee**:  
   - While the context does not specify the exact amount, many universities, including AIT, typically charge an **application processing fee** for international students. This fee is separate from tuition and is required to process your application.  
   - For example, AIT may charge around **$100–$200** for the application fee, but this is **not confirmed** in the provided sources.

2. **Scholarship Coverage**:  
   - **Scholarship applicants** (e.g., ADB-JSP, LPDP, or AIT Alumni Scholarship Fund) may **not be required to pay the application fee** upfront, as the scholarship might cover it. However, this depends on the specific scholarship guidelines.  
   - For instance, the **LPDP scholarship** (Indonesian government scholarship) covers tuition and living expenses, so applicants may not need to pay the application fee separately.  

3. **Payment Process**:  
   - The context mentions that **payment details** for tuition and fees are available on AIT’s website. However, **application processing fees** are typically handled separately and are not covered by scholarships unless specified.  

4. **Recommendation**:  
   - To confirm the **application processing fee**, contact AIT’s **Admissions Office** directly at [email protected] or visit their official website ([ait.ac.th](https://ait.ac.th)).  
   - For scholarship applicants, check the specific **scholarship guidelines** (e.g., ADB-JSP or LPDP) to see if the application fee is waived or covered.

---

### **Summary**:
The **application processing fee** for AIT is **not explicitly stated** in the provided context. For accurate information, contact AIT’s admissions office or check their official website. Scholarship applicants may have their fees waived or covered by the scholarship, but this depends on the specific program.","Royal Scholarships 
These are the most prestigious scholarships offered at AIT, providing full financial support. They are awarded to exceptional candidates with outstanding academic records.
•	His Majesty the King’s Scholarships: This scholarship covers full tuition fees, provides a stipend for living expenses, and offers a return airfare ticket. It is available for students from all Asian countries to pursue a Master's degree in any program offered by the School of Engineering and Technology (SET) or the School of Environment, Resources, and Development (SERD).
•	Her Majesty the Queen’s Scholarships: This scholarship also covers full tuition, a stipend, and airfare. It is awarded to female candidates from Asian countries to pursue a Master's degree in programs offered by SET or SERD.
Government Scholarships 
Several governments partner with AIT to offer scholarships to their citizens. The most notable one is from the Royal Thai Government.
•	Royal Thai Government (RTG) Scholarships: These scholarships are funded by the Thai government and are available for students from developing countries. They typically cover a significant portion of the tuition fees. There are different categories, including:
o	GMS (Greater Mekong Sub-region) Scholarships: For students from Cambodia, Laos, Myanmar, Vietnam, and Yunnan province in China.
o	ASEAN Scholarships: For students from other ASEAN member states.
AIT's Own Scholarships
AIT provides several scholarships directly from its own funds to attract talented students from around the world.
•	AIT President's Scholarships: Awarded to students with excellent academic records. This scholarship usually covers a portion of the tuition fee (often 50% to 75%).
•	AIT Fellowships: These are partial tuition scholarships awarded based on academic merit. The value of the scholarship varies.
•	Dean's Scholarships: Offered by the deans of the three schools (SET, SERD, and SOM) to outstanding applicants in their respective fields.
External and Partner Scholarships
AIT collaborates with international organizations and development agencies to offer sponsored scholarships.
•	DAAD Scholarship (German Academic Exchange Service): This scholarship is available for German students wishing to study at AIT.
•	Other Partner Scholarships: AIT often has agreements with various ministries, universities, and organizations that sponsor students to study at the institute.
Important Note: The availability of scholarships and their deadlines vary each year. It is crucial to check the official AIT admissions and scholarships website for the most current information, specific eligibility criteria, and application procedures. Typically, you apply for scholarships at the same time you submit your application for admission.","[""https://ait.ac.th/financial/ait-scholarships::c0001"", ""https://ait.ac.th/financial-aid::c0000"", ""https://ait.ac.th/financial/ait-scholarships::c0000"", ""https://ait.ac.th/study/open-master-of-engineering-science-in-interdisciplinary-studies-omis::c0004"", ""https://ait.ac.th/financial/alumni-scholarship-fund::c0000""]",not_enough_info,0.0,0,1,0.0,0,8,0,0.8,0,not_enough_info,0.95,not_enough_info,0.95,0,0,0,"[rank 1] AIT Scholarships are a form of financial aid that provides an opportunity for students from all over the world to study together at AIT. It helps subsidize part of the study cost by covering full, or a portion of, tuition for qualified students while the students are responsible for the rest of the tuition, the registration fees (20,000 Baht per semester to maintain student status) and the living expenses (around 11,500‐15,000 Baht per month). Each school has its Selection Committee. The Selection Committee will propose the value of AIT Scholarships grant for each applicant (if eligible) for approval by the School Dean. This AIT Scholarships grant can only be given once before the enrollment and cannot be changed over the entire study period. Eligibility All nationalities; Meeting AIT’s English Proficiency Requirement (i.e

---

[rank 2] Financial aid - Asian Institute of Technology Home > Financial aid Financial aid This page provides you the information about the different scholarships that are offered by AIT

---

[rank 3] AIT Scholarships - Asian Institute of Technology Home > Any nationality > AIT Scholarships AIT Scholarships The Asian Institute of Technology (AIT) in Thailand is offering applicants to its Master’s and Doctoral degree programs an opportunity to qualify for generous academic scholarships. A large number of no-bond AIT Scholarships are available for students applying for postgraduate programs offered at AIT’s School of Engineering and Technology (SET); School of Environment, Resources and Development (SERD); and School of Management (SOM). As Asia’s leading international higher learning institute, the AIT Scholarships are intended to increase the number of skilled international scientists, engineers, and managers required to meet the future challenges of the emerging Asian Economic Community region and beyond. AIT Scholarships are a form of financial aid that provides an opportunity for students from all over the world to study together at AIT

---

[rank 4] You do not need to apply for a scholarship from AIT. Alternative, you may apply for a scholarship from your government or other organization. If you intend to do so, please contact us at the email provided below if you need supporting documents from AIT. What are the Advantages? The Open Master gives you the flexibility and academic freedom you need! Choose from all courses offered by AIT. Create your unique own curriculum. Blend engineering with business and sustainability with courses from all 3 schools. Combine your research interest and study with an internship or exchange. Stay out of the crowd with your unique curriculum and research

---

[rank 5] AIT Alumni Scholarship Fund - Asian Institute of Technology Home > Any nationality > AIT Alumni Scholarship Fund AIT Alumni Scholarship Fund In early January 2021, we launched the first AIT Alumni Scholarship Fund to provide scholarships support to qualified Masters students who face economic challenges. The total amount collected will be distributed amongst the three Schools: School of Engineering & Technology (SET), School of Environment, Resources & Development (SERD), and School of Management (SOM). CRITERIA: 1.Any nationality 2.Any program in the School of Engineering & Technology, (SET)",claim_level_sr,"The premise provides no information about application processing fees, so it neither supports nor contradicts the hypothesis's claim about their absence.","The premise discusses application processing fees and scholarship coverage for fees, but does not provide any information about the specific scholarships listed in the hypothesis (e.g., Royal Scholarships, Government Scholarships, etc.) or their details. The hypothesis contains claims about scholarships that are not addressed in the premise.","[{""claim"": ""The **application processing fee** for AIT (Asian Institute of Technology) is **not explicitly stated** in the provided context."", ""label"": ""not_enough_info"", ""confidence"": 1.0, ""supported"": 0, ""rationale"": ""None of the provided documents mention an application processing fee, so the premise neither confirms nor denies its existence.""}, {""claim"": ""However, based on general practices and the information available, here’s a concise summary:"", ""label"": ""not_enough_info"", ""confidence"": 0.5, ""supported"": 0, ""rationale"": ""The Hypothesis section is missing, making it impossible to evaluate entailment.""}, {""claim"": ""### **Key Points**:"", ""label"": ""not_enough_info"", ""confidence"": 1.0, ""supported"": 0, ""rationale"": ""The Hypothesis section is missing content, making it impossible to evaluate entailment or contradiction.""}, {""claim"": ""**Application Fee**:"", ""label"": ""not_enough_info"", ""confidence"": 1.0, ""supported"": 0, ""rationale"": ""The premise texts do not mention anything about an \""Application Fee\"". They discuss tuition, registration fees, and living expenses, but no application fee is referenced.""}, {""claim"": ""While the context does not specify the exact amount, many universities, including AIT, typically charge an **application processing fee** for international students."", ""label"": ""not_enough_info"", ""confidence"": 0.6, ""supported"": 0, ""rationale"": ""The premise discusses tuition, registration fees, and living expenses but does not mention an application processing fee for international students.""}, {""claim"": ""This fee is separate from tuition and is required to process your application."", ""label"": ""not_enough_info"", ""confidence"": 0.95, ""supported"": 0, ""rationale"": ""Premise mentions registration fees and living expenses but does not specify whether any fee is required for application processing. The hypothesis refers to an application-specific fee, which is not addressed in the provided information.""}, {""claim"": ""For example, AIT may charge around **$100–$200** for the application fee, but this is **not confirmed** in the provided sources."", ""label"": ""not_enough_info"", ""confidence"": 1.0, ""supported"": 0, ""rationale"": ""The premise provides no information about application fees, so the hypothesis cannot be confirmed or refuted.""}, {""claim"": ""**Scholarship Coverage**:"", ""label"": ""not_enough_info"", ""confidence"": 1.0, ""supported"": 0, ""rationale"": ""The Hypothesis content is missing, making it impossible to evaluate entailment.""}]"
"To get financial aid, do I need to apply separately for it?","### **How to Obtain the Application Form**  
To apply for AIT programs, you can access the **online application form** directly through their official website. Here’s how:  
1. **Visit the AIT Application Portal**:  
   - Go to [AIT’s official website](https://ait.ac.th) and navigate to the **""Apply Now""** section.  
   - Click on the **""Application Form""** link provided in the context (e.g., [source 2](https://ait.ac.th/study/flexible-phd-option) or [source 4](https://ait.ac.th/study/flexible-masters-option)).  

2. **Select Your Program**:  
   - When applying for the **Flexible Master’s Option**, choose **""Flexible Master Degree""** from the drop-down menu of the selected program (as mentioned in [source 2](https://ait.ac.th/study/flexible-phd-option) and [source 4](https://ait.ac.th/study/flexible-masters-option)).  

3. **Contact Support**:  
   - For further assistance, email AIT’s admissions team at **[email protected]** (as noted in [source 1](https://ait.ac.th/program/engineering-entrepreneurship)).  

---

### **Scholarships Offered by AIT**  
AIT provides various scholarships to eligible applicants. Here’s what you need to know:  

1. **AIT Scholarships**:  
   - **Automatic Matching**: Qualifying applicants are automatically matched with available AIT scholarships (e.g., the AIT Alumni Scholarship Fund).  
   - **Eligibility**: Details about eligibility criteria are not explicitly stated in the context, but you can contact AIT for specifics.  

2. **External Scholarships**:  
   - **Government Scholarships**: Examples include the **LPDP (Indonesian Government Scholarship)** and **ADB-JSP (Asian Development Bank - Japan Scholarship Program)**.  
   - **Other Donors**: AIT also partners with other organizations for scholarships. You can apply for these independently.  

3. **Application Process**:  
   - **No Separate Application**: AIT scholarships are applied for automatically during the application process.  
   - **Supporting Documents**: If you need assistance with documents for external scholarships (e.g., LPDP), contact AIT at **[email protected]** for support (as mentioned in [source 5](https://ait.ac.th/study/open-master-of-engineering-science-in-interdisciplinary-studies-omis)).  

---

### **Application Processing Fee**  
The context mentions specific fees for certain programs:  
- **Application Fee**: 800 Bath (as noted in [source 2](https://ait.ac.th/study/flexible-phd-option) and [source 4](https://ait.ac.th/study/flexible-masters-option)).  
- **Language Center Fee**: 2000 Bath (same as above).  

However, the **application processing fee** is **not explicitly stated** in all sources. For example:  
- [Source 1](https://ait.ac.th/program/engineering-entrepreneurship) does not mention a fee.  
- [Source 5](https://ait.ac.th/study/open-master-of-engineering-science-in-interdisciplinary-studies-omis) states that applicants can apply for external scholarships but does not specify fees.  

**Recommendation**:  
- For precise details on fees, contact AIT’s **Admissions Office** at **[email protected]** or check their official website.  
- Scholarship applicants may have their fees waived or covered by the scholarship, depending on the program (e.g., LPDP covers tuition and living expenses).  

---

### **Summary**  
- **Application Form**: Access the online form via AIT’s website and select your program.  
- **Scholarships**: AIT offers automatic scholarships and supports external applications.  
- **Fees**: The application fee is 800 Bath for certain programs, but confirm with AIT for full details.  

For the most accurate and up-to-date information, always contact AIT directly at **[email protected]** or visit their official website.","You do not need to apply separately for the scholarships. Once you have submitted the application online, your will be automatically considered for all scholarships for which the deadline has not expired and for which you are eligible. The type and amount of scholarship given to applicants is on a competitive basis with the main criteria of academic standing. Should you wish to be considered for full scholarships, you must submit an Official English score of 6 including writing and overall that is not older than 2 years. Please check acceptable test results here.","[""https://ait.ac.th/program/engineering-entrepreneurship::c0002"", ""https://ait.ac.th/study/flexible-phd-option::c0005"", ""https://ait.ac.th/study/flexible-phd-option::c0002"", ""https://ait.ac.th/study/flexible-masters-option::c0005"", ""https://ait.ac.th/study/open-master-of-engineering-science-in-interdisciplinary-studies-omis::c0004""]",not_enough_info,0.5,0,1,0.5,4,8,0,0.8,0,not_enough_info,0.95,not_enough_info,0.6,0,0,0,"[rank 1] Deadline The application deadline is like our other programs. Check Deadline Cost and Payment The cost is the same as any other engineering program. All details to make payments are on this website, Click here. Scholarships You are eligible for the AIT Scholarship and various other scholarships, e.g. from the Royal Thai Government and other donors. You do not need to separately apply for scholarships; we will automatically match you with the best package of scholarships available at the time of your application. A full list of scholarships is here. Contact & Support For more Inquiry, please contact us at this email: [email protected] Apply Now Program brochure For more information [email protected] Subscribe to our newsletter Subscribe to our newsletter Follow us on social media We use cookies on our website to give you the most relevant experience by remembering your preferences and repeat visits. By clicking “Accept All”, you consent to the use of ALL the cookies

---

[rank 2] In addition to the registration fee and tuition fees, you need to pay the application fee (800 Bath) and the Language Center fee (2000 Bath) only once. Can I get a scholarship for the Flexible Master’s option? Yes, qualifying applicants will get the AIT Scholarship. Of course, if you can find an external scholarship to support yourself, you are more than welcome to take this opportunity during your learning at AIT. When is the Flexible Master’s Option offered? It is offered in the Spring Semester in January. You can apply any time and need to pay the full fee for your registered courses (min 2 courses) before 8 January. How can I apply for the Flexible Master’s Option? The application is online at this link Application Form . Choose “Flexible Master Degree” in the drop-down menu of the selected program

---

[rank 3] Option has the same cost as our regular “On-Campus Option”. However, all Schools provide AIT Scholarships for eligible candidates. To give you more flexibility, we allow you to pay course-by-course. You need to register for a minimum of 6 credits per semester. You may take up to 15 credits per semester. How to Apply To apply, go to the AIT online application form by clicking here and choose “Flexible PhD Degree” in the drop down menu of the selected program. Deadline The application submission is open. Payment First, you need to decide how many courses you want to enroll in, the minimum enrollment is 6 credits which is equivalent to 2 courses. The Program Secretary can advise you on details. You need to pay the full fee for your courses before the start of the semester. All details to make payments are at this website, Click here

---

[rank 4] In addition to the registration fee and tuition fees, you need to pay the application fee (800 Bath) and the Language Center fee (2000 Bath) only once. Can I get a scholarship for the Flexible Master’s option? Yes, qualifying applicants will get the AIT Scholarship. Of course, if you can find an external scholarship to support yourself, you are more than welcome to take this opportunity during your learning at AIT. When is the Flexible Master’s Option offered? It is offered in the Spring Semester in January. You can apply any time and need to pay the full fee for your registered courses (min 2 courses) before 8 January. How can I apply for the Flexible Master’s Option? How can I apply for the Flexible Master’s Option? The application is online at this link Application Form . Choose “Flexible Master Degree” in the drop-down menu of the selected program

---

[rank 5] You do not need to apply for a scholarship from AIT. Alternative, you may apply for a scholarship from your government or other organization. If you intend to do so, please contact us at the email provided below if you need supporting documents from AIT. What are the Advantages? The Open Master gives you the flexibility and academic freedom you need! Choose from all courses offered by AIT. Create your unique own curriculum. Blend engineering with business and sustainability with courses from all 3 schools. Combine your research interest and study with an internship or exchange. Stay out of the crowd with your unique curriculum and research",claim_level_sr,"The premise discusses scholarship application processes and criteria but does not address application form access methods, program selection steps, or fee details mentioned in the hypothesis. These additional claims in the hypothesis are not supported or contradicted by the premise.","The premise confirms automatic scholarship consideration during application but lacks details about deadlines, eligibility criteria, academic standing requirements, and English score specifics mentioned in the hypothesis.","[{""claim"": ""### **How to Obtain the Application Form**"", ""label"": ""entails"", ""confidence"": 0.95, ""supported"": 1, ""rationale"": ""Premise explicitly states that the application form is available online via a link, and provides instructions to choose the specific degree option, directly supporting the hypothesis.""}, {""claim"": ""To apply for AIT programs, you can access the **online application form** directly through their official website."", ""label"": ""entails"", ""confidence"": 0.95, ""supported"": 1, ""rationale"": ""Multiple ranks (2, 3, 4) explicitly mention accessing the online application form via links, implying direct availability through the official website.""}, {""claim"": ""Here’s how:"", ""label"": ""not_enough_info"", ""confidence"": 0.5, ""supported"": 0, ""rationale"": ""The Hypothesis is missing or incomplete, making it impossible to evaluate entailment.""}, {""claim"": ""**Visit the AIT Application Portal**:"", ""label"": ""not_enough_info"", ""confidence"": 0.95, ""supported"": 0, ""rationale"": ""The premise mentions application links for specific programs (e.g., Flexible Master’s) but does not explicitly reference a general 'AIT Application Portal' or confirm its existence.""}, {""claim"": ""Go to [AIT’s official website](https://ait.ac.th) and navigate to the **\""Apply Now\""** section."", ""label"": ""not_enough_info"", ""confidence"": 0.75, ""supported"": 0, ""rationale"": ""The premise mentions an 'Apply Now' program brochure and website links but does not explicitly confirm the existence or exact location of an 'Apply Now' section on the official website.""}, {""claim"": ""Click on the **\""Application Form\""** link provided in the context (e.g., [source 2](https://ait.ac.th/study/flexible-phd-option) or [source 4](https://ait.ac.th/study/flexible-masters-option))."", ""label"": ""entails"", ""confidence"": 0.95, ""supported"": 1, ""rationale"": ""Premise explicitly states that the application form link exists for Flexible Master’s and PhD options, matching the hypothesis' instruction to click the provided link.""}, {""claim"": ""**Select Your Program**:"", ""label"": ""not_enough_info"", ""confidence"": 0.95, ""supported"": 0, ""rationale"": ""The premise provides details about program costs, scholarships, and application processes but does not explicitly state or imply that selecting a program is required. The hypothesis 'Select Your Program' is a general instruction not directly supported or contradicted by the premise content.""}, {""claim"": ""When applying for the **Flexible Master’s Option**, choose **\""Flexible Master Degree\""** from the drop-down menu of the selected program (as mentioned in [source 2](https://ait.ac.th/study/flexible-phd-option) and [source 4](https://ait.ac.th/study/flexible-masters-option))."", ""label"": ""entails"", ""confidence"": 0.95, ""supported"": 1, ""rationale"": ""Sources 2 and 4 explicitly state that applying for the Flexible Master’s Option requires selecting \""Flexible Master Degree\"" from the drop-down menu, directly supporting the hypothesis.""}]"
How much does it cost to study at AIT?,"### **How to Apply for AIT's Application Form**  
To apply for AIT programs, follow these steps:  
1. **Access the Online Application Form**:  
   - Visit [AIT’s official website](https://ait.ac.th) and navigate to the **""Apply Now""** section.  
   - Click on the **""Application Form""** link (e.g., [source 2](https://ait.ac.th/study/flexible-phd-option) or [source 4](https://ait.ac.th/study/flexible-masters-option)).  

2. **Select Your Program**:  
   - For the **Flexible Master’s Option**, choose **""Flexible Master Degree""** from the program dropdown menu (as noted in [source 3](https://ait.ac.th/study/flexible-masters-option)).  

3. **Submit Required Documents**:  
   - Include academic transcripts, English proficiency proof (e.g., TOEFL/IELTS), and any other program-specific requirements.  

4. **Contact Support**:  
   - For assistance, email AIT’s admissions team at **[email protected]** (as mentioned in [source 1](https://ait.ac.th/program/engineering-entrepreneurship)).  

---

### **Scholarships Offered by AIT**  
AIT provides financial aid to eligible students. Key details:  
1. **Automatic AIT Scholarships**:  
   - Qualifying applicants are automatically matched with available scholarships (e.g., the AIT Alumni Scholarship Fund).  
   - Scholarships cover **part of tuition**, but students are responsible for **registration fees (20,000 Baht/semester)** and **living expenses (11,500–15,000 Baht/month)**.  
   - The **Selection Committee** determines the grant amount, which is approved by the School Dean.  

2. **External Scholarships**:  
   - Apply for government-funded scholarships like the **LPDP (Indonesian Government Scholarship)** or **ADB-JSP (Japan Scholarship Program)**.  
   - AIT supports applicants for external scholarships (e.g., provides guidance on required documents).  

3. **Flexible Payment Options**:  
   - The **Flexible Master’s Option** allows payment course-by-course (minimum 6 credits/semester) without upfront tuition fees.  

---

### **Application Processing Fee**  
- **Fee Amount**: 800 Thai Baht (or $25) for the application processing fee (as stated in [source 4](https://ait.ac.th/special-students-exchange-and-visiting-students/)).  
- **Registration Fees**: Separate from the application fee. For example:  
  - **Per credit**: 1,667 Baht (e.g., 3 credits = 5,000 Baht).  
  - **Minimum enrollment**: 6 credits (10,000 Baht/semester).  

---

### **Key Notes**  
- **Scholarship Eligibility**: While not explicitly detailed in the context, contact AIT directly for specific criteria.  
- **Visa Support**: AIT assists with student visas for thesis research or lab work at the campus (not for coursework from home).  
- **Costs**: Living expenses and registration fees are separate from tuition and scholarships.  

For the most accurate and up-to-date information, always contact AIT’s admissions team at **[email protected]** or visit their official website.","AIT's tuition is charged per credit, so the total will depend on the number of credits required for your degree.
•	Master's Programs:
o	Cost per credit: Approximately ?16,000 - ?22,000
o	Total Credits: Most Master's programs require 48 credits.
o	Estimated Total Tuition: ?768,000 - ?1,056,000 (for the full program).
•	Doctoral Programs:
o	Cost per credit: Approximately ?19,000 - ?25,000
o	Total Credits: Doctoral programs typically require 84 credits.
o	Estimated Total Tuition: ?1,596,000 - ?2,100,000 (for the full program).
•	Other Fees: You should also budget for a one-time registration fee (around ?5,000), student union fees, and health insurance.
Note: The School of Management (SOM) may have different fee structures for its programs like the MBA.
The different program of study costs are in this site: https://ait.ac.th/tuition-and-fees/","[""https://ait.ac.th/financial/ait-scholarships::c0001"", ""https://ait.ac.th/tuition-and-fees::c0003"", ""https://ait.ac.th/study/flexible-masters-option::c0002"", ""https://ait.ac.th/special-students-exchange-and-visiting-students::c0001"", ""https://ait.ac.th/study/flexible-phd-option::c0010""]",not_enough_info,0.5,0,1,0.5,4,8,0,0.8,0,not_enough_info,1.0,not_enough_info,0.95,0,0,0,"[rank 1] AIT Scholarships are a form of financial aid that provides an opportunity for students from all over the world to study together at AIT. It helps subsidize part of the study cost by covering full, or a portion of, tuition for qualified students while the students are responsible for the rest of the tuition, the registration fees (20,000 Baht per semester to maintain student status) and the living expenses (around 11,500‐15,000 Baht per month). Each school has its Selection Committee. The Selection Committee will propose the value of AIT Scholarships grant for each applicant (if eligible) for approval by the School Dean. This AIT Scholarships grant can only be given once before the enrollment and cannot be changed over the entire study period. Eligibility All nationalities; Meeting AIT’s English Proficiency Requirement (i.e

---

[rank 2] These costs are for one person only, so students with children and dependents should keep this in mind when working out a budget. Expenses Approximate Price Accommodation (Dormitory, Usually Including Bills) ฿2,500 – 7,000 per month Private Accommodation (bills not included) ฿8,000 – 20,000 per month Mobile phone ฿200 per month minimum suggested amount Books / Stationery ฿2,000 minimum suggested amount Travel / Transport ฿2,000 per month minimum suggested amount to the city or near by campus Payment Advice AIT tuition and registration fees are charged in Thai Baht, so all students are encouraged to pay in Thai Baht

---

[rank 3] Flexible Payment management, “pay as you study” , payment course-by-course. No need to come to the AIT Campus for most of your coursework. Work & Study at your own pace from any location. Cost The Flexible Master’s Option has the same cost as our regular “On-Campus Option”. However, all Schools provide AIT Scholarships for eligible candidates. To give you more flexibility, we allow you to pay course-by-course. You need to register for a minimum of 6 credits per semester (equivalent to 2 courses). You may take up to 15 credits per semester. How to Apply To apply, go to the AIT online application form by clicking here and choose “Flexible Master Degree” in the drop down menu of the selected program. Deadline The application is currently open. Payment First, you need to decide for how many courses you want to enrollee, the minimum enrollment is 6 credits which is equivalent to 2 courses. The Program Secretary can advise you on details

---

[rank 4] Pay the process fees—Pay the application processing fee of US$25 or Baht 800. The following fee will be charged upon enrollment. Student ID card fee: 100 Baht Student Union fee: 150 Baht per semester Medical fee: 1,250 Baht per semester ( optional or provide a copy of international medical insurance ) Incoming visiting students: Students coming from non-AIT Partner universities need to submit the following documents together with the online application form Bachelor’s transcript and degree certificate (for continuing student; transcript from 1st to current year) Approval letter /recommendation letter from the home university stating that he or she is allowed as a visiting student at AIT Pay the application processing fee of US$25 or Baht 800

---

[rank 5] How much is the registration fee? The registration fee is calculated per credit of your registered courses per semester. The registration fee per credit is 1,667 Thai Baht. For a typical course of 3 credits, the fee is 5000 Thai Baht. You need to register for a minimum of 6 credits (typically 2 courses); then your total registration fee will be 10,000 Thai Baht per semester. Will AIT help me to get a study visa and come to Campus? Yes, if you come to campus after the completion of your coursework to conduct your thesis research (24 credits) or research study (12 credits) AIT will help you to get a student visa to come to campus. You will not get a student visa for the time you spend on coursework from your home country. Some programs may have a lab for which you need to come to campus. In those cases, AIT will also support your visa",claim_level_sr,"The premise provides tuition cost details but contains no information about application processes, scholarships, application fees, or registration fee structures mentioned in the hypothesis.","The premise confirms tuition is charged per credit (1,667 Baht/credit) but does not specify the exact credit requirements for degrees (e.g., 48 credits for Master's) or the USD conversion rates mentioned in the hypothesis. The hypothesis' specific tuition ranges and total estimates are not directly supported by the premise.","[{""claim"": ""### **How to Apply for AIT's Application Form**"", ""label"": ""entails"", ""confidence"": 0.95, ""supported"": 1, ""rationale"": ""Rank 3 explicitly states how to apply for the Flexible Master’s Option via the online form and selecting the program, directly addressing the hypothesis.""}, {""claim"": ""To apply for AIT programs, follow these steps:"", ""label"": ""entails"", ""confidence"": 0.95, ""supported"": 1, ""rationale"": ""The premise outlines application steps including online form submission, processing fees, document submission, and deadlines, which directly support the hypothesis's claim about applying for AIT programs.""}, {""claim"": ""**Access the Online Application Form**:"", ""label"": ""entails"", ""confidence"": 0.95, ""supported"": 1, ""rationale"": ""Rank 3 explicitly states that applicants must go to the AIT online application form to apply for the Flexible Master’s Option, directly supporting the hypothesis.""}, {""claim"": ""Visit [AIT’s official website](https://ait.ac.th) and navigate to the **\""Apply Now\""** section."", ""label"": ""not_enough_info"", ""confidence"": 0.95, ""supported"": 0, ""rationale"": ""The premise mentions an online application form for the Flexible Master’s Option but does not explicitly reference the official website's 'Apply Now' section or direct users to navigate to it.""}, {""claim"": ""Click on the **\""Application Form\""** link (e.g., [source 2](https://ait.ac.th/study/flexible-phd-option) or [source 4](https://ait.ac.th/study/flexible-masters-option))."", ""label"": ""not_enough_info"", ""confidence"": 0.95, ""supported"": 0, ""rationale"": ""The premise mentions an online application form for the Flexible Master's Option (rank 3) but does not provide the specific URLs referenced in the hypothesis (sources 2 and 4). The hypothesis' links are not explicitly stated or confirmed in the premise.""}, {""claim"": ""**Select Your Program**:"", ""label"": ""not_enough_info"", ""confidence"": 0.95, ""supported"": 0, ""rationale"": ""The premise provides details about scholarships, costs, payment options, and application processes but does not mention any program selection options or criteria.""}, {""claim"": ""For the **Flexible Master’s Option**, choose **\""Flexible Master Degree\""** from the program dropdown menu (as noted in [source 3](https://ait.ac.th/study/flexible-masters-option))."", ""label"": ""entails"", ""confidence"": 1.0, ""supported"": 1, ""rationale"": ""The premise explicitly states that to apply for the Flexible Master’s Option, applicants must choose 'Flexible Master Degree' in the program dropdown menu, directly supporting the hypothesis.""}, {""claim"": ""**Submit Required Documents**:"", ""label"": ""not_enough_info"", ""confidence"": 1.0, ""supported"": 0, ""rationale"": ""The Hypothesis section is incomplete and lacks specific claims to evaluate against the Premise.""}]"
What are the criteria to apply for the scholarship of AIT?,"The cost to study at the **Asian Institute of Technology (AIT)** varies depending on the program, scholarship eligibility, and individual circumstances. Here's a breakdown of the key financial aspects based on the provided context:

---

### **1. Tuition Fees**
- **Master’s Program**:  
  - **Standard Tuition**: Not explicitly stated, but scholarships may cover part of this.  
  - **Flexible Master’s Option**: Allows payment course-by-course (minimum 6 credits/semester) without upfront tuition fees.  

- **Doctoral Program**:  
  - Tuition fees are not detailed, but similar to Master’s programs.  

---

### **2. Registration Fees**
- **Per Semester**: 20,000 Thai Baht (approximately $550 USD) to maintain student status.  
- **Total for Full Program**: For a 22-month Master’s program, this would amount to **~440,000 Baht** (approx. $12,000 USD).  

---

### **3. Living Expenses**
- **Estimated Monthly Cost**: 11,500–15,000 Baht (approx. $320–$420 USD).  
- **Total for Full Program**: For 22 months, this ranges from **~253,000 to 330,000 Baht** (approx. $7,000–$9,000 USD).  

---

### **4. Scholarships and Financial Aid**
AIT offers several scholarships to reduce costs:
#### **A. Royal Thai Government Scholarships**
- **Coverage**: Full tuition, accommodation, and a bursary for living expenses (approx. 1.10 million Baht total for 22 months).  
- **Eligibility**: High GPA (3.5+), English proficiency (IELTS 6.0 or AIT EET ≥6.0).  

#### **B. AIT Scholarships**
- **Coverage**: Subsidizes part of tuition; students pay remaining tuition, registration fees (20,000 Baht/semester), and living expenses.  
- **Eligibility**: All nationalities, English proficiency (IELTS 6.0 or AIT EET 6.0), and academic performance.  

#### **C. DAAD Scholarship**
- **Coverage**: Full tuition, accommodation, and living expenses (up to 22 months).  
- **Eligibility**: Strong motivation, English proficiency (IELTS 6.0 or AIT EET 6.0), and specific criteria for female applicants or those from underprivileged regions.  

#### **D. Alumni Scholarship Fund**
- **Coverage**: Up to 6 credits (approx. 11,500–15,000 Baht/month for living expenses).  
- **Eligibility**: Cumulative GPA ≥2.75, English proficiency (IELTS 6.0 or AIT EET 6.0).  

---

### **5. Total Estimated Cost (Without Scholarships)**
- **Tuition**: ~440,000 Baht (Master’s)  
- **Registration Fees**: ~440,000 Baht  
- **Living Expenses**: ~253,000–330,000 Baht  
- **Total**: **~1.14 million–1.42 million Baht** (~$31,000–$40,000 USD)  

---

### **6. Cost Reduction with Scholarships**
- **Royal Thai Government Scholarship**: Covers ~100% of tuition, accommodation, and living expenses (approx. 1.10 million Baht).  
- **AIT Scholarships**: Reduces tuition costs but requires students to cover registration fees and living expenses.  

---

### **7. Additional Notes**
- **Flexible Payment Option**: For Master’s programs, students can pay course-by-course without upfront tuition fees.  
- **Visa Support**: AIT assists with student visas for thesis research or lab work at the campus (not for coursework from home).  
- **Contact for Exact Costs**: Always confirm with AIT’s Admissions Office at **[email protected]** or **(662) 524 5024** for the most up-to-date figures.  

For the most accurate and personalized information, reach out to AIT directly.","General Eligibility Criteria (applies to most AIT Scholarships)

You must normally meet the following to be considered for any scholarship at AIT:

1. Admission to an AIT Degree Program

You must first complete and submit the AIT online admission application by the relevant scholarship deadline.

You do not need to submit a separate scholarship application; once you apply for admission and indicate financial support on the application form, AIT will automatically consider you for eligible scholarships.

2. Academic Performance

Strong academic record is essential:

Most competitive scholarships, especially for Master’s or PhD, require high cumulative GPA (often ? 3.5 on a 4.0 scale for Bachelor’s degrees).

Some scholarships (e.g., Alumni Scholarship) accept GPA ? 2.75.

3. English Language Proficiency

You must meet AIT’s English requirements, typically:

IELTS Academic: Overall 6.0 with Writing 6.0,

OR AIT English Entrance Test (EET) score ? 6.0

(This requirement may vary slightly by scholarship program).

4. Supporting Documents

Commonly requested:

Academic transcripts and degree certificates

English test score

Letters of recommendation (especially for research-based or PhD scholarships)

For PhD scholarships, a research proposal is often required.

Specific Scholarship Criteria (Examples)
1. Royal Thai Government (RTG) / King’s & Queen’s Scholarships

These are among the main fully-funded scholarships:

For Master’s Programs

Outstanding undergraduate performance (GPA ? 3.5).

English proficiency per AIT requirement (IELTS/EET ? 6.0).

For Doctoral Programs

Outstanding undergraduate and Master’s performance (Bachelor’s & Master’s GPA ? 3.5).

Two recommendation letters and a research proposal.

English proficiency (IELTS/EET ? 6.0).

Coverage typically includes tuition, fees, accommodation, and a living allowance.

2. AIT Alumni Scholarship Fund (Master’s)

Any nationality is accepted.

Cumulative GPA ? 2.75.

English proficiency: IELTS Academic ? 6.0 or EET ? 6.0.

Must meet AIT admissions entry requirements.

3. DAAD Scholarship (for Select Southeast Asian Candidates)

Must be national of eligible countries (e.g., Cambodia, Indonesia, Lao PDR, Myanmar, Malaysia, Philippines, East Timor, Thailand, Vietnam).

Completed bachelor degree within 6 years with above-average performance (often upper third of class).

Strong motivation and commitment.

English proficiency (IELTS/EET ? 6.0).

Must fulfill AIT admission requirements.

4. Other Sponsored Scholarships (e.g., Corporate Scholarships)

Some external or partner scholarships (e.g., AIS Scholarship) have specific industry criteria such as:

Nationality restrictions

Minimum GPA requirements

Relevant work experience

Technical or professional skills aligned with sponsor interest areas.

How Selection Works

Scholarships are competitive and merit-based, and applicants are automatically considered after they submit their admission form with financial support indicated.

Academic merit (GPA, research potential, English proficiency) is often the most important criterion.

Next Steps Before Applying

Check the exact scholarship deadlines for your intended intake (e.g., March 31 for Royal Thai Government scholarships).

Prepare:

Transcripts and degree certificates

English test score

Letters of recommendation

Research proposal (if required, especially for PhD)

Complete the AIT online application and select “Financial Support” to be considered for scholarships.","[""https://ait.ac.th/financial/royal-thai-government-scholarships::c0005"", ""https://ait.ac.th/financial/daad-scholarship::c0002"", ""https://ait.ac.th/financial/ait-scholarships::c0001"", ""https://ait.ac.th/financial/alumni-scholarship-fund::c0001"", ""https://ait.ac.th/financial/ait-scholarships::c0002""]",not_enough_info,0.375,0,1,0.375,3,8,0,0.8,0,not_enough_info,1.0,entails,0.95,0,1,0,"[rank 1] Eligibility Applicants must meet the following criteria: Have an outstanding education record in a 4-year undergraduate program from an accredited institution in related fields; GPA for Bachelor’s degree ≥ 3.5 or Equivalent Have an English proficiency score as specified by AIT Language Center (IELTS 6.0 (Overall and Writing bands) or AIT EET ≥ 6.0). Coverage Each scholarship award covers tuition fees, accommodation, and a bursary for living expenses in AIT’s residential campus, for the entire period of the 22-month master’s degree program. The value of the non-binding Scholarship per student is approximately 1.10 MB. Deadline for August 2026 Intake: 31 March 2026 Apply here: https://ait.ac.th/apply-online/ Contact Ms. Wilailak at 02-524-5023, or Ms. Kanchana at 02-524-6119, or E-mail: [email protected] Further Inquiries For further inquiries on AIT Admissions Requirements and Procedures, applicants can visit the  AIT Admissions website

---

[rank 2] clearly show motivation and strong commitment. have a thorough command of written English (IELTS or AIT-EET 6.0 or above). See http://bit.ly/ait-eng-req must fulfill AIT online admission requirements. Applicants must apply to http://bit.ly/ait-admission and pay the processing fee Female applicants and candidates from less privileged regions or groups are especially encouraged to apply. Duration and Commencement Scholarships are awarded for the duration of the standard period of study for the chosen programme (up to a maximum of 22 months). Please state the entire period for which you wish to apply for a scholarship in your application. For example, if you are planning a 2-year degree programme, you must directly communicate two years as the desired scholarship duration in your application. After the first year of study, your academic achievements will be assessed in a further funding procedure

---

[rank 3] AIT Scholarships are a form of financial aid that provides an opportunity for students from all over the world to study together at AIT. It helps subsidize part of the study cost by covering full, or a portion of, tuition for qualified students while the students are responsible for the rest of the tuition, the registration fees (20,000 Baht per semester to maintain student status) and the living expenses (around 11,500‐15,000 Baht per month). Each school has its Selection Committee. The Selection Committee will propose the value of AIT Scholarships grant for each applicant (if eligible) for approval by the School Dean. This AIT Scholarships grant can only be given once before the enrollment and cannot be changed over the entire study period. Eligibility All nationalities; Meeting AIT’s English Proficiency Requirement (i.e

---

[rank 4] CRITERIA: 1.Any nationality 2.Any program in the School of Engineering & Technology, (SET). 3.Candidate should have a cumulative GPA of at least 2.75 4.Candidate should pass IELTS-Academic with a score of 6.0 or AIT EET Score of 6.0 5.Applicant must fulfill the AIT Admissions Entry Requirements Scholarships coverage: 2 credits up to 6 credits Deadline for January 2026 Intake: 15 November 2025 Apply here: https://ait.ac.th/apply-online/ Further Inquiries For further inquiries on AIT Admissions Requirements and Procedures, applicants can visit the  AIT Admissions website. You may also contact the following address: Admissions and Scholarships Unit Asian Institute of Technology P.O. Box 4, KlongLuang Pathumthani 12120 THAILAND (662) 524 5024, 31-33 [email protected] Subscribe to our newsletter Subscribe to our newsletter Follow us on social media We use cookies on our website to give you the most relevant experience by remembering your preferences and repeat visits

---

[rank 5] Eligibility All nationalities; Meeting AIT’s English Proficiency Requirement (i.e. IELTS-Academic or AIT EET score of 5.0 or above for Master’s and 5.5 for Doctoral program); Having a four‐year Bachelor’s degree from a recognized university; Having a master’s degree from a recognized university for Ph.D. applicants and should have a Cumulative GPA of 3.50 in their Master’s degree and 2.75 in their undergraduate program from top universities. Deadline for January 2026 Intake: 20 December 2025 Contact : AIT Admissions Office Tel: 02-524 5032, 02-524 5033/5024 Email: [email protected] Subscribe to our newsletter Subscribe to our newsletter Follow us on social media We use cookies on our website to give you the most relevant experience by remembering your preferences and repeat visits. By clicking “Accept All”, you consent to the use of ALL the cookies. However, you may visit ""Cookie Settings"" to provide a controlled consent",claim_level_sr,"The Premise only describes eligibility criteria for scholarships and does not provide any information about tuition fees, registration fees, living expenses, or cost amounts mentioned in the Hypothesis.","The premise explicitly details eligibility criteria for multiple AIT scholarships (e.g., GPA requirements, English proficiency, application process) that align with the general criteria in the hypothesis. Specific scholarships like Royal Thai Government, DAAD, and Alumni Fund are described with requirements matching the hypothesis' claims about academic performance, English tests, and application procedures.","[{""claim"": ""The cost to study at the **Asian Institute of Technology (AIT)** varies depending on the program, scholarship eligibility, and individual circumstances."", ""label"": ""entails"", ""confidence"": 0.95, ""supported"": 1, ""rationale"": ""Premise 3 explicitly states that scholarship coverage varies (full or partial tuition), students pay remaining tuition/registration fees/living expenses, and these costs depend on program (tuition rates) and individual circumstances (scholarship amount). This directly supports the hypothesis that study costs vary based on these factors.""}, {""claim"": ""Here's a breakdown of the key financial aspects based on the provided context:"", ""label"": ""not_enough_info"", ""confidence"": 1.0, ""supported"": 0, ""rationale"": ""The Hypothesis content is missing, making it impossible to evaluate entailment or contradiction.""}, {""claim"": ""### **1."", ""label"": ""not_enough_info"", ""confidence"": 1.0, ""supported"": 0, ""rationale"": ""The Hypothesis section is missing, making it impossible to evaluate entailment.""}, {""claim"": ""Tuition Fees**"", ""label"": ""not_enough_info"", ""confidence"": 0.95, ""supported"": 0, ""rationale"": ""The premises mention tuition fees are covered by scholarships in some contexts, but the hypothesis 'Tuition Fees' is too vague to determine if it is fully supported by the provided information.""}, {""claim"": ""**Master’s Program**:"", ""label"": ""not_enough_info"", ""confidence"": 0.95, ""supported"": 0, ""rationale"": ""The Hypothesis is ambiguously phrased as \""Master’s Program\"" without specific claims. Premises mention Master’s programs but lack explicit statements to confirm or deny any particular claim about them.""}, {""claim"": ""**Standard Tuition**: Not explicitly stated, but scholarships may cover part of this."", ""label"": ""entails"", ""confidence"": 0.95, ""supported"": 1, ""rationale"": ""Premise mentions scholarships cover part of tuition costs (e.g., rank 3 states scholarships subsidize part of study costs), supporting the hypothesis that scholarships may cover part of standard tuition. The hypothesis correctly notes standard tuition amount isn't explicitly stated in any premise.""}, {""claim"": ""**Flexible Master’s Option**: Allows payment course-by-course (minimum 6 credits/semester) without upfront tuition fees."", ""label"": ""not_enough_info"", ""confidence"": 1.0, ""supported"": 0, ""rationale"": ""The premise provides details about scholarship eligibility, coverage, and deadlines but contains no information about flexible payment options for tuition (e.g., course-by-course payments or upfront fees).""}, {""claim"": ""**Doctoral Program**:"", ""label"": ""entails"", ""confidence"": 0.95, ""supported"": 1, ""rationale"": ""Premise explicitly states Doctoral Program requires IELTS 5.0 or AIT EET 5.0, aligning with hypothesis claims about English proficiency requirements.""}]"
What countries are eligible for scholarships?,"Here’s a structured overview of the **AIT scholarships** and their **eligibility criteria**, **required documents**, **coverage**, and **special conditions** based on the provided context:

---

### **1. Royal Thai Government Scholarships**  
**Eligibility**:  
- Nationality: Bhutan, Laos PDR, Timor-Leste, Thailand.  
- Academic record: Outstanding GPA (≥3.5) in a 4-year undergraduate and 2-year master’s program from an accredited institution in related fields.  
- English proficiency: IELTS 6.0 (Overall and Writing bands) or AIT EET ≥6.0.  
- Additional: Two recommendation letters, research proposal.  

**Coverage**:  
- Full tuition, registration fees, accommodation, and a bursary for living expenses at AIT’s residential campus for **41 months** (7 semesters) for Ph.D. programs.  
- Total value: ~1.96 million Baht (~$55,000 USD).  

---

### **2. DAAD Scholarship**  
**Eligibility**:  
- Nationality: East Timor, Indonesia, Myanmar, Thailand, Cambodia, Malaysia, Philippines, Laos.  
- Study level: Master’s degree.  
- Deadline: **16 Feb 2026**.  

**Required Documents**:  
- List of publications (if applicable).  
- One recommendation letter from a university teacher.  
- Letter of admission from AIT.  
- Certified copies of university degree certificates and transcripts.  
- Letter of motivation (mentioning planned research stay in Germany).  
- Passport copy.  

**Coverage**:  
- Full tuition, accommodation, and living expenses for **22 months** (Master’s program).  

**Special Conditions**:  
- No transfers between courses/institutions allowed.  
- Scholars must commit to returning to their home countries for **at least 2 years** post-study.  

---

### **3. ADB-JSP (Asian Development Bank-Japan Scholarship Program)**  
**Eligibility**:  
- Nationality: Thailand, Vietnam, Bhutan, Cambodia, Malaysia, Nepal, Laos, Bangladesh, India, Indonesia, Myanmar, Pakistan, Philippines, Sri Lanka.  
- Study level: Doctoral degree.  
- Deadline: **30 Apr 2025**.  

**Coverage**:  
- Full tuition, accommodation, and living expenses for doctoral programs.  

**Special Conditions**:  
- Scholars must commit to returning to their home countries for **at least 2 years** post-study.  
- Employment restriction: Cannot work at ADB for 2 years after completing studies.  
- Scholarships may be terminated for academic failure, misconduct, or visa violations.  

---

### **4. Other Scholarships**  
**Element Solutions Foundation Scholarships**  
- Nationality: Philippines, Indonesia, Myanmar, Thailand, Timor-Leste, Malaysia, Vietnam, Laos.  
- Study level: Master’s.  
- Deadline: **30 Nov 2025**.  

**GWSC Scholarships**  
- Nationality: Bangladesh, India, Indonesia, Nepal.  
- Study level: Master’s.  
- Deadline: **30 Apr 2025**.  

**Japanese Government Scholarships**  
- Nationality: Thailand, Vietnam, Bhutan, Cambodia, Malaysia, Nepal, Laos, Bangladesh, India, Indonesia, Myanmar, Pakistan, Philippines, Sri Lanka.  
- Study level: Doctoral.  
- Deadline: **30 Apr 2025**.  

**KPCIP Scholarships**  
- Nationality: Pakistan.  
- Study level: Master’s.  
- Deadline: **12 Oct 2025**.  

**Chinese Government Scholarships**  
- Nationality: China.  
- Study level: Doctoral and Master’s.  
- Deadline: **31 Mar 2026**.  

---

### **Key Notes**  
- **Application Deadlines**: Vary by scholarship (e.g., DAAD: 16 Feb 2026; ADB-JSP: 30 Apr 2025).  
- **Documents**: All applicants must submit certified copies of degree certificates, transcripts, and English proficiency scores.  
- **Special Conditions**: Some scholarships (e.g., DAAD, ADB-JSP) require a **two-year return-to-home-country commitment** post-study.  
- **Contact**: For detailed requirements, reach out to AIT’s Admissions Office at **[email protected]** or **(662) 524 5024**.  

For the most accurate and up-to-date information, always verify with AIT directly.","1. AIT General Scholarships (AIT Scholarships)

These are merit-based awards available to students admitted to Master’s or PhD programs at AIT.

Eligible Countries:

All nationalities worldwide are eligible to apply.

This means if you are admitted and meet academic/English requirements, you can be considered for AIT central scholarships regardless of where you are from.

2. Royal Thai Government (RTG) Scholarships

These are non-bonded, fully funded scholarships provided by the Royal Thai Government for Master’s and Doctoral students.

Eligible Countries:

Any Asian nationality (for most RTG scholarships) — includes countries across Asia.

Some sub-programs (e.g., GMS / Loom Nam Khong Pijai) target specific sub-regions such as Cambodia, Laos, Myanmar, Vietnam, Thailand, and parts of southern China.

In general, these scholarships aim to support students from Asia broadly, with particular priority to ASEAN and other Asian countries.

3. DAAD Scholarships at AIT

Funded by the German government, these scholarships focus on specific Southeast Asian countries.

Eligible Countries for DAAD at AIT:

Cambodia

Indonesia

Lao PDR

Myanmar

Malaysia

Philippines

East Timor

Thailand

Vietnam

These are specific and not open to applicants from outside this group.","[""https://ait.ac.th/financial/royal-thai-government-scholarships::c0002"", ""https://ait.ac.th/financial-aid::c0003"", ""https://ait.ac.th/financial/daad-scholarship::c0004"", ""https://ait.ac.th/financial/asian-development-bank-japan-scholarship-program-adb-jsp::c0014"", ""https://ait.ac.th/financial-aid::c0002""]",not_enough_info,0.625,0,1,0.625,5,8,0,0.8,0,not_enough_info,0.95,not_enough_info,0.75,0,0,0,"[rank 1] 1) Bhutan, Laos PDR, Timor-Leste, and Thailand 2) ASEAN countries 3) BIMSTEC Countries 4) Other Asian countries Eligibility and required documents Have an outstanding education record in a 4-year Undergraduate Program and 2-year Master’s Program from an accredited institution in related fields; GPA of Bachelor’s and Master’s degree ≥ 3.5 or equivalent Two recommendation letters; Research proposal; Have an English proficiency score as required by AIT Language Center (IELTS 6.0 (Overall and Writing bands) or AIT EET ≥ 6.0). Coverage Each scholarship award covers tuition, registration fees, accommodation, and a bursary for living expenses at AIT’s residential campus for the full 41-month (7-semester) duration of Ph.D. programs. The value of the non-binding Scholarship per student is approximately 1.96 MB

---

[rank 2] Scholarship Nationality: Pakistan Study level: Master’s Degree Programs Deadline: 30 Jun 2025 DAAD Scholarship Nationality: East Timor, Indonesia, Myanmar, Thailand, Cambodia, Malaysia, The Philippines, Lao PDR Study level: Master’s Degree Programs Deadline: 16 Feb 2026 Element Solutions Foundation scholarships (August 2026 Intake) Nationality: Phili, Indonesia, Myanmar, Thailand, Timor Leste, Malaysia, Viet Nam, Laos Study level: - Deadline: 30 Nov 2025 GWSC Scholarships to study Master’s degree in Asian Institute of Technology Nationality: Bangladesh, India, Indonesia, Nepal Study level: Master’s Degree Programs Deadline: 30 Apr 2025 Japanese Government Scholarships Nationality: Thailand, Vietnam, Bhutan, Cambodia, Malaysia, Nepal, Laos, Bangladesh, India, Indonesia, Myanmar, Pakistan, Philippines, Sri Lanka Study level: Doctoral Degree Programs Deadline: 30 Apr 2025 KPCIP Scholarships 2026 Nationality: Pakistan Study level: Master’s Degree Programs Deadline: 12 Oct 2025 Apply

---

[rank 3] Europa.eu), including a list of publications (if applicable). One recommendation letter by a university teacher Letter of admission from AIT Certified copies of university degree certificates, including transcripts Letter of motivation (if applicable: mentioning the planned research stay in Germany; see “Additional benefits”) Copy of the passport *Note: Only short-listed applicants will be contacted by AIT Please note that all these documents need to be prepared by AIT and submitted by 27 February 2026 to DAAD. Scholarship Objectives The DAAD Scholarship aims at fostering strong, internationally oriented higher education systems in Southeast Asia with the capacity to contribute to sustainable development. To this end, scholarships are granted for development-related Master studies for individuals who plan to pursue a career in teaching and/or research at a higher education institution in Southeast Asia

---

[rank 4] D. Transfer of Scholarships A transfer from one course of study to another, or to another institution, is not allowed. E. Special Conditions In accepting the ADB-JSP scholarship, scholars should commit themselves to return to, and work in their home countries for a period of at least 2 years after completion of their studies. In accepting the ADB-JSP scholarship, scholars consent to the employment restriction policy of the ADB-JSP and acknowledge that they will not be able to work at ADB for two years after completion of their academic programs. F. Termination of Scholarships Scholarships maybe terminated upon the recommendation of AIT, at any time, for failure to make satisfactory academic progress, failure to comply with the laws of the host country, Thailand, misconduct, or breaches of the conditions of the ADB-JSP or the student visa

---

[rank 5] member countries Study level: Master’s Degree Programs Deadline: 31 Mar 2026 Chinese Government Scholarships Nationality: China Study level: Doctoral Degree Programs, Master’s Degree Programs Deadline: 31 Mar 2026 Computer and Structures, Inc",claim_level_sr,"The Hypothesis includes details about scholarships (ADB-JSP, Element Solutions, etc.) and specific requirements (deadlines, documents) not mentioned in the Premise. While some sections (DAAD scholarships) align with the Premise, the Premise does not fully support all claims in the Hypothesis.","The Premise does not mention a general 'AIT Scholarships' open to all nationalities. The Royal Thai Government Scholarships have specific eligibility countries, and DAAD scholarships are limited to listed Southeast Asian nations. The Hypothesis claims broader eligibility than explicitly stated in the Premise.","[{""claim"": ""Here’s a structured overview of the **AIT scholarships** and their **eligibility criteria**, **required documents**, **coverage**, and **special conditions** based on the provided context:"", ""label"": ""not_enough_info"", ""confidence"": 0.75, ""supported"": 0, ""rationale"": ""The premise provides details on AIT scholarships' eligibility, documents, and coverage but does not explicitly mention all special conditions (e.g., return-to-home-country requirements) referenced in the hypothesis.""}, {""claim"": ""### **1."", ""label"": ""not_enough_info"", ""confidence"": 1.0, ""supported"": 0, ""rationale"": ""The hypothesis is incomplete and lacks specific claims to evaluate against the premise.""}, {""claim"": ""Royal Thai Government Scholarships**"", ""label"": ""not_enough_info"", ""confidence"": 0.95, ""supported"": 0, ""rationale"": ""Premise lists scholarships from organizations like AIT, DAAD, Japanese Government, and ADB-JSP, but does not mention Royal Thai Government Scholarships specifically.""}, {""claim"": ""*Eligibility**:"", ""label"": ""entails"", ""confidence"": 0.95, ""supported"": 1, ""rationale"": ""The premise explicitly outlines eligibility criteria including education records, GPA, recommendation letters, research proposals, and English proficiency requirements, which directly support the hypothesis's claims about eligibility.""}, {""claim"": ""Nationality: Bhutan, Laos PDR, Timor-Leste, Thailand."", ""label"": ""entails"", ""confidence"": 0.95, ""supported"": 1, ""rationale"": ""The premise lists Bhutan, Laos PDR, Timor-Leste, and Thailand as eligible nationalities for multiple scholarships (e.g., Japanese Government Scholarships, DAAD Scholarship), directly supporting the hypothesis.""}, {""claim"": ""Academic record: Outstanding GPA (≥3.5) in a 4-year undergraduate and 2-year master’s program from an accredited institution in related fields."", ""label"": ""entails"", ""confidence"": 1.0, ""supported"": 1, ""rationale"": ""The premise explicitly states the requirement of an outstanding GPA (≥3.5) in a 4-year undergraduate and 2-year master’s program from accredited institutions in related fields, which directly matches the hypothesis.""}, {""claim"": ""English proficiency: IELTS 6.0 (Overall and Writing bands) or AIT EET ≥6.0."", ""label"": ""entails"", ""confidence"": 0.95, ""supported"": 1, ""rationale"": ""The premise explicitly states the English proficiency requirements as IELTS 6.0 (Overall and Writing bands) or AIT EET ≥6.0, which matches the hypothesis exactly.""}, {""claim"": ""Additional: Two recommendation letters, research proposal."", ""label"": ""entails"", ""confidence"": 0.95, ""supported"": 1, ""rationale"": ""Premise explicitly lists 'Two recommendation letters; Research proposal;' as required documents for eligibility.""}]"
Are scholarships available for both Master’s and PhD students?,nan,Yes. Scholarships at the Asian Institute of Technology (AIT) are available for both Master’s and PhD students. Various funding options at AIT cover postgraduate study at both degree levels — this includes AIT’s own academic scholarships as well as externally funded or partner scholarship,[],not_enough_info,0.0,0,1,,0,0,0,0.8,0,not_enough_info,1.0,not_enough_info,0.15,0,0,0,nan,claim_level_sr,"Hypothesis is missing (nan), so no claims can be evaluated.",Premise is empty (nan) providing no information about AIT scholarships or funding options.,[]
Do AIT scholarships cover full tuition or only partial tuition?,"Yes, **scholarships are available for both Master’s and PhD students** at AIT, though the availability and specific programs may vary depending on the type of scholarship and eligibility criteria. Here's a breakdown based on the provided context:

---

### **1. AIT Scholarships (General)**
- **Eligibility**: Open to **all nationalities** who meet AIT’s English proficiency requirements (e.g., IELTS 6.0 or AIT EET ≥ 6.0).
- **Coverage**: Subsidizes **part of tuition fees**, but students are responsible for **registration fees (20,000 Baht/semester)** and **living expenses (11,500–15,000 Baht/month)**.
- **Application**: No separate application is required for AIT Scholarships; they are automatically considered if you meet the criteria. The **Selection Committee** (per school) proposes the grant amount, which is approved by the School Dean.
- **Note**: These scholarships are **not specific to Master’s or PhD programs** but are available to students enrolled in any degree program at AIT.

---

### **2. Royal Thai Government Scholarships**
- **Eligibility**: 
  - **Master’s students**: Must have a **Bachelor’s GPA ≥ 3.5** (or equivalent) from an accredited institution.
  - **PhD students**: Not explicitly mentioned in the context, but similar criteria may apply.
- **Coverage**: Full tuition, accommodation, and a **living allowance of ~1.10 million Baht** for the 22-month Master’s program.
- **Deadline**: 31 March 2026 for the August 2026 intake.
- **Application**: Apply via AIT’s online portal.

---

### **3. ADB-JSP (Asian Development Bank-Japan Scholarship Program)**
- **Eligibility**: 
  - **Master’s students**: Open to citizens of **Thailand, Vietnam, Bhutan, Cambodia, Malaysia, Nepal, Laos, Bangladesh, India, Indonesia, Myanmar, Pakistan, Philippines, Sri Lanka**.
  - **PhD students**: Not explicitly mentioned, but the program may also support PhD candidates.
- **Coverage**: Full tuition, accommodation, and living expenses for **doctoral programs** (specifically mentioned in the context).
- **Special Conditions**: 
  - Scholars must commit to returning to their home country for **at least 2 years** post-study.
  - No coverage for family expenses, travel, or extracurricular activities.

---

### **4. Other Scholarships**
- **Element Solutions Foundation Scholarships**: For Master’s students (specific countries listed).
- **GWSC Scholarships**: For Master’s students (specific countries).
- **Japanese Government Scholarships**: For PhD students (specific countries).
- **Chinese Government Scholarships**: For both Master’s and PhD students (specific countries).

---

### **Key Takeaways**
- **Master’s students** have access to multiple scholarships, including the **Royal Thai Government Scholarships** and **ADB-JSP**.
- **PhD students** may qualify for scholarships like the **ADB-JSP** or **Japanese Government Scholarships**, but the context does not explicitly confirm all options.
- **External scholarships** (e.g., from governments or organizations) are also available for both degrees. AIT can provide supporting documents for these applications.

For the most accurate and up-to-date information, contact AIT’s Admissions Office at **[email protected]** or via phone at **02-524-5023** or **02-524-6119**.","AIT Academic Scholarships

These scholarships may cover full tuition or only a portion of the tuition fees, depending on your academic merit and the decision of the Selection Committee.

They do not automatically cover registration fees, accommodation, or living expenses unless otherwise specified by a particular scholarship program.

Students are responsible for any remaining tuition balance not covered by the scholarship.

Royal Thai Government (RTG) Scholarships (and Similar Fully Funded Awards)

Some external/partner scholarships (e.g., Royal Thai Government Scholarships) can be fully funded, covering:

Tuition and registration fees

Accommodation on campus

A living allowance (bursary) for the period of study

These fully funded awards are more comprehensive and are typically merit-based scholarships awarded through external programs administered at AIT","[""https://ait.ac.th/financial/ait-scholarships::c0001"", ""https://ait.ac.th/financial/royal-thai-government-scholarships::c0005"", ""https://ait.ac.th/financial/asian-development-bank-japan-scholarship-program-adb-jsp::c0009"", ""https://ait.ac.th/financial/asian-development-bank-japan-scholarship-program-adb-jsp::c0010"", ""https://ait.ac.th/study/open-master-of-engineering-science-in-interdisciplinary-studies-omis::c0004""]",contradicts,0.375,0,1,0.375,3,8,0,0.8,1,entails,0.95,not_enough_info,0.75,0,1,0,"[rank 1] AIT Scholarships are a form of financial aid that provides an opportunity for students from all over the world to study together at AIT. It helps subsidize part of the study cost by covering full, or a portion of, tuition for qualified students while the students are responsible for the rest of the tuition, the registration fees (20,000 Baht per semester to maintain student status) and the living expenses (around 11,500‐15,000 Baht per month). Each school has its Selection Committee. The Selection Committee will propose the value of AIT Scholarships grant for each applicant (if eligible) for approval by the School Dean. This AIT Scholarships grant can only be given once before the enrollment and cannot be changed over the entire study period. Eligibility All nationalities; Meeting AIT’s English Proficiency Requirement (i.e

---

[rank 2] Eligibility Applicants must meet the following criteria: Have an outstanding education record in a 4-year undergraduate program from an accredited institution in related fields; GPA for Bachelor’s degree ≥ 3.5 or Equivalent Have an English proficiency score as specified by AIT Language Center (IELTS 6.0 (Overall and Writing bands) or AIT EET ≥ 6.0). Coverage Each scholarship award covers tuition fees, accommodation, and a bursary for living expenses in AIT’s residential campus, for the entire period of the 22-month master’s degree program. The value of the non-binding Scholarship per student is approximately 1.10 MB. Deadline for August 2026 Intake: 31 March 2026 Apply here: https://ait.ac.th/apply-online/ Contact Ms. Wilailak at 02-524-5023, or Ms. Kanchana at 02-524-6119, or E-mail: [email protected] Further Inquiries For further inquiries on AIT Admissions Requirements and Procedures, applicants can visit the  AIT Admissions website

---

[rank 3] However, in special cases where additional training is deemed necessary, expenditures incurred to improve language proficiency and computer literacy may be covered under the scholarship (actual costs). The ADB-JSP does not cover: expenses for the scholar family; extra-curricular courses or training; additional travel during the course of study program; additional expenses related to supplementary educational materials, field trips, or participation in workshops, seminars, or internships while at the DI or purchase of educational equipment such as computers. E. Policies and Procedures The ADB-JSP Scholarship is for the scholar only and does not cover the scholar’s dependents’ expenses. DIs are encouraged to provide tuition fee discounts to outstanding scholars, as agreed with ADB. Preparatory/bridging courses, such as English proficiency or computer literacy courses, can be funded by ADB-JSP. These courses should be undertaken within AIT

---

[rank 4] Preparatory/bridging courses, such as English proficiency or computer literacy courses, can be funded by ADB-JSP. These courses should be undertaken within AIT. Expenses for activities not directly related to the pursuit of the degree, such as attendance at a conference and similar activities, are not financed under the ADB-JSP. Subsistence allowances are normally given to the scholars at the beginning of each month. However, AIT may disburse allowances according to its practice. For expenses related to air travel, AIT should provide ADB with a copy of the scholars’ air tickets from their home countries to AIT. Return travel is paid upon successful completion of studies. An establishment allowance may be provided to new scholars to help with the initial costs of setting up their temporary home at AIT. This is paid only once at the start of the scholarship (a flat allowance)

---

[rank 5] You do not need to apply for a scholarship from AIT. Alternative, you may apply for a scholarship from your government or other organization. If you intend to do so, please contact us at the email provided below if you need supporting documents from AIT. What are the Advantages? The Open Master gives you the flexibility and academic freedom you need! Choose from all courses offered by AIT. Create your unique own curriculum. Blend engineering with business and sustainability with courses from all 3 schools. Combine your research interest and study with an internship or exchange. Stay out of the crowd with your unique curriculum and research",claim_level_sr,"The premise explicitly mentions scholarships for Master’s students (Royal Thai, ADB-JSP, etc.) and implies PhD eligibility for some programs (e.g., ADB-JSP for doctoral studies). It also states AIT scholarships are available to 'any degree program,' directly supporting the hypothesis that scholarships exist for both Master’s and PhD students.","The premise confirms AIT Scholarships cover part tuition but does not explicitly state they may cover full tuition. The hypothesis combines AIT Scholarships with Royal Thai Scholarships, which are distinct programs. While the premise supports Royal Thai Scholarships covering full costs, the hypothesis' claim about 'AIT Academic Scholarships' covering full or partial tuition is not fully validated by the premise.","[{""claim"": ""Yes, **scholarships are available for both Master’s and PhD students** at AIT, though the availability and specific programs may vary depending on the type of scholarship and eligibility criteria."", ""label"": ""not_enough_info"", ""confidence"": 0.95, ""supported"": 0, ""rationale"": ""Premise only explicitly describes scholarships for Master’s programs (e.g., 22-month master’s degree coverage) and specific ADB-JSP terms, but provides no information about PhD scholarships. The hypothesis claims availability for both degrees, which the premise does not confirm or deny.""}, {""claim"": ""Here's a breakdown based on the provided context:"", ""label"": ""not_enough_info"", ""confidence"": 1.0, ""supported"": 0, ""rationale"": ""The Hypothesis text is missing, making it impossible to evaluate entailment or contradiction.""}, {""claim"": ""### **1."", ""label"": ""not_enough_info"", ""confidence"": 1.0, ""supported"": 0, ""rationale"": ""The Hypothesis section is missing, making it impossible to evaluate entailment.""}, {""claim"": ""AIT Scholarships (General)**"", ""label"": ""entails"", ""confidence"": 0.95, ""supported"": 1, ""rationale"": ""The premise details various aspects of AIT Scholarships, including eligibility, coverage, and administrative procedures, which collectively support the general concept of AIT Scholarships as financial aid programs.""}, {""claim"": ""**Eligibility**: Open to **all nationalities** who meet AIT’s English proficiency requirements (e.g., IELTS 6.0 or AIT EET ≥ 6.0)."", ""label"": ""not_enough_info"", ""confidence"": 0.95, ""supported"": 0, ""rationale"": ""Premise mentions additional eligibility criteria (GPA, education record) beyond nationality and English proficiency, which the Hypothesis does not account for.""}, {""claim"": ""**Coverage**: Subsidizes **part of tuition fees**, but students are responsible for **registration fees (20,000 Baht/semester)** and **living expenses (11,500–15,000 Baht/month)**."", ""label"": ""entails"", ""confidence"": 1.0, ""supported"": 1, ""rationale"": ""The premise explicitly states that scholarships cover part of tuition fees, while students are responsible for registration fees (20,000 Baht/semester) and living expenses (11,500–15,000 Baht/month), matching the hypothesis exactly.""}, {""claim"": ""**Application**: No separate application is required for AIT Scholarships; they are automatically considered if you meet the criteria."", ""label"": ""contradicts"", ""confidence"": 0.95, ""supported"": 0, ""rationale"": ""Premise explicitly states that applicants must meet criteria and apply online (rank 2), contradicting the hypothesis that no application is required.""}, {""claim"": ""The **Selection Committee** (per school) proposes the grant amount, which is approved by the School Dean."", ""label"": ""entails"", ""confidence"": 1.0, ""supported"": 1, ""rationale"": ""Premise explicitly states that each school's Selection Committee proposes the scholarship grant value for approval by the School Dean, directly matching the hypothesis.""}]"
"Does AIT offer assistantships, fellowships, or on-campus work opportunities as financial support?","Yes, **AIT scholarships can cover full tuition or only partial tuition**, depending on the specific scholarship program and eligibility criteria. Here's a breakdown based on the available information:

---

### **1. AIT Scholarships (General)**
- **Coverage**: **Partial tuition**.
  - These scholarships subsidize **part of the tuition fees**, but students are responsible for:
    - **Registration fees** (20,000 Baht per semester).
    - **Living expenses** (around 11,500–15,000 Baht per month).
  - **Eligibility**: Open to **all nationalities** who meet AIT’s English proficiency requirements (e.g., IELTS 6.0 or AIT EET ≥ 6.0).
  - **Application**: No separate application is required; eligibility is automatically considered if you meet the criteria.

---

### **2. Royal Thai Government Scholarships**
- **Coverage**: **Full tuition**.
  - Covers **tuition, accommodation, and a living allowance** of approximately **1.10 million Baht** for the 22-month Master’s program.
  - **Eligibility**: 
    - Master’s students must have a **Bachelor’s GPA ≥ 3.5** (or equivalent).
    - PhD students may also qualify, though this is not explicitly mentioned in the context.
  - **Application**: Apply via AIT’s online portal.

---

### **3. ADB-JSP (Asian Development Bank-Japan Scholarship Program)**
- **Coverage**: **Full tuition** (and more).
  - Covers **tuition, accommodation, and subsistence allowances**.
  - Additional benefits include:
    - **Establishment allowance** for initial setup costs at AIT.
    - **Return travel reimbursement** upon successful completion of studies.
    - **Preparatory courses** (e.g., English proficiency or computer literacy) may also be funded.
  - **Eligibility**: Open to citizens of specific countries (e.g., Thailand, Vietnam, Bhutan, etc.).
  - **Special Conditions**: Scholars must commit to returning to their home country for **at least 2 years** post-study.

---

### **4. Other Scholarships**
- **Government or Organization Scholarships**: 
  - Some external scholarships (e.g., Chinese Government, Japanese Government, etc.) may cover **full tuition** for both Master’s and PhD students.
  - AIT can provide **supporting documents** for these applications.

---

### **Key Summary**
- **Full Tuition Coverage**: 
  - Royal Thai Government Scholarships.
  - ADB-JSP (for specific countries).
  - Some external government scholarships.
- **Partial Tuition Coverage**: 
  - AIT Scholarships (subsidize part of tuition; students pay registration fees and living expenses).

For the most accurate and up-to-date information, contact AIT’s Admissions Office at **[email protected]** or via phone at **02-524-5023** or **02-524-6119**.","Living Expenses

Most AIT scholarships do not include living expenses unless it is a fully funded external award (for example, Royal Thai Government Scholarships).

For general AIT academic scholarships, recipients are expected to cover their own living costs (food, transport, housing, etc.) on top of any tuition funding.

Accommodation

Some external scholarships may include support for accommodation on AIT’s residential campus (e.g., RTG Scholarships cover accommodation).

Bursary / Living Allowances

Certain fully funded programs also include a monthly stipend or bursary to help with living costs as part of the award","[""https://ait.ac.th/financial-aid::c0000"", ""https://ait.ac.th/study/open-master-of-engineering-science-in-interdisciplinary-studies-omis::c0004"", ""https://ait.ac.th/program/doctor-of-philosophy-ph-d-in-management::c0003"", ""https://ait.ac.th/financial/asian-development-bank-japan-scholarship-program-adb-jsp::c0010"", ""https://ait.ac.th/financial/ait-scholarships::c0001""]",not_enough_info,0.75,0,1,0.75,6,8,0,0.8,0,entails,0.95,entails,0.95,1,1,0,"[rank 1] Financial aid - Asian Institute of Technology Home > Financial aid Financial aid This page provides you the information about the different scholarships that are offered by AIT

---

[rank 2] You do not need to apply for a scholarship from AIT. Alternative, you may apply for a scholarship from your government or other organization. If you intend to do so, please contact us at the email provided below if you need supporting documents from AIT. What are the Advantages? The Open Master gives you the flexibility and academic freedom you need! Choose from all courses offered by AIT. Create your unique own curriculum. Blend engineering with business and sustainability with courses from all 3 schools. Combine your research interest and study with an internship or exchange. Stay out of the crowd with your unique curriculum and research

---

[rank 3] The faculty members are not only experts in their fields but are also deeply committed to supporting students' growth with constructive guidance. I've received immense support from my advisors, who have guided me through every phase of my dissertation, helping me refine my ideas and strengthen the impact of my work, and have become role models for my own future endeavors. ​ At AIT, I have gained a deep appreciation for the benefits of a multicultural environment. Interacting with diverse colleagues has broadened my perspectives on global issues and cross-cultural dynamics, supported by a strong student network. This experience has prepared me for a future in management. AIT offers various extracurricular programs and student support initiatives, such as guest speaker events and access to academic databases, which have been crucial for my research. The responsive staff promptly addresses any issues I encounter. ​ Choosing AIT for my PhD was one of the best decisions I've made

---

[rank 4] Preparatory/bridging courses, such as English proficiency or computer literacy courses, can be funded by ADB-JSP. These courses should be undertaken within AIT. Expenses for activities not directly related to the pursuit of the degree, such as attendance at a conference and similar activities, are not financed under the ADB-JSP. Subsistence allowances are normally given to the scholars at the beginning of each month. However, AIT may disburse allowances according to its practice. For expenses related to air travel, AIT should provide ADB with a copy of the scholars’ air tickets from their home countries to AIT. Return travel is paid upon successful completion of studies. An establishment allowance may be provided to new scholars to help with the initial costs of setting up their temporary home at AIT. This is paid only once at the start of the scholarship (a flat allowance)

---

[rank 5] AIT Scholarships are a form of financial aid that provides an opportunity for students from all over the world to study together at AIT. It helps subsidize part of the study cost by covering full, or a portion of, tuition for qualified students while the students are responsible for the rest of the tuition, the registration fees (20,000 Baht per semester to maintain student status) and the living expenses (around 11,500‐15,000 Baht per month). Each school has its Selection Committee. The Selection Committee will propose the value of AIT Scholarships grant for each applicant (if eligible) for approval by the School Dean. This AIT Scholarships grant can only be given once before the enrollment and cannot be changed over the entire study period. Eligibility All nationalities; Meeting AIT’s English Proficiency Requirement (i.e",claim_level_sr,"The premise explicitly states that some AIT scholarships (like Royal Thai Government Scholarships) cover full tuition while others (general AIT scholarships) provide partial tuition. The hypothesis accurately reflects this distinction and additional details about coverage, eligibility, and examples from the premise.","The premise explicitly states that general AIT scholarships require students to cover living expenses, while fully funded external awards (e.g., Royal Thai Government Scholarships) include living allowances. It also confirms that RTG Scholarships cover accommodation and that fully funded programs include monthly stipends for living costs, directly supporting all claims in the hypothesis.","[{""claim"": ""Yes, **AIT scholarships can cover full tuition or only partial tuition**, depending on the specific scholarship program and eligibility criteria."", ""label"": ""entails"", ""confidence"": 0.95, ""supported"": 1, ""rationale"": ""Rank 5 explicitly states AIT Scholarships can cover full or partial tuition depending on the specific program and eligibility criteria, directly supporting the hypothesis.""}, {""claim"": ""Here's a breakdown based on the available information:"", ""label"": ""not_enough_info"", ""confidence"": 1.0, ""supported"": 0, ""rationale"": ""The Hypothesis section is empty and lacks specific claims to evaluate against the provided Premise information.""}, {""claim"": ""### **1."", ""label"": ""not_enough_info"", ""confidence"": 1.0, ""supported"": 0, ""rationale"": ""The Hypothesis section is incomplete and lacks specific claims to evaluate against the Premise.""}, {""claim"": ""AIT Scholarships (General)**"", ""label"": ""entails"", ""confidence"": 0.95, ""supported"": 1, ""rationale"": ""Rank 5 explicitly defines AIT Scholarships as financial aid covering tuition costs, outlines eligibility criteria, and describes their structure, directly supporting the hypothesis.""}, {""claim"": ""**Coverage**: **Partial tuition**."", ""label"": ""entails"", ""confidence"": 0.95, ""supported"": 1, ""rationale"": ""Rank 5 explicitly states AIT Scholarships cover 'full, or a portion of, tuition' for qualified students, directly supporting the hypothesis claim of partial tuition coverage.""}, {""claim"": ""These scholarships subsidize **part of the tuition fees**, but students are responsible for:"", ""label"": ""entails"", ""confidence"": 0.95, ""supported"": 1, ""rationale"": ""Rank 5 explicitly states that AIT Scholarships subsidize part of tuition fees, while students are responsible for remaining tuition, registration fees (20,000 Baht/semester), and living expenses (11,500-15,000 Baht/month).""}, {""claim"": ""**Registration fees** (20,000 Baht per semester)."", ""label"": ""entails"", ""confidence"": 1.0, ""supported"": 1, ""rationale"": ""Premise explicitly states registration fees are 20,000 Baht per semester in rank 5.""}, {""claim"": ""**Living expenses** (around 11,500–15,000 Baht per month)."", ""label"": ""entails"", ""confidence"": 1.0, ""supported"": 1, ""rationale"": ""Rank 5 explicitly states that living expenses are around 11,500–15,000 Baht per month, directly matching the hypothesis.""}]"
How can I contact maintenance?,"**Scholarships at Asian Institute of Technology (AIT): Full or Partial Tuition Coverage**  

**1. Full Tuition Scholarships**  
- **Royal Thai Government Scholarships**:  
  - **Coverage**: Full tuition, accommodation, and a living allowance of approximately **1.10 million Baht** for the 22-month Master’s program.  
  - **Eligibility**: Master’s students must have a **Bachelor’s GPA ≥ 3.5** (or equivalent). PhD students may also qualify, though this is not explicitly mentioned.  
  - **Application**: Apply via AIT’s online portal.  

- **ADB-JSP (Asian Development Bank-Japan Scholarship Program)**:  
  - **Coverage**: Full tuition, accommodation, and subsistence allowances. Additional benefits include:  
    - Establishment allowance for initial setup costs at AIT.  
    - Return travel reimbursement upon successful completion of studies.  
    - Preparatory courses (e.g., English proficiency or computer literacy) may also be funded.  
  - **Eligibility**: Open to citizens of specific countries (e.g., Thailand, Vietnam, Bhutan, etc.).  
  - **Special Conditions**: Scholars must commit to returning to their home country for **at least 2 years** post-study.  

- **External Government Scholarships**:  
  - Some external scholarships (e.g., Chinese Government, Japanese Government) may cover **full tuition** for both Master’s and PhD students. AIT can provide supporting documents for these applications.  

**2. Partial Tuition Scholarships**  
- **AIT Scholarships**:  
  - **Coverage**: Subsidize **part of the tuition fees**. Students are responsible for:  
    - Registration fees (20,000 Baht per semester).  
    - Living expenses (around 11,500–15,000 Baht per month).  
  - **Eligibility**: Open to **all nationalities** meeting AIT’s English proficiency requirements (e.g., IELTS 6.0 or AIT EPT ≥ 6.0).  
  - **Application**: No separate application is required; eligibility is automatically considered if criteria are met.  

**Contact for Scholarships**  
For detailed information, application processes, or to request supporting documents, contact:  
- **Admissions and Scholarships Unit**  
  - **Phone**: (662) 524 5024, 31-33  
  - **Email**: [email protected]  
  - **Address**: Asian Institute of Technology, P.O. Box 4, Klong Luang, Pathumthani 12120, Thailand  

**Key Takeaways**  
- **Full Tuition**: Royal Thai Government Scholarships, ADB-JSP, and select external scholarships.  
- **Partial Tuition**: AIT Scholarships (subsidize part of tuition; students pay registration and living expenses).  
- **Eligibility**: Varies by scholarship, with some requiring specific academic performance or country of citizenship.  

For further assistance, reach out to AIT’s Admissions Office at [email protected] or via phone at (662) 524 6061.","1. Office Responsible for Campus Maintenance
OFAM – Office of Facilities and Assets Management (handles maintenance services on campus) (ofam.ait.ac.th)
Primary contact methods:
•	Maintenance / Repair & Facilities Services: +66 2 524 5800 (general repair and maintenance during working hours) (ofam.ait.ac.th)
•	Call Center (8:00 – 17:00): +66 2 524 5800 (ofam.ait.ac.th)
•	Emergency Repair (24-hour emergencies after office hours): +66 2 524 5804 (Asian Institute of Technology)
•	Housing / Residential maintenance: extensions 5987 / 6631 (staff/faculty housing) (Asian Institute of Technology)
•	One-stop repair/helpdesk email: callcenter@ait.asia (used for general requests; include details such as location and contact number) (ofam.ait.ac.th)
If calling from inside campus, you can often dial the extension only. (Asian Institute of Technology)
2. Other Useful Contact Numbers
•	Clinic / Ambulance (Not maintenance but safety-related): ext. 5286 (Asian Institute of Technology)
•	Security / Fire / Ambulance (24 hrs): +66 2 524 6000 (ofam.ait.ac.th)
•	General AIT switchboard (main reception): +66 2 524 5000 / +66 2 524 5031-33 (Asian Institute of Technology)
3. On-campus Procedure (Typical)
1.	Phone first: Call +66 2 524 5800 during office hours for routine maintenance requests. (ofam.ait.ac.th)
2.	Emergency: Call +66 2 524 5804 after office hours. (Asian Institute of Technology)
3.	Email: Send detailed maintenance request to callcenter@ait.asia (describe issue, location, urgency, your contact info). (ofam.ait.ac.th)
Tips When Reporting
•	Specify building name/room number or dorm name. (Scribd)
•	Include your contact number/email so maintenance can follow up. (Scribd)
•	For dorm repairs (student housing), you may also visit the Housing Maintenance Section in Dorm E basement during business hours. (Asian Institute of Technology)","[""https://ait.ac.th/program/semiconductor-engineering-sce::c0007"", ""https://ait.ac.th/health-wellness::c0001"", ""https://ait.ac.th/program/mechatronics-and-machine-intelligence-mmi::c0010"", ""https://ait.ac.th/program/industrial-and-manufacturing-engineering-ime::c0008"", ""https://ait.ac.th/financial/rtg-fellowships-ph-d-to-support-the-asian-innovation-hub::c0005""]",not_enough_info,0.0,0,1,0.0,0,8,0,0.8,0,not_enough_info,1.0,not_enough_info,1.0,0,0,0,"[rank 1] Chawanrat Euafua Administrative Officer Contact Us Phone: +66 (0)2 524 6601 Email: [email protected] Apply Now For more information +66 (0)2 524 6061 [email protected] Subscribe to our newsletter Subscribe to our newsletter Follow us on social media We use cookies on our website to give you the most relevant experience by remembering your preferences and repeat visits. By clicking “Accept All”, you consent to the use of ALL the cookies. However, you may visit ""Cookie Settings"" to provide a controlled consent. Cookie Settings Accept All Manage consent Close Privacy Overview This website uses cookies to improve your experience while you navigate through the website. Out of these, the cookies that are categorized as necessary are stored on your browser as they are essential for the working of basic functionalities of the website. We also use third-party cookies that help us analyze and understand how you use this website. These cookies will be stored in your browser only with your consent

---

[rank 2] Personal Counseling Dispute Mediation Harassment Issues Gender Related Matters Feeling of Academic Inadequacy Difficulties with English Language Any AIT community member who wishes to seek advice/counseling or lodge a complaint can request for an appointment by contacting: Email to: [email protected] / [email protected] Call to: 02-524-6744 Personal visit: Stop by to schedule an appointment with the Student Welfare or Human Resource Officers. Disability Support Accommodation suitable for disabled, wheelchair users and those needing extra space for special equipment are available (4 non-air-conditioned in Dorm C and 4 air-conditioned in Dorm X and Y) Contact Accommodation Office or send email to: [email protected] Health The AIT Medical Center offers health care visits with both male and female doctors and nurses. You can contact us and make a reservation by phone

---

[rank 3] Chaowaret Sudsaweang Administrative Secretary Contact Us Ms. Sowaluck Maneerat Department of Industrial Systems Engineering (ISE) School of Engineering and Technology (SET) Asian Institute of Technology Phone: +66 (01)2 524 5694 Email: [email protected] Apply Now Program brochure For more information +66 (0)2 524 6061 [email protected] Subscribe to our newsletter Subscribe to our newsletter Follow us on social media We use cookies on our website to give you the most relevant experience by remembering your preferences and repeat visits. By clicking “Accept All”, you consent to the use of ALL the cookies. However, you may visit ""Cookie Settings"" to provide a controlled consent. Cookie Settings Accept All Manage consent Close Privacy Overview This website uses cookies to improve your experience while you navigate through the website

---

[rank 4] Chawanrat Euafua Administrative Officer Contact Us Industrial and Manufacturing Engineering (IME) Department of Industrial Systems Engineering (ISE) School of Engineering and Technology (SET) Asian Institute of Technology Phone: +66(0)2 524 6601 Email: [email protected] Apply Now Program brochure For more information +66 (0)2 524 6601 [email protected] Find more information Subscribe to our newsletter Subscribe to our newsletter Follow us on social media We use cookies on our website to give you the most relevant experience by remembering your preferences and repeat visits. By clicking “Accept All”, you consent to the use of ALL the cookies. However, you may visit ""Cookie Settings"" to provide a controlled consent. Cookie Settings Accept All Manage consent Close Privacy Overview This website uses cookies to improve your experience while you navigate through the website

---

[rank 5] You may also contact the following address: Admissions and Scholarships Unit Asian Institute of Technology P.O. Box 4, KlongLuang Pathumthani 12120 THAILAND (662) 524 5024, 31-33 [email protected] Subscribe to our newsletter Subscribe to our newsletter Follow us on social media We use cookies on our website to give you the most relevant experience by remembering your preferences and repeat visits. By clicking “Accept All”, you consent to the use of ALL the cookies. However, you may visit ""Cookie Settings"" to provide a controlled consent. Cookie Settings Accept All Manage consent Close Privacy Overview This website uses cookies to improve your experience while you navigate through the website. Out of these, the cookies that are categorized as necessary are stored on your browser as they are essential for the working of basic functionalities of the website. We also use third-party cookies that help us analyze and understand how you use this website",claim_level_sr,"The premise provides detailed information about campus maintenance contacts and procedures, but contains no information about scholarships, tuition coverage, eligibility criteria, or application processes. There is no overlap between the premise's content and the hypothesis's claims about scholarships at AIT.","The premise exclusively discusses scholarships at AIT, including eligibility, coverage, and application processes. The hypothesis details campus maintenance contacts, procedures, and emergency numbers. There is no overlap or connection between the information provided in the premise and the claims in the hypothesis.","[{""claim"": ""*Scholarships at Asian Institute of Technology (AIT): Full or Partial Tuition Coverage**"", ""label"": ""not_enough_info"", ""confidence"": 0.95, ""supported"": 0, ""rationale"": ""The premise only mentions an Admissions and Scholarships Unit with contact details but provides no specific information about scholarship tuition coverage (full/partial).""}, {""claim"": ""Full Tuition Scholarships**"", ""label"": ""not_enough_info"", ""confidence"": 0.95, ""supported"": 0, ""rationale"": ""The premise mentions an Admissions and Scholarships Unit but does not specify the types of scholarships available. The hypothesis refers to 'Full Tuition Scholarships,' which is not explicitly confirmed or denied by the provided information.""}, {""claim"": ""**Royal Thai Government Scholarships**:"", ""label"": ""not_enough_info"", ""confidence"": 0.95, ""supported"": 0, ""rationale"": ""The premise contains contact details for AIT's Admissions and Scholarships Unit but does not explicitly mention Royal Thai Government Scholarships. No direct claim or contradiction about government funding is made.""}, {""claim"": ""**Coverage**: Full tuition, accommodation, and a living allowance of approximately **1.10 million Baht** for the 22-month Master’s program."", ""label"": ""not_enough_info"", ""confidence"": 1.0, ""supported"": 0, ""rationale"": ""The premise contains no information about tuition, accommodation costs, living allowances, or financial coverage details for the Master’s program.""}, {""claim"": ""**Eligibility**: Master’s students must have a **Bachelor’s GPA ≥ 3.5** (or equivalent)."", ""label"": ""not_enough_info"", ""confidence"": 1.0, ""supported"": 0, ""rationale"": ""The premise contains no information about GPA requirements for Master’s students. All provided text relates to contact details, services, and privacy policies, not eligibility criteria.""}, {""claim"": ""PhD students may also qualify, though this is not explicitly mentioned."", ""label"": ""not_enough_info"", ""confidence"": 0.95, ""supported"": 0, ""rationale"": ""The premise provides contact details and services available to AIT community members but does not explicitly mention PhD students or their eligibility. The hypothesis introduces new information not supported or contradicted by the premise.""}, {""claim"": ""**Application**: Apply via AIT’s online portal."", ""label"": ""not_enough_info"", ""confidence"": 0.95, ""supported"": 0, ""rationale"": ""Premise provides contact methods (email, phone) but no explicit mention of an online portal for applications.""}, {""claim"": ""**ADB-JSP (Asian Development Bank-Japan Scholarship Program)**:"", ""label"": ""not_enough_info"", ""confidence"": 0.95, ""supported"": 0, ""rationale"": ""The premise contains contact information for AIT admissions and scholarships but does not explicitly mention the ADB-JSP program or its details.""}]"
How can I contact security?,"To contact **maintenance** or general support at the **Asian Institute of Technology (AIT)**, you can use the following contact details provided in the context:

### **General Contact for Admissions & Scholarships**  
**Admissions and Scholarships Unit**  
- **Phone**: (662) 524 5024, 31-33  
- **Email**: [email protected]  
- **Address**: Asian Institute of Technology, P.O. Box 4, Klong Luang, Pathumthani 12120, Thailand  

### **Notes**  
1. **Maintenance/Technical Support**:  
   - The provided context does not explicitly list a dedicated ""maintenance"" contact. For facility, technical, or operational support, you may need to reach out to the **University Administration** or **Facilities Management** department.  
   - If unsure, the **Admissions and Scholarships Unit** can guide you to the appropriate department.  

2. **Other Contacts**:  
   - For program-specific inquiries (e.g., Semiconductor Engineering), contact **Chawanrat Euafua Administrative Officer** at:  
     - **Phone**: +66 (0)2 524 6601  
     - **Email**: [email protected]  

### **Recommendation**  
If you need assistance with **maintenance**, **technical issues**, or **facility support**, start by contacting the **Admissions and Scholarships Unit** at [email protected] or (662) 524 5024. They can direct you to the right team.  

For urgent matters, you may also call the **main university office** at **+66 (0)2 524 6061** for general inquiries.","You can contact AIT Security at any time for safety-related matters (security assistance, suspicious activity, emergencies on campus).
•	AIT Security / Emergency (24/7):
+66 2 524 6000
This number operates 24 hours a day, 7 days a week.
Q: What Is the 24/7 Emergency Number at AIT?
A: For any emergency on campus (security, fire, ambulance coordination):
•	AIT Emergency Number (24/7):
+66 2 524 6000
Q: Where Can I Contact to Change or Replace Gas at AIT?
A: For gas-related requests (gas cylinder change, gas issues in dorms or Student Village):
•	You must contact the AIT Call Center / Facilities Services.
AIT Call Center
•	Phone: +66 2 524 5800
•	Office Hours: Monday – Friday, 08:00–17:00
•	Email: callcenter@ait.asia
When contacting them, clearly mention:
•	Your accommodation type (CAT, Student Village, etc.)
•	Room or house number
•	That you are requesting a gas change/replacement","[""https://ait.ac.th/program/semiconductor-engineering-sce::c0007"", ""https://ait.ac.th/financial/gwsc-scholarships-to-study-masters-degree-in-asian-institute-of-technology::c0003"", ""https://ait.ac.th/financial/rtg-fellowships-ph-d-to-support-the-asian-innovation-hub::c0005"", ""https://ait.ac.th/financial/prof-emeritus-madan-mohan-das-memorial-scholarship::c0002"", ""https://ait.ac.th/financial/mitani-trading-thailand-co-ltd-masters-scholarship-with-job-offer::c0003""]",not_enough_info,0.75,0,1,0.75,6,8,0,0.8,0,not_enough_info,0.6,not_enough_info,0.95,0,0,0,"[rank 1] Chawanrat Euafua Administrative Officer Contact Us Phone: +66 (0)2 524 6601 Email: [email protected] Apply Now For more information +66 (0)2 524 6061 [email protected] Subscribe to our newsletter Subscribe to our newsletter Follow us on social media We use cookies on our website to give you the most relevant experience by remembering your preferences and repeat visits. By clicking “Accept All”, you consent to the use of ALL the cookies. However, you may visit ""Cookie Settings"" to provide a controlled consent. Cookie Settings Accept All Manage consent Close Privacy Overview This website uses cookies to improve your experience while you navigate through the website. Out of these, the cookies that are categorized as necessary are stored on your browser as they are essential for the working of basic functionalities of the website. We also use third-party cookies that help us analyze and understand how you use this website. These cookies will be stored in your browser only with your consent

---

[rank 2] You may also contact the following address: Admissions and Scholarships Unit Asian Institute of Technology P.O. Box 4, KlongLuang Pathumthani 12120 THAILAND (662) 524 5024, 31-33 [email protected] Subscribe to our newsletter Subscribe to our newsletter Follow us on social media We use cookies on our website to give you the most relevant experience by remembering your preferences and repeat visits. By clicking “Accept All”, you consent to the use of ALL the cookies. However, you may visit ""Cookie Settings"" to provide a controlled consent. Cookie Settings Accept All Manage consent Close Privacy Overview This website uses cookies to improve your experience while you navigate through the website. Out of these, the cookies that are categorized as necessary are stored on your browser as they are essential for the working of basic functionalities of the website. We also use third-party cookies that help us analyze and understand how you use this website

---

[rank 3] You may also contact the following address: Admissions and Scholarships Unit Asian Institute of Technology P.O. Box 4, KlongLuang Pathumthani 12120 THAILAND (662) 524 5024, 31-33 [email protected] Subscribe to our newsletter Subscribe to our newsletter Follow us on social media We use cookies on our website to give you the most relevant experience by remembering your preferences and repeat visits. By clicking “Accept All”, you consent to the use of ALL the cookies. However, you may visit ""Cookie Settings"" to provide a controlled consent. Cookie Settings Accept All Manage consent Close Privacy Overview This website uses cookies to improve your experience while you navigate through the website. Out of these, the cookies that are categorized as necessary are stored on your browser as they are essential for the working of basic functionalities of the website. We also use third-party cookies that help us analyze and understand how you use this website

---

[rank 4] You may also contact the following address: Admissions and Scholarships Unit Asian Institute of Technology P.O. Box 4, KlongLuang Pathumthani 12120 THAILAND (662) 524 5024, 31-33 [email protected] Subscribe to our newsletter Subscribe to our newsletter Follow us on social media We use cookies on our website to give you the most relevant experience by remembering your preferences and repeat visits. By clicking “Accept All”, you consent to the use of ALL the cookies. However, you may visit ""Cookie Settings"" to provide a controlled consent. Cookie Settings Accept All Manage consent Close Privacy Overview This website uses cookies to improve your experience while you navigate through the website. Out of these, the cookies that are categorized as necessary are stored on your browser as they are essential for the working of basic functionalities of the website. We also use third-party cookies that help us analyze and understand how you use this website

---

[rank 5] You may also contact the following address: Admissions and Scholarships Unit Asian Institute of Technology P.O. Box 4, KlongLuang Pathumthani 12120 THAILAND (662) 524 5024, 31-33 [email protected] Subscribe to our newsletter Subscribe to our newsletter Follow us on social media We use cookies on our website to give you the most relevant experience by remembering your preferences and repeat visits. By clicking “Accept All”, you consent to the use of ALL the cookies. However, you may visit ""Cookie Settings"" to provide a controlled consent. Cookie Settings Accept All Manage consent Close Privacy Overview This website uses cookies to improve your experience while you navigate through the website. Out of these, the cookies that are categorized as necessary are stored on your browser as they are essential for the working of basic functionalities of the website. We also use third-party cookies that help us analyze and understand how you use this website",claim_level_sr,"The premise provides contact for gas issues (Facilities Services) but does not mention admissions, scholarships, or the main university office number cited in the hypothesis. The hypothesis introduces new contact details not present in the premise.","The premise does not mention AIT Security or a 24/7 emergency number for safety matters. The provided contact details only include general inquiries and facilities support, not security-specific contacts.","[{""claim"": ""To contact **maintenance** or general support at the **Asian Institute of Technology (AIT)**, you can use the following contact details provided in the context:"", ""label"": ""not_enough_info"", ""confidence"": 0.95, ""supported"": 0, ""rationale"": ""The premise provides contact details for admissions and administrative roles, but no mention of maintenance or general support contacts. The hypothesis claims these details are for maintenance/support, which is not supported by the premise.""}, {""claim"": ""### **General Contact for Admissions & Scholarships**"", ""label"": ""entails"", ""confidence"": 0.95, ""supported"": 1, ""rationale"": ""The premise provides contact details for the Admissions and Scholarships Unit (ranks 2-5) which aligns with the hypothesis' focus on general contact for admissions/scholarships. The repeated contact information across ranks 2-5 confirms consistency, supporting the hypothesis.""}, {""claim"": ""*Admissions and Scholarships Unit**"", ""label"": ""entails"", ""confidence"": 0.95, ""supported"": 1, ""rationale"": ""The premise explicitly mentions \""Admissions and Scholarships Unit\"" multiple times in the contact information, confirming its existence.""}, {""claim"": ""**Phone**: (662) 524 5024, 31-33"", ""label"": ""entails"", ""confidence"": 0.95, ""supported"": 1, ""rationale"": ""The premise lists the phone number (662) 524 5024, 31-33 in multiple entries (ranks 2-5), directly supporting the hypothesis.""}, {""claim"": ""**Email**: [email protected]"", ""label"": ""entails"", ""confidence"": 0.95, ""supported"": 1, ""rationale"": ""The premise explicitly lists [email protected] in multiple locations (ranks 1-5), directly supporting the hypothesis.""}, {""claim"": ""**Address**: Asian Institute of Technology, P.O."", ""label"": ""entails"", ""confidence"": 0.95, ""supported"": 1, ""rationale"": ""The premise explicitly lists the address as 'Asian Institute of Technology, P.O. Box 4, KlongLuang Pathumthani 12120 THAILAND' which directly supports the hypothesis' claim of 'Asian Institute of Technology, P.O.'""}, {""claim"": ""Box 4, Klong Luang, Pathumthani 12120, Thailand"", ""label"": ""entails"", ""confidence"": 0.95, ""supported"": 1, ""rationale"": ""The premise explicitly lists the address components 'Box 4, Klong Luang, Pathumthani 12120, Thailand' in multiple entries (ranks 2-5), matching the hypothesis exactly.""}, {""claim"": ""### **Notes**"", ""label"": ""not_enough_info"", ""confidence"": 1.0, ""supported"": 0, ""rationale"": ""The hypothesis section is empty/missing, so no claims can be evaluated against the premise.""}]"
Where can I contact if I want to request room cleaning?,"To contact **security** or general support at the **Asian Institute of Technology (AIT)**, the provided context does not explicitly list a dedicated ""security"" contact. However, you can use the following general contact details to reach the appropriate department or seek guidance:

---

### **General Contact for Support (Including Security)**  
**Admissions and Scholarships Unit**  
- **Phone**: (662) 524 5024, 31-33  
- **Email**: [email protected]  
- **Address**: Asian Institute of Technology, P.O. Box 4, Klong Luang, Pathumthani 12120, Thailand  

**Main University Office**  
- **Phone**: +66 (0)2 524 6061  
- **Email**: [email protected]  

---

### **Notes**  
1. **Security/Technical Support**:  
   - The context does not specify a direct ""security"" contact. For facility, technical, or operational support (including security), contact the **Admissions and Scholarships Unit** first. They can direct you to the appropriate department (e.g., Facilities Management, Security, or University Administration).  

2. **Other Contacts**:  
   - For program-specific inquiries (e.g., Semiconductor Engineering), contact **Chawanrat Euafua Administrative Officer**:  
     - **Phone**: +66 (0)2 524 6601  
     - **Email**: [email protected]  

---

### **Recommendation**  
If you need assistance with **security**, **technical issues**, or **facility support**, start by contacting the **Admissions and Scholarships Unit** at [email protected] or (662) 524 5024. They can guide you to the right team. For urgent matters, call the **main university office** at +66 (0)2 524 6061.  

For non-urgent inquiries, you may also email [email protected] for general support.","1. Weekly Cleaning (Standard)
According to AIT’s housekeeping services, internal room cleaning is normally carried out once a week by the janitorial team as part of standard campus services. If you need extra cleaning or corrective cleaning, you can request it manually. (Facilities Management)
2. How to Request Additional Cleaning
You have three main options to request cleaning services for your room or dorm unit:
A. Email Accommodation/Service Desk
•	Send your request to the Call Center email:
callcenter@ait.asia
•	In your email, include:
o	Dorm/building name and room number
o	That you want housekeeping/room cleaning
o	Your contact number
o	Preferred date/time (if any)
(For special cleaning services beyond routine weekly cleaning, these requests are processed based on availability and may include a fee.) (Facilities Management)
B. Phone Contact
•	Call the AIT Call Center / Facilities Services:
02-524-5800 (Office hours 08:00–17:00)
•	Provide your room details and request for house cleaning. (Facilities Management)
C. Facility Infrastructure Management System (FIMS)
•	Visit www.fims.ait.asia
•	Log in and submit a work request under the janitorial category for room cleaning. (Facilities Management)

Cleaning Service Pricing (Optional / Extra Service)
If you want additional cleaning services beyond the standard weekly cleaning, there are optional housekeeping service rates (charges may apply): (Facilities Management)

Official Contacts for Cleaning Requests
AIT Call Center / Facilities Help Desk
•	Phone: 02-524-5800 (office hours) (Facilities Management)
•	Email: callcenter@ait.asia (Facilities Management)
Accommodation Office (if cleaning is related to moving/room readiness)
•	Phone: 02-524-5093 (Google Sites)
•	Email: accommodation@ait.ac.th (Google Sites)
Notes
•	Routine cleaning is scheduled weekly; extra cleaning requests may be charged and are subject to staff availability. (Facilities Management)
•	Specify clearly in your request that you want room cleaning and mention whether you want standard weekly cleaning or special/deep cleaning.","[""https://ait.ac.th/housing/student-village-single-without-ac::c0001"", ""https://ait.ac.th/health-wellness::c0001"", ""https://ait.ac.th/housing/student-village-married-with-ac::c0001"", ""https://ait.ac.th/program/semiconductor-engineering-sce::c0007"", ""https://ait.ac.th/financial/rtg-fellowships-ph-d-to-support-the-asian-innovation-hub::c0005""]",entails,0.875,1,0,0.875,7,8,1,0.8,0,not_enough_info,1.0,not_enough_info,1.0,0,0,0,"[rank 1] Living room: 1 dining table 4 chairs, 1 sofa Linens : None Cleaning : Done once a week and change the linens every week Room Costs Rent : 7,950 -THB (2,650 THB/room) Subscribe to our newsletter Subscribe to our newsletter Follow us on social media We use cookies on our website to give you the most relevant experience by remembering your preferences and repeat visits. By clicking “Accept All”, you consent to the use of ALL the cookies. However, you may visit ""Cookie Settings"" to provide a controlled consent. Cookie Settings Accept All Manage consent Close Privacy Overview This website uses cookies to improve your experience while you navigate through the website. Out of these, the cookies that are categorized as necessary are stored on your browser as they are essential for the working of basic functionalities of the website. We also use third-party cookies that help us analyze and understand how you use this website. These cookies will be stored in your browser only with your consent

---

[rank 2] Personal Counseling Dispute Mediation Harassment Issues Gender Related Matters Feeling of Academic Inadequacy Difficulties with English Language Any AIT community member who wishes to seek advice/counseling or lodge a complaint can request for an appointment by contacting: Email to: [email protected] / [email protected] Call to: 02-524-6744 Personal visit: Stop by to schedule an appointment with the Student Welfare or Human Resource Officers. Disability Support Accommodation suitable for disabled, wheelchair users and those needing extra space for special equipment are available (4 non-air-conditioned in Dorm C and 4 air-conditioned in Dorm X and Y) Contact Accommodation Office or send email to: [email protected] Health The AIT Medical Center offers health care visits with both male and female doctors and nurses. You can contact us and make a reservation by phone

---

[rank 3] Living room: 1 dining table, 4 chairs, 1 sofa Linens : None Cleaning : 3 times/year Room Costs Rent : 6,350 THB Subscribe to our newsletter Subscribe to our newsletter Follow us on social media We use cookies on our website to give you the most relevant experience by remembering your preferences and repeat visits. By clicking “Accept All”, you consent to the use of ALL the cookies. However, you may visit ""Cookie Settings"" to provide a controlled consent. Cookie Settings Accept All Manage consent Close Privacy Overview This website uses cookies to improve your experience while you navigate through the website. Out of these, the cookies that are categorized as necessary are stored on your browser as they are essential for the working of basic functionalities of the website. We also use third-party cookies that help us analyze and understand how you use this website. These cookies will be stored in your browser only with your consent. You also have the option to opt-out of these cookies

---

[rank 4] Chawanrat Euafua Administrative Officer Contact Us Phone: +66 (0)2 524 6601 Email: [email protected] Apply Now For more information +66 (0)2 524 6061 [email protected] Subscribe to our newsletter Subscribe to our newsletter Follow us on social media We use cookies on our website to give you the most relevant experience by remembering your preferences and repeat visits. By clicking “Accept All”, you consent to the use of ALL the cookies. However, you may visit ""Cookie Settings"" to provide a controlled consent. Cookie Settings Accept All Manage consent Close Privacy Overview This website uses cookies to improve your experience while you navigate through the website. Out of these, the cookies that are categorized as necessary are stored on your browser as they are essential for the working of basic functionalities of the website. We also use third-party cookies that help us analyze and understand how you use this website. These cookies will be stored in your browser only with your consent

---

[rank 5] You may also contact the following address: Admissions and Scholarships Unit Asian Institute of Technology P.O. Box 4, KlongLuang Pathumthani 12120 THAILAND (662) 524 5024, 31-33 [email protected] Subscribe to our newsletter Subscribe to our newsletter Follow us on social media We use cookies on our website to give you the most relevant experience by remembering your preferences and repeat visits. By clicking “Accept All”, you consent to the use of ALL the cookies. However, you may visit ""Cookie Settings"" to provide a controlled consent. Cookie Settings Accept All Manage consent Close Privacy Overview This website uses cookies to improve your experience while you navigate through the website. Out of these, the cookies that are categorized as necessary are stored on your browser as they are essential for the working of basic functionalities of the website. We also use third-party cookies that help us analyze and understand how you use this website",claim_level_sr,"The premise only provides information about cleaning service contacts (Facilities Management, Call Center) and does not mention security contacts or the Admissions and Scholarships Unit described in the hypothesis.","The premise provides contact information for security/general support but contains no mention of cleaning services, request procedures, or specific contacts related to Facilities Management or housekeeping operations.","[{""claim"": ""To contact **security** or general support at the **Asian Institute of Technology (AIT)**, the provided context does not explicitly list a dedicated \""security\"" contact."", ""label"": ""entails"", ""confidence"": 0.95, ""supported"": 1, ""rationale"": ""The premise contains no mention of a dedicated 'security' contact at AIT, directly supporting the hypothesis that such a contact is not explicitly listed.""}, {""claim"": ""However, you can use the following general contact details to reach the appropriate department or seek guidance:"", ""label"": ""entails"", ""confidence"": 0.95, ""supported"": 1, ""rationale"": ""The premise contains multiple contact details across different sections (emails, phone numbers, addresses) which support the hypothesis that general contact details exist for reaching departments or seeking guidance.""}, {""claim"": ""### **General Contact for Support (Including Security)**"", ""label"": ""not_enough_info"", ""confidence"": 0.95, ""supported"": 0, ""rationale"": ""Premise provides contact info for counseling, health, and administrative support but lacks specific details about security-related contact information required by the hypothesis.""}, {""claim"": ""*Admissions and Scholarships Unit**"", ""label"": ""entails"", ""confidence"": 1.0, ""supported"": 1, ""rationale"": ""The premise in rank 5 explicitly mentions the 'Admissions and Scholarships Unit' with contact details, directly supporting the hypothesis.""}, {""claim"": ""**Phone**: (662) 524 5024, 31-33"", ""label"": ""entails"", ""confidence"": 1.0, ""supported"": 1, ""rationale"": ""The hypothesis phone number (662) 524 5024, 31-33 is explicitly mentioned in the premise under [rank 5] for the Admissions and Scholarships Unit.""}, {""claim"": ""**Email**: [email protected]"", ""label"": ""entails"", ""confidence"": 1.0, ""supported"": 1, ""rationale"": ""The premise includes the email [email protected] in the contact information for rank 4.""}, {""claim"": ""**Address**: Asian Institute of Technology, P.O."", ""label"": ""entails"", ""confidence"": 0.95, ""supported"": 1, ""rationale"": ""The premise explicitly mentions the address \""Asian Institute of Technology, P.O. Box 4...\"" which directly supports the hypothesis' claim about the address.""}, {""claim"": ""Box 4, Klong Luang, Pathumthani 12120, Thailand"", ""label"": ""entails"", ""confidence"": 1.0, ""supported"": 1, ""rationale"": ""The hypothesis exactly matches the address provided in the premise under rank 5: 'P.O. Box 4, KlongLuang Pathumthani 12120 THAILAND'.""}]"
How to Queue for CAT-2 Accommodation at AIT?,"To request **room cleaning** or contact support related to maintenance at the **Asian Institute of Technology (AIT)**, follow these steps based on the available information:

---

### **General Contact for Maintenance/Room Cleaning**  
If there is no specific ""cleaning"" contact listed, you can reach out to the **Admissions and Scholarships Unit** or the **main university office** for assistance. They can direct you to the appropriate department (e.g., Facilities Management or Housekeeping).  

**Contact Details**:  
- **Admissions and Scholarships Unit**  
  - **Phone**: (662) 524 5024, 31-33  
  - **Email**: [email protected]  
  - **Address**: Asian Institute of Technology, P.O. Box 4, Klong Luang, Pathumthani 12120, Thailand  

- **Main University Office**  
  - **Phone**: +66 (0)2 524 6061  

---

### **Notes**  
1. **Room Cleaning Frequency**:  
   - For Cat 2 accommodation, cleaning is scheduled **3 times per year** (as per source [5]). If you need additional cleaning or have concerns, contact the above departments.  

2. **Other Support**:  
   - For housing-related inquiries (e.g., room facilities, maintenance), the **Admissions and Scholarships Unit** can provide guidance.  

---

### **Recommendation**  
If you need assistance with **room cleaning**, **maintenance**, or **facility support**, start by contacting the **Admissions and Scholarships Unit** at [email protected] or (662) 524 5024. They can connect you to the right team. For urgent matters, call the **main university office** at +66 (0)2 524 6061.  

For non-urgent inquiries, you may also email [email protected] for general support.","At the Asian Institute of Technology (AIT), CAT-2 accommodation is allocated via a waiting list. Students must register in person using the official Google Form provided by the Accommodation Office.
Step 1: Visit the AIT Accommodation Office
•	Go physically to the Accommodation Office on campus.
•	In front of the office, you will find a QR code poster for accommodation registration.
Step 2: Scan the QR Code and Register
•	Scan the QR code using your mobile phone.
•	This opens the official Google Form for the waiting list.
•	The form may appear as “closed” when accessed externally. It typically opens only when scanned from the QR code at the office.
Step 3: Select the Correct Form
For CAT-2 accommodation, you must use:
Student Waiting List Registration Form (CAT 1, 2, 3, 4)
https://docs.google.com/forms/d/1gNDZl_pZaFOo7BRvA-kIA8YbKA3__nJsR-nijZvwGG8/closedform
Other forms are for different housing types only:
•	Married Unit Waiting List
https://docs.google.com/forms/d/1uRe4rtXqHwF0O4tg4lMSVLGtkeTtn59cPTFDsw-QG0Y/closedform
•	Student Village (Single) Waiting List
https://docs.google.com/forms/d/1rrhGWW9Foy9FTCHZ6OENVE8iEKfxPNPSyDUJiAQG8Vo/closedform
Step 4: Complete the Form Carefully
•	Select CAT-2 as your accommodation type
•	Enter:
o	Student ID
o	Program and School
o	Contact number and email
o	Current accommodation status
Step 5: Wait for Allocation
•	After submission, your name is placed in the official CAT-2 waiting queue
•	Allocation depends on:
o	Queue order
o	Room availability
o	Student priority and eligibility
•	The Accommodation Office will contact you directly once a unit becomes available","[""https://ait.ac.th/health-wellness::c0002"", ""https://ait.ac.th/financial/royal-thai-government-scholarships::c0006"", ""https://ait.ac.th/financial/rtg-fellowships::c0005"", ""https://ait.ac.th/financial/asian-development-bank-japan-scholarship-program-adb-jsp::c0015"", ""https://ait.ac.th/housing/cat-2::c0000""]",not_enough_info,0.375,0,1,0.375,3,8,0,0.8,0,not_enough_info,1.0,not_enough_info,0.95,0,0,0,"[rank 1] You can contact us and make a reservation by phone. Scan QR to make an appointment or Click Here Working days : 7:00am – 11:00pm Holidays : 7:00am – 11:00pm Next to AIT Conference Center AITCC Medical Insurance Every faculty, students, and staffs members at AIT are provided with free, compulsory standard medical insurance plan. The standard plan, which entails an annual premium covers certain costs for hospitalization, outpatient treatment, dental as well as life plus personal accident. Fitness center We are proud to offer a facility that caters to the on-campus lifestyle. We are happy to introduce you to our new facility. We also offer a variety of ways to get fit and have fun including; group fitness classes. Working days: 8:00am – 9:00pm Holidays : 8:00am – 9:00pm Above AIT Cafeteria, Second Floor Student union Student Union of AIT is the representative body for all the students at AIT

---

[rank 2] Kanchana at 02-524-6119, or E-mail: [email protected] Further Inquiries For further inquiries on AIT Admissions Requirements and Procedures, applicants can visit the  AIT Admissions website. You may also contact the following address: Admissions and Scholarships Unit Asian Institute of Technology P.O. Box 4, KlongLuang Pathumthani 12120 THAILAND (662) 524 5024, 31-33 [email protected] ﻿ ﻿ Apply Now For more information Click this link Subscribe to our newsletter Subscribe to our newsletter Follow us on social media We use cookies on our website to give you the most relevant experience by remembering your preferences and repeat visits. By clicking “Accept All”, you consent to the use of ALL the cookies. However, you may visit ""Cookie Settings"" to provide a controlled consent. Cookie Settings Accept All Manage consent Close Privacy Overview This website uses cookies to improve your experience while you navigate through the website

---

[rank 3] See http://languages.ait.ac.th/bp/ for further information on the Bridging Program. Contact: Ms. Wilailak at 02-524-5023 or Ms. Kanchana at 02-524-6119 or Email: [email protected] . Further Inquiries For further inquiries on AIT Admissions Requirements and Procedures, applicants can visit the  AIT Admissions website. You may also contact the following address: Admissions and Scholarships Unit Asian Institute of Technology P.O. Box 4, KlongLuang Pathumthani 12120 THAILAND (662) 524 5024, 31-33 [email protected] Subscribe to our newsletter Subscribe to our newsletter Follow us on social media We use cookies on our website to give you the most relevant experience by remembering your preferences and repeat visits. By clicking “Accept All”, you consent to the use of ALL the cookies. However, you may visit ""Cookie Settings"" to provide a controlled consent

---

[rank 4] Deadline for August 2026 intake: 31 March 2026 Further Inquiries For further inquiries on AIT Admissions Requirements and Procedures, applicants can visit the  AIT Admissions website. You may also contact the following address: Admissions and Scholarships Unit Asian Institute of Technology P.O. Box 4, KlongLuang Pathumthani 12120 THAILAND (662) 524 5024, 31-33 [email protected] ADB JSP Brochure Download Subscribe to our newsletter Subscribe to our newsletter Follow us on social media We use cookies on our website to give you the most relevant experience by remembering your preferences and repeat visits. By clicking “Accept All”, you consent to the use of ALL the cookies. However, you may visit ""Cookie Settings"" to provide a controlled consent. Cookie Settings Accept All Manage consent Close Privacy Overview This website uses cookies to improve your experience while you navigate through the website

---

[rank 5] Cat 2 - Asian Institute of Technology Home > Housing > Cat 2 Cat 2 About the accommodation Cat 2 is a single room with a private bathroom and balcony consisting of air-con. Room information Dorms : E, J, and K Size  : 18 sq. m Air-con : Yes Water heater : Yes Kitchen : Yes Balcony : Private Bathroom : Private Furniture : Bed, study table, chair, sofa, side table with shelves, shelves on wall, cupboard, dustbin, mattress, pillow, clothes stand Linens : None Cleaning : 3 times/year Room Costs Rent  : 3,050 -THB Subscribe to our newsletter Subscribe to our newsletter Follow us on social media We use cookies on our website to give you the most relevant experience by remembering your preferences and repeat visits. By clicking “Accept All”, you consent to the use of ALL the cookies. However, you may visit ""Cookie Settings"" to provide a controlled consent",claim_level_sr,"The premise only describes the CAT-2 accommodation registration process and contains no information about maintenance, cleaning procedures, or contact details for support services.","The premise provides contact procedures for maintenance/cleaning but contains no information about CAT-2 accommodation allocation processes, waiting lists, or Google Form registration steps mentioned in the hypothesis.","[{""claim"": ""To request **room cleaning** or contact support related to maintenance at the **Asian Institute of Technology (AIT)**, follow these steps based on the available information:"", ""label"": ""not_enough_info"", ""confidence"": 0.95, ""supported"": 0, ""rationale"": ""Premise mentions cleaning occurs 3 times/year but does not provide contact details or procedures for requesting room cleaning or maintenance support.""}, {""claim"": ""### **General Contact for Maintenance/Room Cleaning**"", ""label"": ""not_enough_info"", ""confidence"": 0.95, ""supported"": 0, ""rationale"": ""The premise mentions cleaning frequency (3 times/year) for Cat 2 accommodation but does not provide specific contact details for maintenance or room cleaning services. No other sections contain relevant contact information for these purposes.""}, {""claim"": ""If there is no specific \""cleaning\"" contact listed, you can reach out to the **Admissions and Scholarships Unit** or the **main university office** for assistance."", ""label"": ""not_enough_info"", ""confidence"": 0.95, ""supported"": 0, ""rationale"": ""The premise lists the Admissions and Scholarships Unit as a contact for admissions inquiries but does not explicitly state that this unit or the main university office should be contacted for cleaning issues when no specific contact is provided. The cleaning information in rank 5 only describes service frequency, not contact details or escalation procedures.""}, {""claim"": ""They can direct you to the appropriate department (e.g., Facilities Management or Housekeeping)."", ""label"": ""not_enough_info"", ""confidence"": 0.95, ""supported"": 0, ""rationale"": ""The premise provides contact information and general institutional details but does not mention any specific departments like Facilities Management or Housekeeping, making it impossible to confirm if they can direct to such departments.""}, {""claim"": ""*Contact Details**:"", ""label"": ""entails"", ""confidence"": 0.95, ""supported"": 1, ""rationale"": ""Premise provides multiple contact details including phone numbers (e.g., 02-524-6119), email addresses, and postal addresses for admissions inquiries, directly supporting the hypothesis about contact information.""}, {""claim"": ""**Admissions and Scholarships Unit**"", ""label"": ""entails"", ""confidence"": 1.0, ""supported"": 1, ""rationale"": ""The premise explicitly mentions the existence of the Admissions and Scholarships Unit with contact details in multiple sections (rank 2, 3, 4), directly supporting the hypothesis.""}, {""claim"": ""**Phone**: (662) 524 5024, 31-33"", ""label"": ""entails"", ""confidence"": 1.0, ""supported"": 1, ""rationale"": ""The premise explicitly lists the phone number (662) 524 5024, 31-33 in multiple sections (rank 2, 3, 4) as contact information, directly supporting the hypothesis.""}, {""claim"": ""**Email**: [email protected]"", ""label"": ""not_enough_info"", ""confidence"": 1.0, ""supported"": 0, ""rationale"": ""The premise contains multiple email addresses (e.g., [email protected], [email protected]) but does not include [email protected] as stated in the hypothesis.""}]"
What is the Accommodation contact of AIT?,"ꜥ
</think>

To **queue for CAT-2 accommodation at AIT**, you can follow these steps based on the information provided in the context:

---

### ✅ **How to Queue for CAT-2 Accommodation at AIT**

#### 1. **Contact the Admissions and Scholarships Unit**
The **Admissions and Scholarships Unit** is the primary point of contact for accommodation-related inquiries, including CAT-2 accommodation. You can reach them via:

- **Phone**: (662) 524 5024, 31-33  
- **Email**: [email protected]  
- **Address**: Asian Institute of Technology, P.O. Box 4, Klong Luang, Pathumthani 12120, Thailand  

#### 2. **Request for Accommodation**
When contacting the unit, clearly state your intention to apply for **CAT-2 accommodation**. They will guide you through the process, including:

- **Eligibility criteria** for CAT-2 (e.g., international students, specific programs, etc.)  
- **Application deadlines** (e.g., for the January 2026 intake, the deadline is 15 November 2025)  
- **Required documents** (e.g., application form, proof of enrollment, etc.)  

#### 3. **Follow Up with the Accommodation Office**
Once your application is approved, you may need to contact the **Accommodation Office** directly for further details about room assignments, availability, and any additional requirements. You can also reach them via:

- **Email**: [email protected]  
- **Phone**: 02-524-6119 (Ms. Kanchana)  

#### 4. **Check for Room Cleaning and Maintenance**
If you have concerns about **room cleaning** or **maintenance**, you can also contact the **Accommodation Office** or the **Admissions and Scholarships Unit** for assistance. For CAT-2 accommodation, cleaning is typically scheduled **3 times per year** (as per source [5]).

---

### 📌 **Additional Notes**
- **CAT-2 Accommodation** is generally available for students who require more space or specific facilities (e.g., for those with disabilities, wheelchair users, or those needing extra space for equipment).  
- If you are an international student, you may need to apply for accommodation **before** submitting your application for admission.  
- For more information on the **Bridging Program** (if applicable), visit: [http://languages.ait.ac.th/bp/](http://languages.ait.ac.th/bp/)

---

### 📞 **Contact Summary**
| Contact Type | Details |
|--------------|---------|
| **Admissions and Scholarships Unit** | Phone: (662) 524 5024, 31-33 | Email: [email protected] |
| **Accommodation Office** | Email: [email protected] | Phone: 02-524-6119 (Ms. Kanchana) |
| **Main University Office** | Phone: +66 (0)2 524 6061 |

---

### 📚 **Further Reading**
- [AIT Admissions Website](https://admission.ait.ac.th/aoas/Applicant/FirstPage.aspx)  
- [AIT Health & Wellness Page](https://ait.ac.th/health-wellness/)  
- [AIT Financial & Scholarships Page](https://ait.ac.th/financial/)  

Let me know if you need help with the application process or any other details!","AIT Accommodation Office
Asian Institute of Technology (AIT)
•	Location: AIT Campus, Accommodation Office
•	Phone: +66 2 524 5093
•	Email: accommodation@ait.ac.th (or contact via AIT Call Center)
•	Office Hours:
Monday – Friday, 08:00 – 17:00
You can also visit the office directly for faster clarification.","[""https://ait.ac.th/health-wellness::c0001"", ""https://ait.ac.th/health-wellness::c0002"", ""https://ait.ac.th/financial/royal-thai-government-scholarships::c0006"", ""https://ait.ac.th/financial/rtg-fellowships::c0005"", ""https://ait.ac.th/financial/ais-scholarship::c0004""]",not_enough_info,0.375,0,1,0.375,3,8,0,0.8,0,not_enough_info,0.95,contradicts,0.95,0,0,1,"[rank 1] Personal Counseling Dispute Mediation Harassment Issues Gender Related Matters Feeling of Academic Inadequacy Difficulties with English Language Any AIT community member who wishes to seek advice/counseling or lodge a complaint can request for an appointment by contacting: Email to: [email protected] / [email protected] Call to: 02-524-6744 Personal visit: Stop by to schedule an appointment with the Student Welfare or Human Resource Officers. Disability Support Accommodation suitable for disabled, wheelchair users and those needing extra space for special equipment are available (4 non-air-conditioned in Dorm C and 4 air-conditioned in Dorm X and Y) Contact Accommodation Office or send email to: [email protected] Health The AIT Medical Center offers health care visits with both male and female doctors and nurses. You can contact us and make a reservation by phone

---

[rank 2] You can contact us and make a reservation by phone. Scan QR to make an appointment or Click Here Working days : 7:00am – 11:00pm Holidays : 7:00am – 11:00pm Next to AIT Conference Center AITCC Medical Insurance Every faculty, students, and staffs members at AIT are provided with free, compulsory standard medical insurance plan. The standard plan, which entails an annual premium covers certain costs for hospitalization, outpatient treatment, dental as well as life plus personal accident. Fitness center We are proud to offer a facility that caters to the on-campus lifestyle. We are happy to introduce you to our new facility. We also offer a variety of ways to get fit and have fun including; group fitness classes. Working days: 8:00am – 9:00pm Holidays : 8:00am – 9:00pm Above AIT Cafeteria, Second Floor Student union Student Union of AIT is the representative body for all the students at AIT

---

[rank 3] Kanchana at 02-524-6119, or E-mail: [email protected] Further Inquiries For further inquiries on AIT Admissions Requirements and Procedures, applicants can visit the  AIT Admissions website. You may also contact the following address: Admissions and Scholarships Unit Asian Institute of Technology P.O. Box 4, KlongLuang Pathumthani 12120 THAILAND (662) 524 5024, 31-33 [email protected] ﻿ ﻿ Apply Now For more information Click this link Subscribe to our newsletter Subscribe to our newsletter Follow us on social media We use cookies on our website to give you the most relevant experience by remembering your preferences and repeat visits. By clicking “Accept All”, you consent to the use of ALL the cookies. However, you may visit ""Cookie Settings"" to provide a controlled consent. Cookie Settings Accept All Manage consent Close Privacy Overview This website uses cookies to improve your experience while you navigate through the website

---

[rank 4] See http://languages.ait.ac.th/bp/ for further information on the Bridging Program. Contact: Ms. Wilailak at 02-524-5023 or Ms. Kanchana at 02-524-6119 or Email: [email protected] . Further Inquiries For further inquiries on AIT Admissions Requirements and Procedures, applicants can visit the  AIT Admissions website. You may also contact the following address: Admissions and Scholarships Unit Asian Institute of Technology P.O. Box 4, KlongLuang Pathumthani 12120 THAILAND (662) 524 5024, 31-33 [email protected] Subscribe to our newsletter Subscribe to our newsletter Follow us on social media We use cookies on our website to give you the most relevant experience by remembering your preferences and repeat visits. By clicking “Accept All”, you consent to the use of ALL the cookies. However, you may visit ""Cookie Settings"" to provide a controlled consent

---

[rank 5] Application Deadline for January 2026 Intake:  15 November 2025 Apply here https://admission.ait.ac.th/aoas/Applicant/FirstPage.aspx Further Inquiries For further inquiries on AIT Admissions Requirements and Procedures, applicants can visit the  AIT Admissions website. They may also contact the following address: Admissions and Scholarships Unit Asian Institute of Technology P.O. Box 4, KlongLuang Pathumthani 12120 THAILAND (662) 524 5024, 31-33 [email protected] Subscribe to our newsletter Subscribe to our newsletter Follow us on social media We use cookies on our website to give you the most relevant experience by remembering your preferences and repeat visits. By clicking “Accept All”, you consent to the use of ALL the cookies. However, you may visit ""Cookie Settings"" to provide a controlled consent. Cookie Settings Accept All Manage consent Close Privacy Overview This website uses cookies to improve your experience while you navigate through the website",claim_level_sr,"The premise only provides contact details for the AIT Accommodation Office but does not mention anything about CAT-2 accommodation queues, application processes, eligibility criteria, or specific steps required for CAT-2 accommodation.","The premise states the Accommodation Office email as [email protected] and phone as 02-524-6119, while the hypothesis claims email is accommodation@ait.ac.th and phone is +66 2 524 5093. These details directly contradict the premise.","[{""claim"": ""</think>"", ""label"": ""not_enough_info"", ""confidence"": 1.0, ""supported"": 0, ""rationale"": ""The hypothesis is missing from the input, making it impossible to evaluate entailment.""}, {""claim"": ""To **queue for CAT-2 accommodation at AIT**, you can follow these steps based on the information provided in the context:"", ""label"": ""not_enough_info"", ""confidence"": 0.95, ""supported"": 0, ""rationale"": ""The premise mentions disability support accommodation details but does not reference CAT-2 accommodation or any queueing process for it.""}, {""claim"": ""### ✅ **How to Queue for CAT-2 Accommodation at AIT**"", ""label"": ""not_enough_info"", ""confidence"": 1.0, ""supported"": 0, ""rationale"": ""The premise provides no information about CAT-2 accommodation queuing processes at AIT.""}, {""claim"": ""#### 1."", ""label"": ""not_enough_info"", ""confidence"": 0.5, ""supported"": 0, ""rationale"": ""The hypothesis is missing and cannot be evaluated against the premise.""}, {""claim"": ""**Contact the Admissions and Scholarships Unit**"", ""label"": ""entails"", ""confidence"": 0.95, ""supported"": 1, ""rationale"": ""Premise provides specific contact details for the Admissions and Scholarships Unit, directly supporting the hypothesis.""}, {""claim"": ""The **Admissions and Scholarships Unit** is the primary point of contact for accommodation-related inquiries, including CAT-2 accommodation."", ""label"": ""not_enough_info"", ""confidence"": 0.95, ""supported"": 0, ""rationale"": ""The premise mentions the Admissions and Scholarships Unit as contact for admissions inquiries, but no information links it to accommodation-related matters or CAT-2 accommodation.""}, {""claim"": ""You can reach them via:"", ""label"": ""entails"", ""confidence"": 0.95, ""supported"": 1, ""rationale"": ""Premise lists multiple contact methods including email, phone, and in-person options, directly supporting the hypothesis that 'you can reach them via' these methods.""}, {""claim"": ""**Phone**: (662) 524 5024, 31-33"", ""label"": ""entails"", ""confidence"": 0.95, ""supported"": 1, ""rationale"": ""The premise explicitly lists the phone number (662) 524 5024, 31-33 in multiple sections (rank 3, 4, 5) under admissions contact information.""}]"
What is the rental range for a room in AIT?,"To **contact AIT's accommodation services**, including CAT-2 accommodation, room cleaning, and maintenance, you can reach out to the following contacts:

---

### 📞 **Primary Contacts for Accommodation**
1. **Accommodation Office**  
   - **Email**: [email protected]  
   - **Phone**: 02-524-6119 (Ms. Kanchana)  
   - **Responsibilities**:  
     - Room assignments, availability, and facility details.  
     - Disability support accommodation (4 non-air-conditioned in Dorm C and 4 air-conditioned in Dorm X/Y).  
     - Room cleaning schedules (typically **3 times per year**).  

2. **Admissions and Scholarships Unit**  
   - **Phone**: (662) 524 5024, 31-33  
   - **Email**: [email protected]  
   - **Responsibilities**:  
     - General accommodation inquiries, including CAT-2 application processes.  
     - Guidance on eligibility, deadlines, and required documents.  

---

### 📅 **Key Deadlines**
- **CAT-2 Accommodation Application Deadline**:  
  - For the **January 2026 intake**: 15 November 2025.  
  - For the **August 2026 intake**: 31 March 2026.  

---

### 📌 **Additional Notes**
- **Disability Support**: Contact the Accommodation Office for specialized housing.  
- **Room Cleaning**: Scheduled 3 times annually; contact the Accommodation Office for details.  
- **International Students**: Apply for accommodation **before** submitting your admission application.  

---

### 📞 **Fallback Contact**
- **Main University Office**:  
  - **Phone**: +66 (0)2 524 6061  

---

For more details, visit:  
- [AIT Admissions Website](https://admission.ait.ac.th/aoas/Applicant/FirstPage.aspx)  
- [AIT Accommodation Page](https://ait.ac.th/health-wellness/)  

Let me know if you need help with the application process!","Here is the current rental range for student accommodation at the Asian Institute of Technology (AIT) based on official AIT housing categories and typical off-campus options:

On-Campus Accommodation (Dormitories/Rental Rates)
AIT categorizes student housing into multiple “CAT” types, each with a monthly rent:
Dormitory Rates (Monthly Rent in Thai Baht)
(from official AIT housing listings) (Asian Institute of Technology)
•	CAT-1 (Standard / Shared bath / non-AC)
~ 2,150 THB/month (Asian Institute of Technology)
•	CAT-1 with AC (shared bathroom, AC)
~ 2,650 THB/month (Asian Institute of Technology)
•	CAT-2 (Air-conditioned, private bathroom, balcony)
~ 3,050 THB/month (Asian Institute of Technology)
•	CAT-4 (Air-conditioned, kitchen shared, larger room)
~ 3,450 THB/month (Asian Institute of Technology)
•	CAT-5 (Air-conditioned, kitchen, larger unit)
~ 6,350 THB/month (Asian Institute of Technology)
•	Student Village single units
~ 2,650 THB/month (Asian Institute of Technology)
•	Student Village married units
~ 5,350 THB/month (Asian Institute of Technology)
Notes
•	These rents do not include utilities (electricity, water) and internet charges, which are billed separately through the student information system. (Facilities Management)
•	First invoice typically includes one-month rent plus one-month advance deposit. (Facilities Management)
•	Linen and housekeeping may be additional services depending on the category. (Facilities Management)

Typical Off-Campus Rental Range Near AIT
If you decide to live off campus (private apartment or shared room):
•	Affordable private apartments/dorms near AIT: approximately
3,500 to 8,000 THB per month for small studios or private rooms near the campus. (RentHub)
•	More comfortable or larger units (2-bedroom etc.) can be significantly higher (above 8,000 THB/month depending on location and size). (RentHub)

General Living Cost Estimate (Including Rent)
According to AIT cost guidance, living expenses (including accommodation and miscellaneous costs) are usually estimated around 11,500 to 15,000 THB/month for students, which includes rent, utilities, food, transport, and other daily costs. (Asian Institute of Technology)
","[""https://ait.ac.th/health-wellness::c0002"", ""https://ait.ac.th/tuition-and-fees::c0003"", ""https://ait.ac.th/health-wellness::c0001"", ""https://ait.ac.th/financial/royal-thai-government-scholarships::c0006"", ""https://ait.ac.th/financial/asian-development-bank-japan-scholarship-program-adb-jsp::c0015""]",not_enough_info,0.5,0,1,0.5,4,8,0,0.8,0,not_enough_info,1.0,not_enough_info,1.0,0,0,0,"[rank 1] You can contact us and make a reservation by phone. Scan QR to make an appointment or Click Here Working days : 7:00am – 11:00pm Holidays : 7:00am – 11:00pm Next to AIT Conference Center AITCC Medical Insurance Every faculty, students, and staffs members at AIT are provided with free, compulsory standard medical insurance plan. The standard plan, which entails an annual premium covers certain costs for hospitalization, outpatient treatment, dental as well as life plus personal accident. Fitness center We are proud to offer a facility that caters to the on-campus lifestyle. We are happy to introduce you to our new facility. We also offer a variety of ways to get fit and have fun including; group fitness classes. Working days: 8:00am – 9:00pm Holidays : 8:00am – 9:00pm Above AIT Cafeteria, Second Floor Student union Student Union of AIT is the representative body for all the students at AIT

---

[rank 2] These costs are for one person only, so students with children and dependents should keep this in mind when working out a budget. Expenses Approximate Price Accommodation (Dormitory, Usually Including Bills) ฿2,500 – 7,000 per month Private Accommodation (bills not included) ฿8,000 – 20,000 per month Mobile phone ฿200 per month minimum suggested amount Books / Stationery ฿2,000 minimum suggested amount Travel / Transport ฿2,000 per month minimum suggested amount to the city or near by campus Payment Advice AIT tuition and registration fees are charged in Thai Baht, so all students are encouraged to pay in Thai Baht

---

[rank 3] Personal Counseling Dispute Mediation Harassment Issues Gender Related Matters Feeling of Academic Inadequacy Difficulties with English Language Any AIT community member who wishes to seek advice/counseling or lodge a complaint can request for an appointment by contacting: Email to: [email protected] / [email protected] Call to: 02-524-6744 Personal visit: Stop by to schedule an appointment with the Student Welfare or Human Resource Officers. Disability Support Accommodation suitable for disabled, wheelchair users and those needing extra space for special equipment are available (4 non-air-conditioned in Dorm C and 4 air-conditioned in Dorm X and Y) Contact Accommodation Office or send email to: [email protected] Health The AIT Medical Center offers health care visits with both male and female doctors and nurses. You can contact us and make a reservation by phone

---

[rank 4] Kanchana at 02-524-6119, or E-mail: [email protected] Further Inquiries For further inquiries on AIT Admissions Requirements and Procedures, applicants can visit the  AIT Admissions website. You may also contact the following address: Admissions and Scholarships Unit Asian Institute of Technology P.O. Box 4, KlongLuang Pathumthani 12120 THAILAND (662) 524 5024, 31-33 [email protected] ﻿ ﻿ Apply Now For more information Click this link Subscribe to our newsletter Subscribe to our newsletter Follow us on social media We use cookies on our website to give you the most relevant experience by remembering your preferences and repeat visits. By clicking “Accept All”, you consent to the use of ALL the cookies. However, you may visit ""Cookie Settings"" to provide a controlled consent. Cookie Settings Accept All Manage consent Close Privacy Overview This website uses cookies to improve your experience while you navigate through the website

---

[rank 5] Deadline for August 2026 intake: 31 March 2026 Further Inquiries For further inquiries on AIT Admissions Requirements and Procedures, applicants can visit the  AIT Admissions website. You may also contact the following address: Admissions and Scholarships Unit Asian Institute of Technology P.O. Box 4, KlongLuang Pathumthani 12120 THAILAND (662) 524 5024, 31-33 [email protected] ADB JSP Brochure Download Subscribe to our newsletter Subscribe to our newsletter Follow us on social media We use cookies on our website to give you the most relevant experience by remembering your preferences and repeat visits. By clicking “Accept All”, you consent to the use of ALL the cookies. However, you may visit ""Cookie Settings"" to provide a controlled consent. Cookie Settings Accept All Manage consent Close Privacy Overview This website uses cookies to improve your experience while you navigate through the website",claim_level_sr,"The premise provides rental rate information but contains no details about contact methods, application deadlines, room cleaning schedules, or responsibilities of accommodation offices mentioned in the hypothesis.","The premise provides contact information and administrative details about AIT accommodation services but contains no information about rental rates, housing categories, or cost estimates. The hypothesis presents specific pricing data that is not mentioned or implied in the premise.","[{""claim"": ""To **contact AIT's accommodation services**, including CAT-2 accommodation, room cleaning, and maintenance, you can reach out to the following contacts:"", ""label"": ""not_enough_info"", ""confidence"": 0.95, ""supported"": 0, ""rationale"": ""Premise does not mention contact details for CAT-2 accommodation, room cleaning, or maintenance services. Contacts provided relate to reservations, admissions, health, and counseling, but not accommodation-specific services.""}, {""claim"": ""### 📞 **Primary Contacts for Accommodation**"", ""label"": ""entails"", ""confidence"": 0.95, ""supported"": 1, ""rationale"": ""The premise explicitly states that accommodation-related inquiries can be directed to the Accommodation Office via email ([email protected]), which directly supports the hypothesis' claim about primary contacts for accommodation.""}, {""claim"": ""**Accommodation Office**"", ""label"": ""entails"", ""confidence"": 0.95, ""supported"": 1, ""rationale"": ""The premise mentions contacting the Accommodation Office for disability support, confirming its existence.""}, {""claim"": ""**Email**: [email protected]"", ""label"": ""not_enough_info"", ""confidence"": 0.95, ""supported"": 0, ""rationale"": ""The premise contains multiple email addresses (e.g., [email protected], [email protected]) but does not explicitly mention [email protected]. No information supports or contradicts its existence.""}, {""claim"": ""**Phone**: 02-524-6119 (Ms."", ""label"": ""entails"", ""confidence"": 0.95, ""supported"": 1, ""rationale"": ""The premise explicitly lists the phone number 02-524-6119 associated with Kanchana, which aligns with the hypothesis's phone number. While the title 'Ms.' is not explicitly stated, the context implies Kanchana is the contact person for the number, supporting the hypothesis.""}, {""claim"": ""Kanchana)"", ""label"": ""entails"", ""confidence"": 0.95, ""supported"": 1, ""rationale"": ""The premise mentions Kanchana as a contact person with a phone number and email, directly supporting the hypothesis.""}, {""claim"": ""**Responsibilities**:"", ""label"": ""not_enough_info"", ""confidence"": 0.95, ""supported"": 0, ""rationale"": ""The premise provides details about services, contact information, and policies but does not mention any responsibilities of students, staff, or faculty.""}, {""claim"": ""Room assignments, availability, and facility details."", ""label"": ""not_enough_info"", ""confidence"": 0.95, ""supported"": 0, ""rationale"": ""The premise mentions facilities like the fitness center and medical center but provides no information about room assignments, availability, or specific details regarding dormitory/private accommodation allocation.""}]"
Is there any room that include personal bathroom and kitchen?,"The rental range for rooms in AIT varies depending on the type of accommodation and its facilities. Here's a breakdown of the available options and their approximate costs:

---

### **1. CAT-1 (Single Room with Shared Bathroom)**  
- **Rent**: **2,650 THB**  
- **Description**:  
  - Single room with shared bathroom and balcony.  
  - Includes basic furniture (bed, study table, chair, etc.).  
  - Cleaning: 3 times/year.  
- **Best For**: Students seeking affordable, shared living spaces.  

---

### **2. CAT-2 (Single Room with Private Bathroom & Balcony)**  
- **Rent**: **3,050 THB**  
- **Description**:  
  - Single room with private bathroom, balcony, and air-con.  
  - Includes furniture (bed, study table, chair, etc.).  
  - Cleaning: 3 times/year.  
- **Best For**: Students prioritizing privacy and comfort.  

---

### **3. Student Village (Single Room, No AC)**  
- **Rent**: **7,950 THB**  
- **Description**:  
  - Single room with shared bathroom and basic facilities.  
  - Cleaning: Weekly (linens changed).  
- **Best For**: Students requiring more space or specific amenities.  

---

### **4. Student Village (Married/Double Room, AC)**  
- **Rent**: **6,350 THB**  
- **Description**:  
  - Double room with private bathroom, balcony, and AC.  
  - Includes kitchen facilities (refrigerator, gas stove).  
  - Separate male/female washrooms on each floor.  
- **Best For**: Married students or those needing shared living spaces with kitchen access.  

---

### **Key Notes**  
- **Discrepancies**: Some listings (e.g., ""7,950 THB (2,650 THB/room)"") may reflect errors or outdated information. Always confirm with the **Accommodation Office**.  
- **Deadlines**: Apply for CAT-2 accommodation by **15 November 2025** for the January 2026 intake.  
- **Contact**:  
  - **Accommodation Office**: [email protected] | 02-524-6119 (Ms. Kanchana)  
  - **Admissions Unit**: [email protected] | (662) 524 5024  

---

### **Summary of Rental Range**  
- **Lowest**: **CAT-1 (2,650 THB)**  
- **Highest**: **Student Village (Single Room, No AC) (7,950 THB)**  

For precise details, contact the **Accommodation Office** directly.","Yes — AIT has on-campus rooms that include both a personal bathroom and a kitchen. Here are the relevant options:
1. Category 2 (CAT-2) Dorm Rooms
These are student dorm rooms with the following features:
•	Private bathroom inside the room
•	In-room kitchen (small cooking area allowed)
•	Air-conditioning and balcony included
This is the most common student option that includes both a private bathroom and kitchen. (Google Sites)
2. Category 5 (CAT-5) Dorm/Mixed Units
These rooms are typically larger and also include:
•	Private bathroom
•	Kitchen with refrigerator and hot plate
•	Air-conditioning and balcony
CAT-5 units are often allocated for students needing larger spaces (such as married students), though continuing students may queue for them. (Google Sites)
3. Student Village – Married Units
In the on-campus Student Village (Married) category:
•	Private bathroom
•	Full kitchen (refrigerator and gas stove)
•	Separate bedroom and living space
These units are designed for married students or families. (Google Sites)

Summary of On-Campus Room Types with Private Bath + Kitchen
Accommodation Type	Private Bathroom	Kitchen (Cooking Allowed)	Typical Use
CAT-2	Yes	Yes	Single students
CAT-5	Yes	Yes	Larger/luxury rooms, often married
Student Village – Married	Yes	Yes	Married/student families

Notes
•	CAT-2 is usually the standard “ensuite” student option with kitchen and bathroom in the room. (Google Sites)
•	CAT-5 and Student Village married units are larger and often more expensive. (Google Sites)
•	Kitchen facilities are usually basic (fridge, cooking plate), not full apartment-style kitchens. (Facilities Management)","[""https://ait.ac.th/housing/student-village-married-with-ac::c0001"", ""https://ait.ac.th/housing/student-village-single-without-ac::c0001"", ""https://ait.ac.th/housing/cat-2::c0000"", ""https://ait.ac.th/housing/cat-1-with-ac::c0000"", ""https://ait.ac.th/housing/student-village-married-with-ac::c0000""]",not_enough_info,0.625,0,1,0.625,5,8,0,0.8,0,not_enough_info,1.0,not_enough_info,0.95,0,0,0,"[rank 1] Living room: 1 dining table, 4 chairs, 1 sofa Linens : None Cleaning : 3 times/year Room Costs Rent : 6,350 THB Subscribe to our newsletter Subscribe to our newsletter Follow us on social media We use cookies on our website to give you the most relevant experience by remembering your preferences and repeat visits. By clicking “Accept All”, you consent to the use of ALL the cookies. However, you may visit ""Cookie Settings"" to provide a controlled consent. Cookie Settings Accept All Manage consent Close Privacy Overview This website uses cookies to improve your experience while you navigate through the website. Out of these, the cookies that are categorized as necessary are stored on your browser as they are essential for the working of basic functionalities of the website. We also use third-party cookies that help us analyze and understand how you use this website. These cookies will be stored in your browser only with your consent. You also have the option to opt-out of these cookies

---

[rank 2] Living room: 1 dining table 4 chairs, 1 sofa Linens : None Cleaning : Done once a week and change the linens every week Room Costs Rent : 7,950 -THB (2,650 THB/room) Subscribe to our newsletter Subscribe to our newsletter Follow us on social media We use cookies on our website to give you the most relevant experience by remembering your preferences and repeat visits. By clicking “Accept All”, you consent to the use of ALL the cookies. However, you may visit ""Cookie Settings"" to provide a controlled consent. Cookie Settings Accept All Manage consent Close Privacy Overview This website uses cookies to improve your experience while you navigate through the website. Out of these, the cookies that are categorized as necessary are stored on your browser as they are essential for the working of basic functionalities of the website. We also use third-party cookies that help us analyze and understand how you use this website. These cookies will be stored in your browser only with your consent

---

[rank 3] Cat 2 - Asian Institute of Technology Home > Housing > Cat 2 Cat 2 About the accommodation Cat 2 is a single room with a private bathroom and balcony consisting of air-con. Room information Dorms : E, J, and K Size  : 18 sq. m Air-con : Yes Water heater : Yes Kitchen : Yes Balcony : Private Bathroom : Private Furniture : Bed, study table, chair, sofa, side table with shelves, shelves on wall, cupboard, dustbin, mattress, pillow, clothes stand Linens : None Cleaning : 3 times/year Room Costs Rent  : 3,050 -THB Subscribe to our newsletter Subscribe to our newsletter Follow us on social media We use cookies on our website to give you the most relevant experience by remembering your preferences and repeat visits. By clicking “Accept All”, you consent to the use of ALL the cookies. However, you may visit ""Cookie Settings"" to provide a controlled consent

---

[rank 4] Cat 1 with AC - Asian Institute of Technology Home > Housing > Cat 1 with AC Cat 1 with AC About the accommodation Cat 1 consists of a single room with a shared bathroom and balcony between two rooms. Room information Dorms : F21-28 and F31-32 Size  : 18 sq. m. Air-con : Yes Table fan : Yes Water heater : Yes Kitchen : None Balcony : Private Bathroom : Private Furniture : Bed, study table, chair, sofa, fan, side table with shelves, shelves on wall, cupboard, dustbin, mattress, pillow, clothes stand Linens : None Cleaning : 3 times/ year Room Costs Rent : 2,650 -THB Subscribe to our newsletter Subscribe to our newsletter Follow us on social media We use cookies on our website to give you the most relevant experience by remembering your preferences and repeat visits. By clicking “Accept All”, you consent to the use of ALL the cookies. However, you may visit ""Cookie Settings"" to provide a controlled consent

---

[rank 5] Student Village (Married) with AC - Asian Institute of Technology Home > Housing > Student Village (Married) with AC Student Village (Married) with AC About the accommodation Student village consists of mostly double rooms with community bathrooms and lounge spaces on each floor. Separate male and female washrooms are available throughout the floors. Room information Dorms : SVI, SVII, and SVIII Size : Air-con : Yes (SV-III), and (SV-II 22 and 23) Water heater : Yes (SV-III) Kitchen : Yes (Refrigerator, gas stove) Balcony : Private Bathroom : Private Furniture : Bedroom: 2 beds, pillows, study tables, chairs, 1 stand fan, 2 wooden shelves, cupboards, 1 dustbin (for each room)",claim_level_sr,"Premise describes room features but provides no rental price information, making it impossible to verify hypothesis claims about cost ranges.","The premise confirms some rooms have private bathrooms and kitchens (e.g., Student Village Married Units), but does not mention kitchen facilities for CAT-2. The hypothesis claims CAT-2 includes a kitchen, which is not explicitly supported or contradicted by the premise.","[{""claim"": ""The rental range for rooms in AIT varies depending on the type of accommodation and its facilities."", ""label"": ""entails"", ""confidence"": 0.95, ""supported"": 1, ""rationale"": ""The premise lists multiple room types (living rooms, single rooms, double rooms) with varying rent prices (2,650-7,950 THB). Different facilities like private bathrooms, kitchens, and air-con are explicitly mentioned for each type, directly supporting the hypothesis that rental costs vary based on accommodation type and facilities.""}, {""claim"": ""Here's a breakdown of the available options and their approximate costs:"", ""label"": ""entails"", ""confidence"": 0.95, ""supported"": 1, ""rationale"": ""The premise lists multiple accommodation options with their respective costs (e.g., 6,350 THB, 7,950 THB, 3,050 THB, 2,650 THB), directly supporting the hypothesis' claim of a breakdown of options and their approximate costs.""}, {""claim"": ""### **1."", ""label"": ""not_enough_info"", ""confidence"": 0.95, ""supported"": 0, ""rationale"": ""The hypothesis is incomplete and not provided in the input, making it impossible to evaluate entailment or contradiction.""}, {""claim"": ""CAT-1 (Single Room with Shared Bathroom)**"", ""label"": ""entails"", ""confidence"": 0.95, ""supported"": 1, ""rationale"": ""The premise's rank 4 entry explicitly describes CAT-1 as a single room with shared bathroom, matching the hypothesis exactly.""}, {""claim"": ""**Rent**: **2,650 THB**"", ""label"": ""entails"", ""confidence"": 1.0, ""supported"": 1, ""rationale"": ""The premise includes an entry (rank 4) explicitly stating the rent as 2,650 THB, directly supporting the hypothesis.""}, {""claim"": ""**Description**:"", ""label"": ""not_enough_info"", ""confidence"": 1.0, ""supported"": 0, ""rationale"": ""The Hypothesis section is empty, providing no claims to evaluate against the Premise.""}, {""claim"": ""Single room with shared bathroom and balcony."", ""label"": ""entails"", ""confidence"": 0.95, ""supported"": 1, ""rationale"": ""Rank 4 explicitly describes a single room with shared bathroom and balcony, matching the hypothesis exactly.""}, {""claim"": ""Includes basic furniture (bed, study table, chair, etc.)."", ""label"": ""not_enough_info"", ""confidence"": 0.9, ""supported"": 0, ""rationale"": ""The premises include some accommodations with basic furniture (bed, study table, chair) but others (like living rooms) do not explicitly mention these items. The hypothesis is not fully supported across all premises.""}]"
