question,generated_answer,gold_answer,chunk_ids,sup_label,sup_confidence,sup_supported,sup_hallucinated,sr,sr_supported,sr_total,sr_pass,tau_support,sr_contradiction_any,gold_label_gold_to_gen,gold_conf_gold_to_gen,gold_label_gen_to_gold,gold_conf_gen_to_gold,gold_correct_bidirectional,gold_correct_any,gold_contradiction_any,evidence,sup_rationale,gold_rationale_gold_to_gen,gold_rationale_gen_to_gold,sr_details_json
What is AIT?,"The Asian Institute of Technology (AIT) is an international, English-speaking postgraduate institution established in 1959. It is a not-for-profit organization located on a green campus north of Bangkok, Thailand. AIT focuses on engineering, environment, and management studies, offering students the opportunity to study at a globally recognized institution in Asia. The institute emphasizes global connections, innovation in research and teaching, relevance to industry, and the nurturing of entrepreneurship. It also continues to fulfill its role in social impact and capacity building.","The Asian Institute of Technology (AIT), founded in 1959, is a not-for-profit international English-speaking postgraduate institution located on a green campus north of Bangkok, Thailand.

AIT offers the opportunity to study at an institution in Asia which possesses a global reputation. Going forward, AIT will be stressing its global connections, injection of innovation into research and teaching, its relevance to industry, and its nurturing of entrepreneurship, while continuing to fulfill its social impact and capacity building role. Sitting on a beautiful green campus located just north of Bangkok, Thailand, AIT operates as a multicultural community where a cosmopolitan approach to living and learning is the rule. You will meet and study with people from all around the world.

Today, AIT’s internationally recognized engineering, environment, and management graduates are highly sought after by employers in their home countryand elsewhere. Across many walks of life in Asia, AIT alumni have distinguished themselves as CEO’s of private and state enterprises, as business owners, as well-respected researchers and faculty, and as senior university and government officials.","[""https://www.ait.ac.th/about::c0000"", ""https://www.ait.ac.th/about::c0000"", ""https://ait.ac.th/admissions::c0001"", ""https://ait.ac.th/financial/ait-scholarships::c0001"", ""https://ait.ac.th/financial/ait-scholarships::c0000""]",entails,1.0,1,0,1.0,5,5,1,0.8,0,entails,1.0,entails,0.95,1,1,0,"[rank 1] About - Asian Institute of Technology Home > About About AIT AIT is an international English-speaking postgraduate institution, focusing on engineering, environment, and management studies. In this section About AIT Facts and figures Rankings Leadership People Meet our faculty members Meet our staff members Location Welcome to AIT The Asian Institute of Technology (AIT), founded in 1959, is a not-for-profit international English-speaking postgraduate institution located on a green campus north of Bangkok, Thailand. AIT offers the opportunity to study at an institution in Asia which possesses a global reputation. Going forward, AIT will be stressing its global connections, injection of innovation into research and teaching, its relevance to industry, and its nurturing of entrepreneurship, while continuing to fulfill its social impact and capacity building role

---

[rank 2] About - Asian Institute of Technology Home > About About AIT AIT is an international English-speaking postgraduate institution, focusing on engineering, environment, and management studies. In this section About AIT Facts and figures Rankings Leadership People Meet our faculty members Meet our staff members Location Welcome to AIT The Asian Institute of Technology (AIT), founded in 1959, is a not-for-profit international English-speaking postgraduate institution located on a green campus north of Bangkok, Thailand. AIT offers the opportunity to study at an institution in Asia which possesses a global reputation. Going forward, AIT will be stressing its global connections, injection of innovation into research and teaching, its relevance to industry, and its nurturing of entrepreneurship, while continuing to fulfill its social impact and capacity building role

---

[rank 3] Programs AIT provides students with distinctive opportunities to undertake their studies in rigorous and challenging ways. Each programs requires its own application for participation. Deadlines and notifications The AIT academic year consists of two semesters: January and August

---

[rank 4] AIT Scholarships are a form of financial aid that provides an opportunity for students from all over the world to study together at AIT. It helps subsidize part of the study cost by covering full, or a portion of, tuition for qualified students while the students are responsible for the rest of the tuition, the registration fees (20,000 Baht per semester to maintain student status) and the living expenses (around 11,500‐15,000 Baht per month). Each school has its Selection Committee. The Selection Committee will propose the value of AIT Scholarships grant for each applicant (if eligible) for approval by the School Dean. This AIT Scholarships grant can only be given once before the enrollment and cannot be changed over the entire study period. Eligibility All nationalities; Meeting AIT’s English Proficiency Requirement (i.e

---

[rank 5] AIT Scholarships - Asian Institute of Technology Home > Any nationality > AIT Scholarships AIT Scholarships The Asian Institute of Technology (AIT) in Thailand is offering applicants to its Master’s and Doctoral degree programs an opportunity to qualify for generous academic scholarships. A large number of no-bond AIT Scholarships are available for students applying for postgraduate programs offered at AIT’s School of Engineering and Technology (SET); School of Environment, Resources and Development (SERD); and School of Management (SOM). As Asia’s leading international higher learning institute, the AIT Scholarships are intended to increase the number of skilled international scientists, engineers, and managers required to meet the future challenges of the emerging Asian Economic Community region and beyond. AIT Scholarships are a form of financial aid that provides an opportunity for students from all over the world to study together at AIT",claim_level_sr,"The premise explicitly states AIT's founding year, not-for-profit status, location, and focus areas (engineering, environment, management) aligning with the hypothesis. It also confirms global connections, innovation emphasis, and social impact role as mentioned.","The Hypothesis is fully supported by the Premise, which explicitly states AIT's founding year, not-for-profit status, international English-speaking postgraduate institution, location, academic focus, and global reputation. All claims in the Hypothesis are directly or implicitly confirmed by the Premise.","[{""claim"": ""The Asian Institute of Technology (AIT) is an international, English-speaking postgraduate institution established in 1959."", ""label"": ""entails"", ""confidence"": 1.0, ""supported"": 1, ""rationale"": ""Premise explicitly states AIT is an international English-speaking postgraduate institution founded in 1959, matching all claims in the hypothesis.""}, {""claim"": ""It is a not-for-profit organization located on a green campus north of Bangkok, Thailand."", ""label"": ""entails"", ""confidence"": 0.95, ""supported"": 1, ""rationale"": ""Premise explicitly states AIT is a not-for-profit institution located on a green campus north of Bangkok, Thailand, matching both claims in the hypothesis.""}, {""claim"": ""AIT focuses on engineering, environment, and management studies, offering students the opportunity to study at a globally recognized institution in Asia."", ""label"": ""entails"", ""confidence"": 0.95, ""supported"": 1, ""rationale"": ""Premise explicitly states AIT focuses on engineering, environment, and management studies and offers study opportunities at a globally recognized Asian institution.""}, {""claim"": ""The institute emphasizes global connections, innovation in research and teaching, relevance to industry, and the nurturing of entrepreneurship."", ""label"": ""entails"", ""confidence"": 1.0, ""supported"": 1, ""rationale"": ""The premise explicitly states that AIT will stress global connections, innovation in research/teaching, industry relevance, and entrepreneurship nurturing, matching the hypothesis exactly.""}, {""claim"": ""It also continues to fulfill its role in social impact and capacity building."", ""label"": ""entails"", ""confidence"": 0.95, ""supported"": 1, ""rationale"": ""The premise explicitly states that AIT 'will be... continuing to fulfill its social impact and capacity building role,' directly supporting the hypothesis.""}]"
Where is AIT located?,"The Asian Institute of Technology (AIT) is located on a green campus north of Bangkok, Thailand. This information is explicitly stated in the provided context, which describes AIT as a not-for-profit international English-speaking postgraduate institution situated in this area. The campus is part of AIT's identity as a globally recognized institution in Asia, emphasizing its location and the multicultural environment it provides.","P.O. Box 4, 58 Moo 9, Km. 42, Paholyothin Highway, Klong Luang, Pathum Thani 12120 Thailand
https://ait.ac.th/about/location/","[""https://www.ait.ac.th/about::c0000"", ""https://www.ait.ac.th/about::c0000"", ""https://ait.ac.th/financial/royal-thai-government-scholarships::c0006"", ""https://ait.ac.th/financial/ais-scholarship::c0004"", ""https://www.ait.ac.th/about::c0001""]",entails,1.0,1,0,1.0,3,3,1,0.8,0,not_enough_info,0.95,not_enough_info,0.95,0,0,0,"[rank 1] About - Asian Institute of Technology Home > About About AIT AIT is an international English-speaking postgraduate institution, focusing on engineering, environment, and management studies. In this section About AIT Facts and figures Rankings Leadership People Meet our faculty members Meet our staff members Location Welcome to AIT The Asian Institute of Technology (AIT), founded in 1959, is a not-for-profit international English-speaking postgraduate institution located on a green campus north of Bangkok, Thailand. AIT offers the opportunity to study at an institution in Asia which possesses a global reputation. Going forward, AIT will be stressing its global connections, injection of innovation into research and teaching, its relevance to industry, and its nurturing of entrepreneurship, while continuing to fulfill its social impact and capacity building role

---

[rank 2] About - Asian Institute of Technology Home > About About AIT AIT is an international English-speaking postgraduate institution, focusing on engineering, environment, and management studies. In this section About AIT Facts and figures Rankings Leadership People Meet our faculty members Meet our staff members Location Welcome to AIT The Asian Institute of Technology (AIT), founded in 1959, is a not-for-profit international English-speaking postgraduate institution located on a green campus north of Bangkok, Thailand. AIT offers the opportunity to study at an institution in Asia which possesses a global reputation. Going forward, AIT will be stressing its global connections, injection of innovation into research and teaching, its relevance to industry, and its nurturing of entrepreneurship, while continuing to fulfill its social impact and capacity building role

---

[rank 3] Kanchana at 02-524-6119, or E-mail: [email protected] Further Inquiries For further inquiries on AIT Admissions Requirements and Procedures, applicants can visit the  AIT Admissions website. You may also contact the following address: Admissions and Scholarships Unit Asian Institute of Technology P.O. Box 4, KlongLuang Pathumthani 12120 THAILAND (662) 524 5024, 31-33 [email protected] ﻿ ﻿ Apply Now For more information Click this link Subscribe to our newsletter Subscribe to our newsletter Follow us on social media We use cookies on our website to give you the most relevant experience by remembering your preferences and repeat visits. By clicking “Accept All”, you consent to the use of ALL the cookies. However, you may visit ""Cookie Settings"" to provide a controlled consent. Cookie Settings Accept All Manage consent Close Privacy Overview This website uses cookies to improve your experience while you navigate through the website

---

[rank 4] Application Deadline for January 2026 Intake:  15 November 2025 Apply here https://admission.ait.ac.th/aoas/Applicant/FirstPage.aspx Further Inquiries For further inquiries on AIT Admissions Requirements and Procedures, applicants can visit the  AIT Admissions website. They may also contact the following address: Admissions and Scholarships Unit Asian Institute of Technology P.O. Box 4, KlongLuang Pathumthani 12120 THAILAND (662) 524 5024, 31-33 [email protected] Subscribe to our newsletter Subscribe to our newsletter Follow us on social media We use cookies on our website to give you the most relevant experience by remembering your preferences and repeat visits. By clicking “Accept All”, you consent to the use of ALL the cookies. However, you may visit ""Cookie Settings"" to provide a controlled consent. Cookie Settings Accept All Manage consent Close Privacy Overview This website uses cookies to improve your experience while you navigate through the website

---

[rank 5] Sitting on a beautiful green campus located just north of Bangkok, Thailand, AIT operates as a multicultural community where a cosmopolitan approach to living and learning is the rule. You will meet and study with people from all around the world. Today, AIT’s internationally recognized engineering, environment, and management graduates are highly sought after by employers in their home countryand elsewhere. Across many walks of life in Asia, AIT alumni have distinguished themselves as CEO’s of private and state enterprises, as business owners, as well-respected researchers and faculty, and as senior university and government officials. Charter of the AIT AIT Enabling Act AIT Bye-Laws What we offer We believe our university is enriched by having students and staff from a wide variety of backgrounds",claim_level_sr,"The premise provides an address in Pathum Thani (north of Bangkok) but lacks explicit mention of a 'green campus' or 'multicultural environment' described in the hypothesis. While the location aligns, additional claims in the hypothesis are not directly supported by the premise.",Premise specifies AIT's location as north of Bangkok but does not mention the specific address details provided in the hypothesis.,"[{""claim"": ""The Asian Institute of Technology (AIT) is located on a green campus north of Bangkok, Thailand."", ""label"": ""entails"", ""confidence"": 1.0, ""supported"": 1, ""rationale"": ""Premise explicitly states AIT is located on a green campus north of Bangkok, Thailand.""}, {""claim"": ""This information is explicitly stated in the provided context, which describes AIT as a not-for-profit international English-speaking postgraduate institution situated in this area."", ""label"": ""entails"", ""confidence"": 0.95, ""supported"": 1, ""rationale"": ""The premise explicitly states AIT is a not-for-profit, international English-speaking postgraduate institution located north of Bangkok, Thailand, matching the hypothesis.""}, {""claim"": ""The campus is part of AIT's identity as a globally recognized institution in Asia, emphasizing its location and the multicultural environment it provides."", ""label"": ""entails"", ""confidence"": 0.95, ""supported"": 1, ""rationale"": ""Premise explicitly mentions AIT's campus location in Thailand, multicultural environment, and global reputation, directly supporting the hypothesis claims.""}]"
When was AIT founded?,"The Asian Institute of Technology (AIT) was founded in 1959. This is explicitly stated in the provided context, which describes AIT as an international, English-speaking postgraduate institution established in that year. The founding date is a key piece of information that directly answers the question about when AIT was founded.",founded in 1959,"[""https://www.ait.ac.th/about::c0000"", ""https://www.ait.ac.th/about::c0000"", ""https://ait.ac.th/financial/alumni-scholarship-fund::c0000"", ""https://www.ait.ac.th/about::c0009"", ""https://www.ait.ac.th/about::c0009""]",entails,1.0,1,0,1.0,3,3,1,0.8,0,not_enough_info,0.95,entails,0.95,0,1,0,"[rank 1] About - Asian Institute of Technology Home > About About AIT AIT is an international English-speaking postgraduate institution, focusing on engineering, environment, and management studies. In this section About AIT Facts and figures Rankings Leadership People Meet our faculty members Meet our staff members Location Welcome to AIT The Asian Institute of Technology (AIT), founded in 1959, is a not-for-profit international English-speaking postgraduate institution located on a green campus north of Bangkok, Thailand. AIT offers the opportunity to study at an institution in Asia which possesses a global reputation. Going forward, AIT will be stressing its global connections, injection of innovation into research and teaching, its relevance to industry, and its nurturing of entrepreneurship, while continuing to fulfill its social impact and capacity building role

---

[rank 2] About - Asian Institute of Technology Home > About About AIT AIT is an international English-speaking postgraduate institution, focusing on engineering, environment, and management studies. In this section About AIT Facts and figures Rankings Leadership People Meet our faculty members Meet our staff members Location Welcome to AIT The Asian Institute of Technology (AIT), founded in 1959, is a not-for-profit international English-speaking postgraduate institution located on a green campus north of Bangkok, Thailand. AIT offers the opportunity to study at an institution in Asia which possesses a global reputation. Going forward, AIT will be stressing its global connections, injection of innovation into research and teaching, its relevance to industry, and its nurturing of entrepreneurship, while continuing to fulfill its social impact and capacity building role

---

[rank 3] AIT Alumni Scholarship Fund - Asian Institute of Technology Home > Any nationality > AIT Alumni Scholarship Fund AIT Alumni Scholarship Fund In early January 2021, we launched the first AIT Alumni Scholarship Fund to provide scholarships support to qualified Masters students who face economic challenges. The total amount collected will be distributed amongst the three Schools: School of Engineering & Technology (SET), School of Environment, Resources & Development (SERD), and School of Management (SOM). CRITERIA: 1.Any nationality 2.Any program in the School of Engineering & Technology, (SET)

---

[rank 4] AIT becomes independent of SEATO as an institution of higher learning empowered to grant degrees. 1968 His Majesty King Bhumibol Adulyadej of Thailand graciously presides over the Eighth Annual Graduation in May, the first for the newly named Asian Institute of Technology. 1973 His Majesty King Bhumibol Adulyadej of Thailand graciously presides over the opening of the new campus in Pathumthani in February. 1979 The 20th anniversary is celebrated with a donors meeting. Financial support is provided by 27 governments and over 20 organizations, foundations, and industries. 1984 The Institute marks its 25th anniversary in September with a donors’ meeting, where the 1985-88 Academic Plan is unveiled, aimed at achieving a balance between classical engineering and management fields. The plan emphasizes consolidating thirteen existing priority fields of study and research that meet the criteria of relevance to Asian needs and of practicability

---

[rank 5] AIT becomes independent of SEATO as an institution of higher learning empowered to grant degrees. 1968 His Majesty King Bhumibol Adulyadej of Thailand graciously presides over the Eighth Annual Graduation in May, the first for the newly named Asian Institute of Technology. 1973 His Majesty King Bhumibol Adulyadej of Thailand graciously presides over the opening of the new campus in Pathumthani in February. 1979 The 20th anniversary is celebrated with a donors meeting. Financial support is provided by 27 governments and over 20 organizations, foundations, and industries. 1984 The Institute marks its 25th anniversary in September with a donors’ meeting, where the 1985-88 Academic Plan is unveiled, aimed at achieving a balance between classical engineering and management fields. The plan emphasizes consolidating thirteen existing priority fields of study and research that meet the criteria of relevance to Asian needs and of practicability",claim_level_sr,"The premise only states a founding year without specifying the institution, while the hypothesis explicitly attributes the year to AIT with additional details not mentioned in the premise.","Premise explicitly states AIT was founded in 1959, which directly matches the hypothesis.","[{""claim"": ""The Asian Institute of Technology (AIT) was founded in 1959."", ""label"": ""entails"", ""confidence"": 1.0, ""supported"": 1, ""rationale"": ""The premise explicitly states that AIT was founded in 1959, directly supporting the hypothesis.""}, {""claim"": ""This is explicitly stated in the provided context, which describes AIT as an international, English-speaking postgraduate institution established in that year."", ""label"": ""entails"", ""confidence"": 0.95, ""supported"": 1, ""rationale"": ""Premise explicitly states AIT is an international English-speaking postgraduate institution founded in 1959, matching the hypothesis' claims about its establishment year and institutional characteristics.""}, {""claim"": ""The founding date is a key piece of information that directly answers the question about when AIT was founded."", ""label"": ""entails"", ""confidence"": 0.95, ""supported"": 1, ""rationale"": ""Premise explicitly states AIT was founded in 1959, directly answering the hypothesis about its founding date.""}]"
What is AIT’s mission and vision?,"The Asian Institute of Technology (AIT) has a clear mission and vision that guide its goals and operations. 

**Vision**: AIT's vision is to transform itself into a respected international graduate institution whose research and education contribute to the development of Asia. This transformation involves making AIT more global, more innovative, more entrepreneurial, and more economically relevant, while leveraging its core strengths in social impact.

**Mission**: AIT's mission is to develop highly qualified and committed professionals who will play a leading role in the sustainable development of the region and its integration into the global economy. This mission is carried out through a focus on education, research, and professional development, with an emphasis on addressing regional and global challenges.","AIT (Asian Institute of Technology) aims to be a leading graduate institution for Asia's sustainable development, fostering future leaders through relevant education, research, and problem-solving in technology, engineering, and management, by connecting with industry and promoting innovation for real-world impact. Its mission focuses on developing highly qualified professionals and delivering knowledge to tackle regional and global challenges, while its vision emphasizes regional integration, leadership in advanced education, and impactful solutions for a sustainable future. 
AIT's Vision:
To be a globally recognized leader in advanced education and research, driving sustainable development in Asia.
To be an exemplary institution that integrates the region into the global economy through innovation and partnership. 
AIT's Mission:
To develop future-focused, problem-solving professionals through rigorous education, leveraging diverse expertise.
To provide need-responsive, high-quality education and training in technology, engineering, management, and sustainability.
To generate impactful solutions to societal and industry challenges by applying research and knowledge.
To build strong connections with industry and community partners for knowledge transfer and sustainable development. ","[""https://www.ait.ac.th/about::c0005"", ""https://www.ait.ac.th/about::c0005"", ""https://www.ait.ac.th/about::c0006"", ""https://www.ait.ac.th/about::c0006"", ""https://www.ait.ac.th/about::c0000""]",entails,1.0,1,0,1.0,5,5,1,0.8,0,entails,0.95,not_enough_info,0.75,0,1,0,"[rank 1] 2024 International Green Gown Award in the ‘2030 Climate Action’ category for its transformative project, “Net Zero Campus Initiative: A Leap Towards Sustainable Climate Action.” Supported by the UN Environment Programme and Allianz Global Investors, the award celebrates exemplary sustainability efforts in higher education worldwide. Read more at this link . Vision and Mission Vision Transforming AIT to be a respectable international graduate institution whose research and education contribute to the development of Asia, by making AIT more global, more innovative, more entrepreneurial, and more economically relevant–while leveraging on its social impact core strengths. Mission The mission of AIT in the context of the emerging environment is “to develop highly qualified and committed professionals who will play a leading role in the sustainable development of the region and its integration into the global economy”

---

[rank 2] 2024 International Green Gown Award in the ‘2030 Climate Action’ category for its transformative project, “Net Zero Campus Initiative: A Leap Towards Sustainable Climate Action.” Supported by the UN Environment Programme and Allianz Global Investors, the award celebrates exemplary sustainability efforts in higher education worldwide. Read more at this link . Vision and Mission Vision Transforming AIT to be a respectable international graduate institution whose research and education contribute to the development of Asia, by making AIT more global, more innovative, more entrepreneurial, and more economically relevant–while leveraging on its social impact core strengths. Mission The mission of AIT in the context of the emerging environment is “to develop highly qualified and committed professionals who will play a leading role in the sustainable development of the region and its integration into the global economy”

---

[rank 3] Guided by the above clear, timeless vision and mission, the dedicated students, faculty and staff of AIT are set to steer the Institute along its path of becoming: A trailblazer in advanced education in the region, with leadership in IT and new types of multidisciplinary programs An exemplary institution, with an emphasis on academic quality in terms of courses and other aspects of operation A leader in professional development programs A hub for the implementation of regional and transnational research projects, and a research facility for academic professionals

---

[rank 4] Guided by the above clear, timeless vision and mission, the dedicated students, faculty and staff of AIT are set to steer the Institute along its path of becoming: A trailblazer in advanced education in the region, with leadership in IT and new types of multidisciplinary programs An exemplary institution, with an emphasis on academic quality in terms of courses and other aspects of operation A leader in professional development programs A hub for the implementation of regional and transnational research projects, and a research facility for academic professionals

---

[rank 5] About - Asian Institute of Technology Home > About About AIT AIT is an international English-speaking postgraduate institution, focusing on engineering, environment, and management studies. In this section About AIT Facts and figures Rankings Leadership People Meet our faculty members Meet our staff members Location Welcome to AIT The Asian Institute of Technology (AIT), founded in 1959, is a not-for-profit international English-speaking postgraduate institution located on a green campus north of Bangkok, Thailand. AIT offers the opportunity to study at an institution in Asia which possesses a global reputation. Going forward, AIT will be stressing its global connections, injection of innovation into research and teaching, its relevance to industry, and its nurturing of entrepreneurship, while continuing to fulfill its social impact and capacity building role",claim_level_sr,"The premise explicitly outlines AIT's vision and mission, which directly support the hypothesis' claim that AIT has a clear mission and vision guiding its goals and operations.","The premise outlines AIT's mission and vision but does not explicitly mention specific fields like technology, engineering, management, or sustainability in the mission. While the hypothesis' claims align with the general themes of the premise, the specific details about educational focus areas and industry partnerships are not directly supported by the premise.","[{""claim"": ""The Asian Institute of Technology (AIT) has a clear mission and vision that guide its goals and operations."", ""label"": ""entails"", ""confidence"": 1.0, ""supported"": 1, ""rationale"": ""The premise explicitly states AIT's Vision and Mission sections, detailing specific goals and guiding principles for its operations, directly supporting the hypothesis.""}, {""claim"": ""*Vision**: AIT's vision is to transform itself into a respected international graduate institution whose research and education contribute to the development of Asia."", ""label"": ""entails"", ""confidence"": 1.0, ""supported"": 1, ""rationale"": ""The premise explicitly states AIT's vision as transforming into a respected international graduate institution contributing to Asia's development, directly matching the hypothesis.""}, {""claim"": ""This transformation involves making AIT more global, more innovative, more entrepreneurial, and more economically relevant, while leveraging its core strengths in social impact."", ""label"": ""entails"", ""confidence"": 1.0, ""supported"": 1, ""rationale"": ""The premise explicitly states the transformation goals of making AIT more global, innovative, entrepreneurial, and economically relevant while leveraging social impact strengths, which directly matches the hypothesis.""}, {""claim"": ""*Mission**: AIT's mission is to develop highly qualified and committed professionals who will play a leading role in the sustainable development of the region and its integration into the global economy."", ""label"": ""entails"", ""confidence"": 0.95, ""supported"": 1, ""rationale"": ""The hypothesis directly quotes the mission statement from the premise, which explicitly states AIT's mission as developing professionals for sustainable development and global integration.""}, {""claim"": ""This mission is carried out through a focus on education, research, and professional development, with an emphasis on addressing regional and global challenges."", ""label"": ""entails"", ""confidence"": 0.95, ""supported"": 1, ""rationale"": ""Premise explicitly mentions education, research, professional development, and regional/global challenges in AIT's vision/mission, directly supporting the hypothesis.""}]"
What is the rank of AIT?,"The provided context does not mention the rank of AIT. Therefore, based on the information available, it is not possible to determine AIT's rank.","AIT participated in 12 out of the 17 SDGs this year, securing Top 50 ranks in four SDGs and Top 100 in four others, reflecting the Institute’s commitment to impactful research, inclusive education, and sustainability leadership.

Highlights of AIT’s 2025 Global Rankings:
SDG 2 – Zero Hunger: Ranked 18th
SDG 16 – Peace, Justice and Strong Institutions: Ranked 19th
SDG 17 – Partnerships for the Goals: Ranked 33rd
SDG 1 – No Poverty: Ranked 47th
Additional notable rankings:

SDG 14 – Life Below Water: Ranked 62nd
SDG 8 – Decent Work and Economic Growth: Ranked 80th
SDG 15 – Life on Land: Ranked 96th
SDG 6 – Clean Water and Sanitation: Ranked 98th
AIT is also placed within the:

Top 100–200 for SDGs 10 (Reduced Inequalities) and 12 (Responsible Consumption & Production)
Top 201–300 for SDGs 7 (Affordable & Clean Energy) and 13 (Climate Action)
“This year’s strong performance reflects AIT’s ongoing commitment to sustainability and global engagement,” said AIT President Prof. Pai-Chi Li. “Our progress across key SDGs, particularly in SDG 2, SDG 16, and SDG 17, highlights the meaningful contributions AIT continues to make through education, research, and collaboration.”","[""https://ait.ac.th/financial/royal-thai-government-scholarships::c0006"", ""https://ait.ac.th/financial/ait-scholarships::c0002"", ""https://ait.ac.th/financial/ait-alumni-association-hong-kong-macau-chapter-masters-scholarship::c0001"", ""https://ait.ac.th/financial/ait-scholarships::c0001"", ""https://ait.ac.th/financial/alumni-scholarship-fund::c0001""]",not_enough_info,0.5,0,1,0.5,1,2,0,0.8,0,contradicts,1.0,contradicts,1.0,0,0,1,"[rank 1] Kanchana at 02-524-6119, or E-mail: [email protected] Further Inquiries For further inquiries on AIT Admissions Requirements and Procedures, applicants can visit the  AIT Admissions website. You may also contact the following address: Admissions and Scholarships Unit Asian Institute of Technology P.O. Box 4, KlongLuang Pathumthani 12120 THAILAND (662) 524 5024, 31-33 [email protected] ﻿ ﻿ Apply Now For more information Click this link Subscribe to our newsletter Subscribe to our newsletter Follow us on social media We use cookies on our website to give you the most relevant experience by remembering your preferences and repeat visits. By clicking “Accept All”, you consent to the use of ALL the cookies. However, you may visit ""Cookie Settings"" to provide a controlled consent. Cookie Settings Accept All Manage consent Close Privacy Overview This website uses cookies to improve your experience while you navigate through the website

---

[rank 2] Eligibility All nationalities; Meeting AIT’s English Proficiency Requirement (i.e. IELTS-Academic or AIT EET score of 5.0 or above for Master’s and 5.5 for Doctoral program); Having a four‐year Bachelor’s degree from a recognized university; Having a master’s degree from a recognized university for Ph.D. applicants and should have a Cumulative GPA of 3.50 in their Master’s degree and 2.75 in their undergraduate program from top universities. Deadline for January 2026 Intake: 20 December 2025 Contact : AIT Admissions Office Tel: 02-524 5032, 02-524 5033/5024 Email: [email protected] Subscribe to our newsletter Subscribe to our newsletter Follow us on social media We use cookies on our website to give you the most relevant experience by remembering your preferences and repeat visits. By clicking “Accept All”, you consent to the use of ALL the cookies. However, you may visit ""Cookie Settings"" to provide a controlled consent

---

[rank 3] Any programs Candidate should have a cumulative GPA of at least 2.75 Candidate should pass IELTS with a score of 6.0 or AIT-EET Score of 6.0 Applicant must fulfill the AIT Entry Requirement s Deadline for January 2026 intake:  15 November 2025 Apply here https://admission.ait.ac.th/aoas/Applicant/FirstPage.aspx Further Inquiries For further inquiries on AIT Admissions Requirements and Procedures, applicants can visit the  AIT Admissions website. You may also contact the following address: Admissions and Scholarships Unit Asian Institute of Technology P.O. Box 4, KlongLuang Pathumthani 12120 THAILAND (662) 524 5024, 31-33 [email protected] Subscribe to our newsletter Subscribe to our newsletter Follow us on social media We use cookies on our website to give you the most relevant experience by remembering your preferences and repeat visits. By clicking “Accept All”, you consent to the use of ALL the cookies. However, you may visit ""Cookie Settings"" to provide a controlled consent

---

[rank 4] AIT Scholarships are a form of financial aid that provides an opportunity for students from all over the world to study together at AIT. It helps subsidize part of the study cost by covering full, or a portion of, tuition for qualified students while the students are responsible for the rest of the tuition, the registration fees (20,000 Baht per semester to maintain student status) and the living expenses (around 11,500‐15,000 Baht per month). Each school has its Selection Committee. The Selection Committee will propose the value of AIT Scholarships grant for each applicant (if eligible) for approval by the School Dean. This AIT Scholarships grant can only be given once before the enrollment and cannot be changed over the entire study period. Eligibility All nationalities; Meeting AIT’s English Proficiency Requirement (i.e

---

[rank 5] CRITERIA: 1.Any nationality 2.Any program in the School of Engineering & Technology, (SET). 3.Candidate should have a cumulative GPA of at least 2.75 4.Candidate should pass IELTS-Academic with a score of 6.0 or AIT EET Score of 6.0 5.Applicant must fulfill the AIT Admissions Entry Requirements Scholarships coverage: 2 credits up to 6 credits Deadline for January 2026 Intake: 15 November 2025 Apply here: https://ait.ac.th/apply-online/ Further Inquiries For further inquiries on AIT Admissions Requirements and Procedures, applicants can visit the  AIT Admissions website. You may also contact the following address: Admissions and Scholarships Unit Asian Institute of Technology P.O. Box 4, KlongLuang Pathumthani 12120 THAILAND (662) 524 5024, 31-33 [email protected] Subscribe to our newsletter Subscribe to our newsletter Follow us on social media We use cookies on our website to give you the most relevant experience by remembering your preferences and repeat visits",claim_level_sr,"The premise explicitly lists multiple SDG rankings for AIT, directly contradicting the hypothesis's claim that the context does not mention AIT's rank.","The premise explicitly states that the context does not mention AIT's rank, making it impossible to determine. The hypothesis, however, provides specific rankings for multiple SDGs, directly contradicting the premise's assertion of no available information.","[{""claim"": ""The provided context does not mention the rank of AIT."", ""label"": ""entails"", ""confidence"": 1.0, ""supported"": 1, ""rationale"": ""The premise contains no information about AIT's rank, only details about admissions requirements, contact info, and scholarships. The hypothesis correctly states the context does not mention AIT's rank.""}, {""claim"": ""Therefore, based on the information available, it is not possible to determine AIT's rank."", ""label"": ""not_enough_info"", ""confidence"": 1.0, ""supported"": 0, ""rationale"": ""The premise contains admission details, contact information, and scholarship criteria but provides no information about AIT's ranking or any comparative data that would allow determining its rank.""}]"
What is the duration of study?,"The duration of study at AIT varies depending on the program and the type of degree. Here is a breakdown based on the available information:

1. **Diploma Program**: This program typically covers two (2) semesters or a minimum of one (1) year. It requires students to complete at least 24 credits of coursework and maintain a CGPA of not less than 2.75 out of 4.00.

2. **Certificate Program**: This is a non-degree program that can take between two (2) months to one (1) year, depending on the number of credits registered by the student. It is designed for students or professionals seeking focused education in specific areas to enhance their careers.

3. **One-Year Master’s Degree Program**: AIT offers accelerated master’s programs that can be completed in two semesters (approximately 10 months). These programs provide the same coursework knowledge as traditional two-year master’s programs, but in a more condensed format. Students in these programs can return to work or enter the job market twelve months earlier than those in traditional two-year programs.

4. **Traditional Master’s Programs**: These programs typically take two years to complete and include additional components such as thesis work, internships, and exchange opportunities, which are not part of the accelerated one-year programs.

In summary, the duration of study at AIT ranges from a minimum of one year for diploma and certificate programs to two years for traditional master’s programs, with the option of an accelerated one-year master’s program available for certain disciplines.","2 Year Master’s Degree students normally study for 22 months (enrolled in August Intake) and 24 months (enrolled in January Intake) which includes four semesters, two short breaks and one long break between semesters. Doctoral students study for at least 42 months or seven semesters. 1-year Master, Professional Master Program and the Diploma Programs are at least 12 months or two semesters and the Certificate Program is 5 months or one semester.","[""https://ait.ac.th/program/nanosystems-engineering-nse::c0011"", ""https://ait.ac.th/financial/asian-development-bank-japan-scholarship-program-adb-jsp::c0012"", ""https://ait.ac.th/study/one-year-masters-degree-program::c0002"", ""https://ait.ac.th/financial/daad-scholarship::c0002"", ""https://ait.ac.th/study/one-year-masters-degree-program::c0001""]",entails,0.875,1,0,0.875,7,8,1,0.8,0,contradicts,0.95,not_enough_info,0.75,0,0,1,"[rank 1] Diploma program To qualify for a  Diploma degree, a student must: satisfactorily completes at least 24 credits of coursework, that may include 3 credits of special study maintain a final cumulative grade point average (CGPA) of not less than 2.75 out of 4.00. pass an oral examination covering the whole program, administered by the Program Committee. Duration: A Diploma degree typically covers two (2) semesters or a minimum of one (1) year. Certificate Program This is a non-degree certificate that a student receives upon successfully completing 3 to 21 credits coursework. A Certificate is intended mainly for students/professionals requiring relatively brief periods of education in specific focused areas to boost their career advancement. Duration: A Certificate program typically covers from two (2) months to one (1) year depending upon the number of credits registered by the student. For details, please use the Contact Us link below

---

[rank 2] The maximum duration of the scholarship award is two years for the MA, MS, & MBA programs. Remarks: The Government of Japan has made clear that it would support only up to 2 years, consistent with similar assistance that it is providing through other international development institutions. A. Renewal of Scholarships The initial scholarship period is one year. An appropriate extension for the second year of study shall be conditional on the scholar’s maintaining a satisfactory level of performance as determined by AIT. Extension of scholarships will not be allowed, in principle, beyond the two-year period. Scholarships maybe suspended for a maximum of twelve months or two semesters, if deemed necessary for valid reasons such as health or family reasons. The total number of scholarship awards is reviewed and set yearly by ADB

---

[rank 3] OBTAIN SAME COUREWORK KNOWLEDGE AS THOSE TAKING REGULAR/TRADITIONAL MASTERS PROGRAMS: At AIT, students taking the accelerated option sit in the same classes at those taking two years programs. The only difference is that regular Master’s Programs include thesis, internship, exchange and ‘minors’ options (note: for those who might want to complete a PhD in the future, completion of a research thesis when completing a Master’s is a highly recommended path). AIT Programs that can be completed in two semesters (10 months) Please click on the link to find out more information about each program

---

[rank 4] clearly show motivation and strong commitment. have a thorough command of written English (IELTS or AIT-EET 6.0 or above). See http://bit.ly/ait-eng-req must fulfill AIT online admission requirements. Applicants must apply to http://bit.ly/ait-admission and pay the processing fee Female applicants and candidates from less privileged regions or groups are especially encouraged to apply. Duration and Commencement Scholarships are awarded for the duration of the standard period of study for the chosen programme (up to a maximum of 22 months). Please state the entire period for which you wish to apply for a scholarship in your application. For example, if you are planning a 2-year degree programme, you must directly communicate two years as the desired scholarship duration in your application. After the first year of study, your academic achievements will be assessed in a further funding procedure

---

[rank 5] Students apply themselves intensively but for only half the time than students who follow a more traditional path on regular programs RETURN TO WORK/ENTER JOB MARKET EARLIER THAN COMPETITORS Reducing the amount of time required to earn a master’s degree allows graduates to re-enter the job market twelve months earlier that those that complete a graduate degree that follows a two year traditional format. This gives one-year degree candidates a jump start on the competition who who will complete their degree in two years. SAVE MONEY: Reducing the time required to earn a degree, reduces the costs associated with the degree. OBTAIN SAME COUREWORK KNOWLEDGE AS THOSE TAKING REGULAR/TRADITIONAL MASTERS PROGRAMS: At AIT, students taking the accelerated option sit in the same classes at those taking two years programs",claim_level_sr,"Hypothesis claims Certificate Program duration varies (2-12 months) and One-Year Master's can be completed in 10 months, which contradicts premise stating Certificate is fixed at 5 months and One-Year Master's are at least 12 months.","Premise does not mention doctoral programs, lacks specifics about 2-year master's break structure, and Certificate Program duration ranges beyond 5 months stated in hypothesis.","[{""claim"": ""The duration of study at AIT varies depending on the program and the type of degree."", ""label"": ""entails"", ""confidence"": 1.0, ""supported"": 1, ""rationale"": ""The premise explicitly states varying durations for different programs (Diploma: 1-2 years, Certificate: 2 months-1 year, accelerated Master's: 10 months, traditional Master's: 2 years), directly supporting the hypothesis that duration varies by program and degree type.""}, {""claim"": ""Here is a breakdown based on the available information:"", ""label"": ""not_enough_info"", ""confidence"": 1.0, ""supported"": 0, ""rationale"": ""The Hypothesis content is missing, making it impossible to evaluate entailment or contradiction.""}, {""claim"": ""**Diploma Program**: This program typically covers two (2) semesters or a minimum of one (1) year."", ""label"": ""entails"", ""confidence"": 1.0, ""supported"": 1, ""rationale"": ""The premise explicitly states that the Diploma Program typically covers two semesters or a minimum of one year, which directly matches the hypothesis.""}, {""claim"": ""It requires students to complete at least 24 credits of coursework and maintain a CGPA of not less than 2.75 out of 4.00."", ""label"": ""entails"", ""confidence"": 1.0, ""supported"": 1, ""rationale"": ""The premise explicitly states that a Diploma degree requires at least 24 credits of coursework and a CGPA of not less than 2.75, which directly matches the hypothesis.""}, {""claim"": ""**Certificate Program**: This is a non-degree program that can take between two (2) months to one (1) year, depending on the number of credits registered by the student."", ""label"": ""entails"", ""confidence"": 1.0, ""supported"": 1, ""rationale"": ""The premise explicitly states that the Certificate Program is a non-degree program with a duration of 2 months to 1 year depending on credits, matching the hypothesis exactly.""}, {""claim"": ""It is designed for students or professionals seeking focused education in specific areas to enhance their careers."", ""label"": ""entails"", ""confidence"": 0.95, ""supported"": 1, ""rationale"": ""The Certificate Program description explicitly states it is intended for students/professionals seeking focused education in specific areas to boost career advancement, directly matching the hypothesis.""}, {""claim"": ""**One-Year Master’s Degree Program**: AIT offers accelerated master’s programs that can be completed in two semesters (approximately 10 months)."", ""label"": ""entails"", ""confidence"": 0.95, ""supported"": 1, ""rationale"": ""Premise [rank 3] explicitly states AIT offers programs completed in two semesters (10 months) with same coursework as two-year programs, directly supporting the hypothesis.""}, {""claim"": ""These programs provide the same coursework knowledge as traditional two-year master’s programs, but in a more condensed format."", ""label"": ""entails"", ""confidence"": 0.95, ""supported"": 1, ""rationale"": ""Premise explicitly states that accelerated master’s programs have the same coursework as traditional two-year programs but are completed in half the time (e.g., two semesters vs. two years), directly supporting the hypothesis.""}]"
What academic programs and courses does AIT offer?,"AIT offers a wide range of academic programs and courses, primarily at the postgraduate level, with a focus on engineering, environment, and management studies. Here is a detailed breakdown of the academic programs and courses available:

1. **Master’s Degree Programs**:
   - **Traditional Master’s Programs**: These typically take two years to complete and include coursework, thesis work, internships, and exchange opportunities.
   - **One-Year Master’s Degree Programs (Accelerated)**: AIT offers accelerated master’s programs that can be completed in two semesters (approximately 10 months). These programs provide the same coursework knowledge as traditional two-year master’s programs but in a more condensed format.

2. **Doctoral Degree Programs**:
   - AIT offers doctoral degrees such as the Doctor of Engineering (DEng), Doctor of Technology Science (DTechSc), Doctor of Philosophy (PhD), and Doctor of Business Administration (DBA).

3. **Executive Master Degree Programs**:
   - These are designed for professionals seeking advanced education while balancing work commitments.

4. **Certificate and Special Programs**:
   - **Certificate Programs**: These are non-degree programs that can take between two months to one year, depending on the number of credits registered. They are designed for students or professionals seeking focused education in specific areas.
   - **Special Programs**: These include intensive English and academic bridging programs, as well as non-degree continuing education courses.

5. **Diploma Programs**:
   - These programs typically cover two semesters or a minimum of one year, requiring students to complete at least 24 credits of coursework and maintain a CGPA of not less than 2.75 out of 4.00.

6. **Education for Sustainable Development Goals (SDGs)**:
   - AIT integrates education for the SDGs into its programs, focusing on sustainable development and global challenges.

7. **Student Opportunities**:
   - AIT provides various opportunities for students, including international exchange programs, internships, and assistantships, which enhance the learning experience and career development.

These programs are structured to provide students with a globally recognized education, emphasizing innovation, research, and practical application in their respective fields.","The Asian Institute of Technology (AIT) offers a wide range of graduate-level academic programs and courses, primarily at the Master’s and Doctoral (PhD) levels. These programs are designed to address regional and global challenges through advanced education, research, and practical application.

Academic Programs at AIT

AIT’s programs are organized under three main schools, each offering multiple fields of study:

1. School of Engineering and Technology (SET)

Data Science and Artificial Intelligence

Computer Science

Information and Communications Technologies

Civil and Infrastructure Engineering

Environmental Engineering and Management

Electrical and Electronic Engineering

Mechanical, Industrial, and Manufacturing Engineering

2. School of Management (SOM)

Business Administration (MBA)

Management of Technology

International Business

Finance

Marketing

Entrepreneurship and Innovation

3. School of Environment, Resources and Development (SERD)

Sustainable Development

Environmental Management

Energy and Climate Change

Agricultural Systems and Engineering

Urban Environmental Management

Courses and Study Structure

Programs typically include core courses, electives, and either a thesis, research project, or capstone.

Courses are taught in English.

Both research-oriented and coursework-based options are available, depending on the program.

Some programs are interdisciplinary, drawing courses from multiple schools.

Additional Academic Offerings

Doctoral (PhD) programs with strong research focus

Short courses, professional training, and executive education (program-dependent)","[""https://ait.ac.th/admissions::c0001"", ""https://www.ait.ac.th/about::c0002"", ""https://www.ait.ac.th/about::c0002"", ""https://ait.ac.th/academics/student-opportunities::c0000"", ""https://ait.ac.th/program/professional-master-in-environment-social-and-governance-esg::c0003""]",not_enough_info,0.375,0,1,0.375,3,8,0,0.8,0,not_enough_info,0.75,entails,1.0,0,1,0,"[rank 1] Programs AIT provides students with distinctive opportunities to undertake their studies in rigorous and challenging ways. Each programs requires its own application for participation. Deadlines and notifications The AIT academic year consists of two semesters: January and August

---

[rank 2] Charter of the AIT AIT Enabling Act AIT Bye-Laws What we offer We believe our university is enriched by having students and staff from a wide variety of backgrounds. Higher education should be open to everyone who has the ability and potential to benefit from it Masters degrees MBA, MEng, MSc Executive Master Degree Programs Doctoral Degrees DEng, DTechSc, PhD, DBA Certificate and Special Program Intensive English & academic bridging program Non-degree continuing education courses Education for SDGs Awards and Recognition 1987 Science and Technology for Development Award presented to AIT by the United States Agency for International Development and the National Research Council for effectively transferring industrial technology and skills to the developing world, by training scientists and engineers from Asian countries

---

[rank 3] Charter of the AIT AIT Enabling Act AIT Bye-Laws What we offer We believe our university is enriched by having students and staff from a wide variety of backgrounds. Higher education should be open to everyone who has the ability and potential to benefit from it Masters degrees MBA, MEng, MSc Executive Master Degree Programs Doctoral Degrees DEng, DTechSc, PhD, DBA Certificate and Special Program Intensive English & academic bridging program Non-degree continuing education courses Education for SDGs Awards and Recognition 1987 Science and Technology for Development Award presented to AIT by the United States Agency for International Development and the National Research Council for effectively transferring industrial technology and skills to the developing world, by training scientists and engineers from Asian countries

---

[rank 4] Student opportunities - Asian Institute of Technology Home > Academics > Student opportunities Student opportunities Once you are officially admitted to a our programs at AIT, you can enjoy these many opportunities. In this section Academic calendar Academic Programs / Areas of Specialization Study options Student opportunities Faculties Student Assistantships Assistantships Student International Exchange International Exchange Program Student Internships Internships Career Center Career Center Academics Academic calendar Academic Programs / Areas of Specialization Study options Student opportunities Faculties Subscribe to our newsletter Subscribe to our newsletter Follow us on social media We use cookies on our website to give you the most relevant experience by remembering your preferences and repeat visits. By clicking “Accept All”, you consent to the use of ALL the cookies. However, you may visit ""Cookie Settings"" to provide a controlled consent

---

[rank 5] Students benefit from AIT’s hybrid multi-modal teaching model that combines online and in-class instruction with extensive practical exposure. Apply Now For more information [email protected] Subscribe to our newsletter Subscribe to our newsletter Follow us on social media We use cookies on our website to give you the most relevant experience by remembering your preferences and repeat visits. By clicking “Accept All”, you consent to the use of ALL the cookies. However, you may visit ""Cookie Settings"" to provide a controlled consent. Cookie Settings Accept All Manage consent Close Privacy Overview This website uses cookies to improve your experience while you navigate through the website. Out of these, the cookies that are categorized as necessary are stored on your browser as they are essential for the working of basic functionalities of the website. We also use third-party cookies that help us analyze and understand how you use this website",claim_level_sr,"The premise confirms AIT offers graduate programs in engineering, environment, and management but lacks specific details about accelerated master's programs, doctoral degrees beyond PhD, diploma programs, and exact program structures mentioned in the hypothesis.","The premise explicitly states AIT offers graduate-level programs (Master’s, Doctoral) and aligns with addressing global challenges via education/research. The structure under three schools and focus on practical application are directly supported.","[{""claim"": ""AIT offers a wide range of academic programs and courses, primarily at the postgraduate level, with a focus on engineering, environment, and management studies."", ""label"": ""not_enough_info"", ""confidence"": 0.65, ""supported"": 0, ""rationale"": ""The premise mentions postgraduate programs (Masters, Doctoral) and some courses, but does not explicitly state the focus on engineering, environment, and management studies. The claim about 'primarily postgraduate' is partially supported but lacks confirmation of the specific focus areas.""}, {""claim"": ""Here is a detailed breakdown of the academic programs and courses available:"", ""label"": ""not_enough_info"", ""confidence"": 0.95, ""supported"": 0, ""rationale"": ""The premise lists some program types (Masters, Doctoral, Certificate) and mentions areas of specialization, but does not provide a comprehensive or detailed breakdown of all academic programs and courses as required by the hypothesis.""}, {""claim"": ""**Master’s Degree Programs**:"", ""label"": ""entails"", ""confidence"": 0.95, ""supported"": 1, ""rationale"": ""Premise explicitly lists Master’s Degree Programs (MBA, MEng, MSc, Executive Master) in sections [rank 2] and [rank 3] under 'What we offer'.""}, {""claim"": ""**Traditional Master’s Programs**: These typically take two years to complete and include coursework, thesis work, internships, and exchange opportunities."", ""label"": ""not_enough_info"", ""confidence"": 0.95, ""supported"": 0, ""rationale"": ""Premise mentions Master’s degrees and some student opportunities like internships/exchange programs but provides no explicit information about program duration (two years) or required components (coursework, thesis work).""}, {""claim"": ""**One-Year Master’s Degree Programs (Accelerated)**: AIT offers accelerated master’s programs that can be completed in two semesters (approximately 10 months)."", ""label"": ""not_enough_info"", ""confidence"": 0.95, ""supported"": 0, ""rationale"": ""Premise mentions two semesters (January and August) but does not specify their duration. The hypothesis claims two semesters take approximately 10 months, but the premise lacks explicit information about semester lengths or academic year duration.""}, {""claim"": ""These programs provide the same coursework knowledge as traditional two-year master’s programs but in a more condensed format."", ""label"": ""not_enough_info"", ""confidence"": 0.95, ""supported"": 0, ""rationale"": ""Premise describes program structures, application processes, and teaching methods but does not mention coursework content equivalence or duration compared to traditional two-year master’s programs.""}, {""claim"": ""**Doctoral Degree Programs**:"", ""label"": ""entails"", ""confidence"": 0.95, ""supported"": 1, ""rationale"": ""Premise explicitly lists Doctoral Degrees (DEng, DTechSc, PhD, DBA) under 'What we offer', directly supporting the hypothesis.""}, {""claim"": ""AIT offers doctoral degrees such as the Doctor of Engineering (DEng), Doctor of Technology Science (DTechSc), Doctor of Philosophy (PhD), and Doctor of Business Administration (DBA)."", ""label"": ""entails"", ""confidence"": 0.95, ""supported"": 1, ""rationale"": ""Premise explicitly lists DEng, DTechSc, PhD, and DBA as doctoral degrees offered by AIT in the 'Doctoral Degrees' section under 'What we offer'.""}]"
Which schools or faculties at AIT offer each academic program?,"The Asian Institute of Technology (AIT) offers a variety of academic programs across different faculties and departments. While the provided context does not explicitly list which faculty offers each program, it does provide enough information to identify the general areas of study and the faculties that are likely responsible for them. Here is a step-by-step breakdown of the academic programs and the likely faculties that offer them:

1. **Master’s Degree Programs**:
   - **Traditional Master’s Programs**: These programs are likely offered by the **Faculty of Engineering**, **Faculty of Environment**, and **Faculty of Management**, as these are the core areas of focus at AIT.
   - **One-Year Master’s Degree Programs (Accelerated)**: These are also likely offered by the **Faculty of Engineering**, **Faculty of Environment**, and **Faculty of Management**, as they are condensed versions of the traditional programs.

2. **Doctoral Degree Programs**:
   - **Doctor of Engineering (DEng)**: Likely offered by the **Faculty of Engineering**.
   - **Doctor of Technology Science (DTechSc)**: Likely offered by the **Faculty of Environment** or **Faculty of Engineering**.
   - **Doctor of Philosophy (PhD)**: Likely offered by the **Faculty of Engineering**, **Faculty of Environment**, and **Faculty of Management**.
   - **Doctor of Business Administration (DBA)**: Likely offered by the **Faculty of Management**.

3. **Executive Master Degree Programs**:
   - These are likely offered by the **Faculty of Management**, as they are designed for professionals and focus on business and management.

4. **Certificate and Special Programs**:
   - **Certificate Programs**: These are likely offered by the **Faculty of Engineering**, **Faculty of Environment**, and **Faculty of Management**, as they are non-degree programs that focus on specific areas of study.
   - **Intensive English & Academic Bridging Program**: Likely offered by the **Faculty of Management** or **Academic Support Services**, as these programs are designed to help students improve their English and academic skills.
   - **Non-Degree Continuing Education Courses**: Likely offered by the **Faculty of Engineering**, **Faculty of Environment**, and **Faculty of Management**, as these courses are designed for professionals seeking to enhance their knowledge in specific areas.

5. **Education for Sustainable Development Goals (SDGs)**:
   - This is likely integrated across all faculties, particularly the **Faculty of Environment** and **Faculty of Management**, as these areas focus on sustainability and global challenges.

In summary, the **Faculty of Engineering**, **Faculty of Environment**, and **Faculty of Management** are the main faculties that offer the academic programs at AIT. Each faculty is responsible for specific areas of study, and the programs are structured to provide students with a globally recognized education in engineering, environment, and management.","Academic Programs and Their Schools at AIT
School of Engineering and Technology (SET)

Offers engineering, technology, and related programs, including:

Departments and Programs:

Department of Civil and Infrastructure Engineering

Construction, Engineering and Infrastructure Management

Geotechnical and Earth Resources Engineering

Structural Engineering

Transportation Engineering

Water Engineering and Management

Department of Industrial Systems Engineering

Bio-Nano Material Science and Engineering

Mechatronics and Machine Intelligence

Industrial and Manufacturing Engineering

Medical Engineering

Department of Information and Communication Technologies

Computer Science

Data Science and Artificial Intelligence

Information & Communications Technologies

Information Management

Internet of Things (IoT) Systems Engineering

Remote Sensing and Geographic Information Systems

Telecommunications
(Source: Official AIT program pages)

Additionally, SET also offers Professional Master’s programs in technical and engineering specialties, such as professional data science, construction, and geotechnical engineering.

School of Environment, Resources and Development (SERD)

Focuses on sustainable development, environment, agriculture, and energy programs:

Departments and Programs:

Department of Food, Agriculture and Natural Resources

AgriBusiness Management

Agricultural Systems & Engineering

Aquaculture and Aquatic Resources Management

Food Engineering and Bioprocess Technology

Food Innovation, Nutrition and Health

Natural Resources Management

Department of Energy and Climate Change

Climate Change and Sustainable Development

Sustainable Energy Transition

Department of Development and Sustainability

Development and Sustainability

Development Planning Management and Innovation

Gender and Development Studies

Urban Innovation and Sustainability
(Source: Official AIT program pages)

SERD also participates in inter-school programs jointly offered with other schools.

School of Management (SOM)

Focuses on business, management, and related fields:

Programs:

Master of Business Administration (MBA)

Business Analytics and Digital Transformation (MSc)

International Finance (MSc)

Digital Marketing (MSc)

Environmental, Social and Governance (Professional Master)
(These offerings reflect the main management programs; curricula may vary by term.)

SOM also offers professional and executive programs in finance, banking, and entrepreneurship.

Joint / Inter-School Academic Programs

Some programs combine expertise from multiple schools:

Disaster Preparedness, Mitigation, and Management (SET + SERD)

Urban Water Engineering & Management (SET + SERD)

Water Security and Global Change (SET + SERD)

Social Business and Entrepreneurship (SERD + SOM)
(Source: Various listings including combined program sections)

Doctoral Programs

Doctoral (PhD and DBA) programs are also offered through the same schools:

SET: Advanced engineering and technology research fields

SERD: Environment, development, and sustainability research

SOM: Business and management research (PhD / DBA)
(Source: archived doctoral listings)","[""https://ait.ac.th/admissions::c0001"", ""https://www.ait.ac.th/about::c0002"", ""https://www.ait.ac.th/about::c0002"", ""https://ait.ac.th/academics/student-opportunities::c0000"", ""https://ait.ac.th/admissions::c0000""]",not_enough_info,0.375,0,1,0.375,3,8,0,0.8,0,entails,0.95,entails,0.95,1,1,0,"[rank 1] Programs AIT provides students with distinctive opportunities to undertake their studies in rigorous and challenging ways. Each programs requires its own application for participation. Deadlines and notifications The AIT academic year consists of two semesters: January and August

---

[rank 2] Charter of the AIT AIT Enabling Act AIT Bye-Laws What we offer We believe our university is enriched by having students and staff from a wide variety of backgrounds. Higher education should be open to everyone who has the ability and potential to benefit from it Masters degrees MBA, MEng, MSc Executive Master Degree Programs Doctoral Degrees DEng, DTechSc, PhD, DBA Certificate and Special Program Intensive English & academic bridging program Non-degree continuing education courses Education for SDGs Awards and Recognition 1987 Science and Technology for Development Award presented to AIT by the United States Agency for International Development and the National Research Council for effectively transferring industrial technology and skills to the developing world, by training scientists and engineers from Asian countries

---

[rank 3] Charter of the AIT AIT Enabling Act AIT Bye-Laws What we offer We believe our university is enriched by having students and staff from a wide variety of backgrounds. Higher education should be open to everyone who has the ability and potential to benefit from it Masters degrees MBA, MEng, MSc Executive Master Degree Programs Doctoral Degrees DEng, DTechSc, PhD, DBA Certificate and Special Program Intensive English & academic bridging program Non-degree continuing education courses Education for SDGs Awards and Recognition 1987 Science and Technology for Development Award presented to AIT by the United States Agency for International Development and the National Research Council for effectively transferring industrial technology and skills to the developing world, by training scientists and engineers from Asian countries

---

[rank 4] Student opportunities - Asian Institute of Technology Home > Academics > Student opportunities Student opportunities Once you are officially admitted to a our programs at AIT, you can enjoy these many opportunities. In this section Academic calendar Academic Programs / Areas of Specialization Study options Student opportunities Faculties Student Assistantships Assistantships Student International Exchange International Exchange Program Student Internships Internships Career Center Career Center Academics Academic calendar Academic Programs / Areas of Specialization Study options Student opportunities Faculties Subscribe to our newsletter Subscribe to our newsletter Follow us on social media We use cookies on our website to give you the most relevant experience by remembering your preferences and repeat visits. By clicking “Accept All”, you consent to the use of ALL the cookies. However, you may visit ""Cookie Settings"" to provide a controlled consent

---

[rank 5] Admissions - Asian Institute of Technology Home > Admissions Admissions AIT welcomes talented, high-achieving students who contribute a wide diversity of views, experiences and perspectives. In this section Admissions Eligibility Financial aid Tuition and fees Student housing Apply online Frequently Asked Questions Join us at AIT We want to get to know you through your application, to hear your voice and explore your potential. We hope you get to know yourself better through the application process, too. Across each and every program, we actively seek students from a wide variety of backgrounds. We value the exceptional academic talent, intellectual curiosity, individual perspectives, creativity, and other defining attributes that each student uniquely contributes to our community. Programs AIT provides students with distinctive opportunities to undertake their studies in rigorous and challenging ways. Each programs requires its own application for participation",claim_level_sr,"The premise explicitly lists programs under three schools (SET, SERD, SOM) which the hypothesis maps to 'Faculty of Engineering', 'Faculty of Environment', and 'Faculty of Management'. The hypothesis' claims about program ownership align with the premise's structure, and the mapping is logically inferred from the provided program-school associations.","The Hypothesis details specific programs and schools at AIT, which are directly supported by the Premise's breakdown of faculties offering those programs. The Premise explicitly links programs to faculties (Engineering, Environment, Management), which align with the Hypothesis's schools (SET, SERD, SOM). All program details in the Hypothesis are consistent with the Premise's structured categorization.","[{""claim"": ""The Asian Institute of Technology (AIT) offers a variety of academic programs across different faculties and departments."", ""label"": ""not_enough_info"", ""confidence"": 0.75, ""supported"": 0, ""rationale"": ""The premise lists various program types (MBA, MEng, PhD, etc.) and mentions 'Faculties' in student opportunities, but does not explicitly state that programs are organized across multiple faculties and departments. The connection between program diversity and departmental structure is not directly confirmed.""}, {""claim"": ""While the provided context does not explicitly list which faculty offers each program, it does provide enough information to identify the general areas of study and the faculties that are likely responsible for them."", ""label"": ""entails"", ""confidence"": 0.95, ""supported"": 1, ""rationale"": ""The premise lists various programs (MBA, MEng, MSc, etc.) and study areas, along with AIT's focus on technology and development. While not explicitly stating faculty-program assignments, the detailed program categories and institutional context allow reasonable inference of general study areas and likely responsible faculties.""}, {""claim"": ""Here is a step-by-step breakdown of the academic programs and the likely faculties that offer them:"", ""label"": ""not_enough_info"", ""confidence"": 0.95, ""supported"": 0, ""rationale"": ""Premise lists academic programs (MBA, MEng, MSc, etc.) and mentions 'Faculties' in Student opportunities, but does not explicitly link specific programs to particular faculties. The hypothesis requires a detailed breakdown of program-faculty associations not provided in the premise.""}, {""claim"": ""**Master’s Degree Programs**:"", ""label"": ""entails"", ""confidence"": 0.95, ""supported"": 1, ""rationale"": ""The premise explicitly lists Masters degrees (MBA, MEng, MSc) as part of AIT's offerings in ranks 2 and 3, directly supporting the hypothesis about Master’s Degree Programs.""}, {""claim"": ""**Traditional Master’s Programs**: These programs are likely offered by the **Faculty of Engineering**, **Faculty of Environment**, and **Faculty of Management**, as these are the core areas of focus at AIT."", ""label"": ""not_enough_info"", ""confidence"": 0.95, ""supported"": 0, ""rationale"": ""The premise lists Master's programs (MBA, MEng, MSc) but does not explicitly mention their association with Faculty of Engineering, Environment, or Management. No information about program-faculty affiliations is provided.""}, {""claim"": ""**One-Year Master’s Degree Programs (Accelerated)**: These are also likely offered by the **Faculty of Engineering**, **Faculty of Environment**, and **Faculty of Management**, as they are condensed versions of the traditional programs."", ""label"": ""not_enough_info"", ""confidence"": 0.95, ""supported"": 0, ""rationale"": ""Premise mentions AIT's programs and admissions but does not specify which faculties offer one-year master's programs or their structure as condensed versions of traditional programs.""}, {""claim"": ""**Doctoral Degree Programs**:"", ""label"": ""entails"", ""confidence"": 0.95, ""supported"": 1, ""rationale"": ""Premise explicitly lists Doctoral Degrees (DEng, DTechSc, PhD, DBA) as part of AIT's offerings in ranks 2 and 3.""}, {""claim"": ""**Doctor of Engineering (DEng)**: Likely offered by the **Faculty of Engineering**."", ""label"": ""not_enough_info"", ""confidence"": 0.95, ""supported"": 0, ""rationale"": ""Premise lists DEng as a doctoral degree offered by AIT but does not specify which faculty (e.g., Faculty of Engineering) offers it. No information connects DEng to any specific faculty.""}]"
Can I apply to two Academic Programs at the same time?,"The Asian Institute of Technology (AIT) allows students to apply to multiple academic programs simultaneously, provided they meet the specific requirements and deadlines for each program. This flexibility is supported by the structure of AIT's admissions process, which does not restrict applicants from applying to more than one program at the same time.

However, it is important to note that each program may have its own set of eligibility criteria, application deadlines, and required documents. Therefore, while applying to two programs is permitted, applicants must ensure they are able to meet all the conditions for each program they choose to apply to. This includes submitting all necessary materials, adhering to deadlines, and fulfilling any additional requirements such as minimum academic performance or specific coursework. 

In summary, applying to two academic programs at AIT is allowed, but applicants must carefully manage their application process to ensure compliance with the requirements of each program.",No. You can only apply to one academic program at any time,"[""https://ait.ac.th/academics/study-options::c0001"", ""https://ait.ac.th/apply-online::c0000"", ""https://ait.ac.th/program/university-of-nice-sophia-antipolis-france::c0001"", ""https://ait.ac.th/eligibility/doctoral-degree-program::c0001"", ""https://ait.ac.th/study/open-master-of-engineering-science-in-interdisciplinary-studies-omis::c0009""]",not_enough_info,0.3333333333333333,0,1,0.3333333333333333,2,6,0,0.8,0,not_enough_info,0.95,contradicts,1.0,0,0,1,"[rank 1] Tailor your studies to your interests and aspirations. In this section Academic calendar Academic Programs / Areas of Specialization Study options Student opportunities Faculties Master’s Degree Programs Doctoral Degree Programs Open Master of Engineering/Science in Interdisciplinary Studies (OMIS) Minor in Entrepreneurship Flexible Master’s Option Erasmus Programs Unified Degree Programs Joint Degree Programs Dual Degree Programs Professional Master’s Programs Certificate Programs Flexible PhD Option One Year Master’s Degree Program Academics Academic calendar Academic Programs / Areas of Specialization Study options Student opportunities Faculties Subscribe to our newsletter Subscribe to our newsletter Follow us on social media We use cookies on our website to give you the most relevant experience by remembering your preferences and repeat visits. By clicking “Accept All”, you consent to the use of ALL the cookies

---

[rank 2] Apply Now for Admissions to AIT | AIT Online Application Home > Apply online Apply online AIT welcomes talented, high-achieving students who contribute a wide diversity of views, experiences and perspectives. In this section Admissions Eligibility Financial aid Tuition and fees Student housing Apply online Frequently Asked Questions Start your application Complete your Online Application by clicking the ‘Apply Now’ button below. Apply now Deadlines and notifications for Application The AIT academic year consists of two semesters: January and August

---

[rank 3] The double degree is completed after doing an internship in a company or a research study in Europe. Students will be awarded two Master degrees: one from UNS and one from AIT. Apply Now Program brochure Subscribe to our newsletter Subscribe to our newsletter Follow us on social media We use cookies on our website to give you the most relevant experience by remembering your preferences and repeat visits. By clicking “Accept All”, you consent to the use of ALL the cookies. However, you may visit ""Cookie Settings"" to provide a controlled consent. Cookie Settings Accept All Manage consent Close Privacy Overview This website uses cookies to improve your experience while you navigate through the website. Out of these, the cookies that are categorized as necessary are stored on your browser as they are essential for the working of basic functionalities of the website. We also use third-party cookies that help us analyze and understand how you use this website

---

[rank 4] Two recommendation letters. * Applicants with a one-year master’s degree, a one-year professional master’s degree, or a one-year postgraduate diploma can enroll in the doctoral program by completing an additional 12-24 credits of coursework, obtaining a CGPA of 3.5, and achieving a very good or excellent grade in their research study, in addition to the required 84 credits for the doctoral program. Apply Here https://www.ait.ac.th/admissions/application-form/ Subscribe to our newsletter Subscribe to our newsletter Follow us on social media We use cookies on our website to give you the most relevant experience by remembering your preferences and repeat visits. By clicking “Accept All”, you consent to the use of ALL the cookies. However, you may visit ""Cookie Settings"" to provide a controlled consent. Cookie Settings Accept All Manage consent Close Privacy Overview This website uses cookies to improve your experience while you navigate through the website

---

[rank 5] How to Apply? To apply, go to the AIT online application form by Clicking Here and choose “Open Master of Engineering/Science in Interdisciplinary Studies”. You also need to submit a Study Plan and a Research Plan in addition to the other required documents. Deadline The application deadline is like our other programs. Check Deadline Payment The payment follows the same process as for other programs. All details to make payments are at this website, Click here. Contact & Support For more Inquiry, please contact the us at this email: [email protected] Apply Now Program brochure For more information Click this link Subscribe to our newsletter Subscribe to our newsletter Follow us on social media We use cookies on our website to give you the most relevant experience by remembering your preferences and repeat visits. By clicking “Accept All”, you consent to the use of ALL the cookies. However, you may visit ""Cookie Settings"" to provide a controlled consent",claim_level_sr,"Premise is a general statement about applying to one program at a time without specifying an institution, while hypothesis explicitly refers to AIT's policies. The premise does not provide information about AIT's specific admissions rules.","Premise explicitly states applicants can apply to multiple programs simultaneously, directly contradicting the hypothesis' claim of only being able to apply to one.","[{""claim"": ""The Asian Institute of Technology (AIT) allows students to apply to multiple academic programs simultaneously, provided they meet the specific requirements and deadlines for each program."", ""label"": ""not_enough_info"", ""confidence"": 0.95, ""supported"": 0, ""rationale"": ""The premise describes various programs and application processes but does not explicitly state whether students can apply to multiple programs simultaneously. No information is provided about policies regarding concurrent applications to multiple academic programs.""}, {""claim"": ""This flexibility is supported by the structure of AIT's admissions process, which does not restrict applicants from applying to more than one program at the same time."", ""label"": ""not_enough_info"", ""confidence"": 0.95, ""supported"": 0, ""rationale"": ""The premise describes various programs and application processes but does not explicitly mention whether applicants can apply to multiple programs simultaneously. While some programs (e.g., joint degrees) are mentioned, this does not directly confirm or deny the flexibility of applying to multiple programs at once.""}, {""claim"": ""However, it is important to note that each program may have its own set of eligibility criteria, application deadlines, and required documents."", ""label"": ""entails"", ""confidence"": 0.85, ""supported"": 1, ""rationale"": ""The premise mentions multiple programs (e.g., double degree, doctoral, Master's) with distinct requirements (e.g., coursework, CGPA, specific documents), supporting the hypothesis that programs have varying eligibility criteria, deadlines, and documents.""}, {""claim"": ""Therefore, while applying to two programs is permitted, applicants must ensure they are able to meet all the conditions for each program they choose to apply to."", ""label"": ""not_enough_info"", ""confidence"": 0.95, ""supported"": 0, ""rationale"": ""The premise describes various programs and application processes but does not explicitly state whether applying to two programs is permitted. While a double degree program is mentioned, this refers to earning two degrees from different institutions, not necessarily applying to two separate programs at the same institution. The hypothesis introduces a claim about applying to two programs that is not directly supported or contradicted by the premise.""}, {""claim"": ""This includes submitting all necessary materials, adhering to deadlines, and fulfilling any additional requirements such as minimum academic performance or specific coursework."", ""label"": ""entails"", ""confidence"": 0.95, ""supported"": 1, ""rationale"": ""Premise mentions submitting required documents (Study Plan, Research Plan, recommendation letters), adhering to deadlines (rank 2,5), and fulfilling academic performance (CGPA 3.5) and coursework requirements (rank 4), which directly align with the hypothesis claims.""}, {""claim"": ""In summary, applying to two academic programs at AIT is allowed, but applicants must carefully manage their application process to ensure compliance with the requirements of each program."", ""label"": ""not_enough_info"", ""confidence"": 0.75, ""supported"": 0, ""rationale"": ""The premise mentions dual/joint degree programs involving AIT and other institutions, but does not explicitly confirm that applying to two programs at AIT alone is allowed. The hypothesis refers to 'two academic programs at AIT,' which is not directly supported by the premise's examples of cross-institutional dual degrees.""}]"
Do you have academic exchange programs and scholarships for those?,"AIT offers academic exchange programs and scholarships, though the details vary depending on the program and the student's circumstances.

**Academic Exchange Programs**:  
AIT has partnerships with universities around the world, and students from these institutions can enroll at AIT as **Special Students (Exchange Students)** under non-degree academic exchange agreements. These students are typically enrolled in certificate or special programs, which are non-degree programs designed to provide focused education in specific areas. Exchange students may also participate in internships, assistantships, and other student opportunities that enhance their learning experience.

**Scholarships**:  
AIT does not offer scholarships directly to students. However, students are encouraged to apply for scholarships from their home governments or other external organizations. If a student needs support documents from AIT to apply for a scholarship, they can contact AIT for assistance. AIT may also support visa applications for students who are required to come to campus for lab work or other academic activities.

In summary, AIT provides academic exchange opportunities for students from partner universities and supports scholarship applications through documentation and visa assistance, but it does not offer direct scholarships to its students.","Yes, we have academic exchange programs with various partner universities in Asia and Europe. AIT has a limited number of scholarships to assist our students to go on academic exchange. You can apply for an academic exchange program and the scholarship in your second semester of study at AIT.","[""https://ait.ac.th/eligibility/certificate-and-special-program::c0001"", ""https://ait.ac.th/academics/study-options::c0001"", ""https://ait.ac.th/study/open-master-of-engineering-science-in-interdisciplinary-studies-omis::c0004"", ""https://ait.ac.th/study/flexible-masters-option::c0011"", ""https://ait.ac.th/study/flexible-phd-option::c0011""]",not_enough_info,0.625,0,1,0.625,5,8,0,0.8,0,entails,0.0,contradicts,0.95,0,0,1,"[rank 1] Candidates under non-degree academic exchange agreements between AIT and their home universities are also enrolled at AIT as Special students: Exchange Students. Here https://www.ait.ac.th/admissions/application-form/ Subscribe to our newsletter Subscribe to our newsletter Follow us on social media We use cookies on our website to give you the most relevant experience by remembering your preferences and repeat visits. By clicking “Accept All”, you consent to the use of ALL the cookies. However, you may visit ""Cookie Settings"" to provide a controlled consent. Cookie Settings Accept All Manage consent Close Privacy Overview This website uses cookies to improve your experience while you navigate through the website. Out of these, the cookies that are categorized as necessary are stored on your browser as they are essential for the working of basic functionalities of the website. We also use third-party cookies that help us analyze and understand how you use this website

---

[rank 2] Tailor your studies to your interests and aspirations. In this section Academic calendar Academic Programs / Areas of Specialization Study options Student opportunities Faculties Master’s Degree Programs Doctoral Degree Programs Open Master of Engineering/Science in Interdisciplinary Studies (OMIS) Minor in Entrepreneurship Flexible Master’s Option Erasmus Programs Unified Degree Programs Joint Degree Programs Dual Degree Programs Professional Master’s Programs Certificate Programs Flexible PhD Option One Year Master’s Degree Program Academics Academic calendar Academic Programs / Areas of Specialization Study options Student opportunities Faculties Subscribe to our newsletter Subscribe to our newsletter Follow us on social media We use cookies on our website to give you the most relevant experience by remembering your preferences and repeat visits. By clicking “Accept All”, you consent to the use of ALL the cookies

---

[rank 3] You do not need to apply for a scholarship from AIT. Alternative, you may apply for a scholarship from your government or other organization. If you intend to do so, please contact us at the email provided below if you need supporting documents from AIT. What are the Advantages? The Open Master gives you the flexibility and academic freedom you need! Choose from all courses offered by AIT. Create your unique own curriculum. Blend engineering with business and sustainability with courses from all 3 schools. Combine your research interest and study with an internship or exchange. Stay out of the crowd with your unique curriculum and research

---

[rank 4] Some programs may have a lab for which you need to come to campus. In those cases, AIT will also support your visa. Apply Now Program brochure For more information Click this link Subscribe to our newsletter Subscribe to our newsletter Follow us on social media We use cookies on our website to give you the most relevant experience by remembering your preferences and repeat visits. By clicking “Accept All”, you consent to the use of ALL the cookies. However, you may visit ""Cookie Settings"" to provide a controlled consent. Cookie Settings Accept All Manage consent Close Privacy Overview This website uses cookies to improve your experience while you navigate through the website. Out of these, the cookies that are categorized as necessary are stored on your browser as they are essential for the working of basic functionalities of the website. We also use third-party cookies that help us analyze and understand how you use this website

---

[rank 5] Some programs may have a lab for which you need to come to campus. In those cases, AIT will also support your visa. Apply Now Program brochure For more information Click this link Subscribe to our newsletter Subscribe to our newsletter Follow us on social media We use cookies on our website to give you the most relevant experience by remembering your preferences and repeat visits. By clicking “Accept All”, you consent to the use of ALL the cookies. However, you may visit ""Cookie Settings"" to provide a controlled consent. Cookie Settings Accept All Manage consent Close Privacy Overview This website uses cookies to improve your experience while you navigate through the website. Out of these, the cookies that are categorized as necessary are stored on your browser as they are essential for the working of basic functionalities of the website. We also use third-party cookies that help us analyze and understand how you use this website",claim_level_sr,"The Premise explicitly states that AIT has scholarships, which directly supports the Hypothesis. The mention of limited scholarships and their application timeline also implies variability in details, aligning with the Hypothesis.","The premise explicitly states AIT does not offer scholarships directly, while the hypothesis claims AIT has limited scholarships for exchange programs, which directly contradicts the premise.","[{""claim"": ""AIT offers academic exchange programs and scholarships, though the details vary depending on the program and the student's circumstances."", ""label"": ""entails"", ""confidence"": 0.95, ""supported"": 1, ""rationale"": ""Premise confirms AIT has exchange programs (rank 1) and mentions scholarship opportunities (rank 3), with variations based on program requirements and student circumstances (ranks 4/5).""}, {""claim"": ""*Academic Exchange Programs**:"", ""label"": ""entails"", ""confidence"": 0.95, ""supported"": 1, ""rationale"": ""Premise explicitly mentions Exchange Students under non-degree agreements and references Erasmus Programs, both directly supporting the existence of Academic Exchange Programs.""}, {""claim"": ""AIT has partnerships with universities around the world, and students from these institutions can enroll at AIT as **Special Students (Exchange Students)** under non-degree academic exchange agreements."", ""label"": ""not_enough_info"", ""confidence"": 0.65, ""supported"": 0, ""rationale"": ""The premise confirms that students under non-degree exchange agreements can enroll as Special Students (Exchange Students), but it does not explicitly state that these agreements involve universities 'around the world,' only 'home universities,' which may not necessarily imply global partnerships.""}, {""claim"": ""These students are typically enrolled in certificate or special programs, which are non-degree programs designed to provide focused education in specific areas."", ""label"": ""entails"", ""confidence"": 0.95, ""supported"": 1, ""rationale"": ""Premise explicitly states that exchange students under non-degree agreements are enrolled as Special students, aligning with the hypothesis's claim about non-degree special programs. The term 'special students' directly corresponds to 'special programs' in the hypothesis.""}, {""claim"": ""Exchange students may also participate in internships, assistantships, and other student opportunities that enhance their learning experience."", ""label"": ""not_enough_info"", ""confidence"": 0.75, ""supported"": 0, ""rationale"": ""The premise mentions exchange students being enrolled as Special students and references student opportunities (e.g., Erasmus Programs, internships in Open Master context), but does not explicitly confirm all claims in the hypothesis (e.g., assistantships, specific opportunities).""}, {""claim"": ""*Scholarships**:"", ""label"": ""entails"", ""confidence"": 0.95, ""supported"": 1, ""rationale"": ""The premise explicitly states that applicants can apply for scholarships from their government or other organizations, supporting the hypothesis about alternative scholarship sources.""}, {""claim"": ""AIT does not offer scholarships directly to students."", ""label"": ""entails"", ""confidence"": 0.95, ""supported"": 1, ""rationale"": ""Premise explicitly states 'You do not need to apply for a scholarship from AIT' which directly supports the hypothesis that AIT does not offer scholarships directly to students.""}, {""claim"": ""However, students are encouraged to apply for scholarships from their home governments or other external organizations."", ""label"": ""not_enough_info"", ""confidence"": 0.95, ""supported"": 0, ""rationale"": ""Premise states students can apply for external scholarships but does not explicitly state they are encouraged to do so.""}]"
Are AIT programs offered on a full-time or part-time basis?,"The Asian Institute of Technology (AIT) offers its academic programs in both full-time and part-time formats, depending on the specific program and its structure.

For example, the **Flexible Master’s Option** allows students to study part-time, with a total flexible time to complete the program of **2 years full-time** or **4 years part-time**. This option provides flexibility in terms of time management and payment, as students can take courses online from home and pay course-by-course. However, students are still required to come to the AIT campus for certain activities such as labs, research work, and the graduation ceremony.

Additionally, some programs, such as the **Professional Master’s in Geotechnical Engineering and Management (PME-GEM)**, are offered on a **full-time basis** at the AIT Vietnam campus, with a structured schedule of classes held during weekdays and weekends.

In summary, AIT offers both full-time and part-time options for its academic programs, depending on the program's delivery mode and structure.","At the Asian Institute of Technology (AIT), academic programs are offered primarily on a full-time basis.

Key details

Most Master’s and Doctoral programs are full-time, with on-campus study required.

Programs are designed to be academically intensive, combining coursework, research, and/or thesis work that requires regular campus engagement.

Part-time study is generally not available for regular academic degree programs.

Some professional, executive, or short-term programs may offer more flexible formats, but these are exceptions and are program-specific.

Practical implication

Applicants should plan for full-time enrollment and residence in Thailand for the duration of their studies, especially for visa and academic requirements.

For confirmation on any program-specific flexibility, applicants should check the official program page or consult AIT Admissions, as availability may vary by program and intake.","[""https://ait.ac.th/admissions::c0001"", ""https://ait.ac.th/study/flexible-masters-option::c0002"", ""https://ait.ac.th/study/flexible-masters-option::c0001"", ""https://ait.ac.th/apply-online::c0000"", ""https://ait.ac.th/program/professional-master-in-geotechnical-engineering-and-management-pme-gem::c0004""]",entails,0.8333333333333334,1,0,0.8333333333333334,5,6,1,0.8,0,entails,0.95,not_enough_info,0.95,0,1,0,"[rank 1] Programs AIT provides students with distinctive opportunities to undertake their studies in rigorous and challenging ways. Each programs requires its own application for participation. Deadlines and notifications The AIT academic year consists of two semesters: January and August

---

[rank 2] Flexible Payment management, “pay as you study” , payment course-by-course. No need to come to the AIT Campus for most of your coursework. Work & Study at your own pace from any location. Cost The Flexible Master’s Option has the same cost as our regular “On-Campus Option”. However, all Schools provide AIT Scholarships for eligible candidates. To give you more flexibility, we allow you to pay course-by-course. You need to register for a minimum of 6 credits per semester (equivalent to 2 courses). You may take up to 15 credits per semester. How to Apply To apply, go to the AIT online application form by clicking here and choose “Flexible Master Degree” in the drop down menu of the selected program. Deadline The application is currently open. Payment First, you need to decide for how many courses you want to enrollee, the minimum enrollment is 6 credits which is equivalent to 2 courses. The Program Secretary can advise you on details

---

[rank 3] All classes are recorded for later viewing. After completion of the coursework, students can do their research or thesis in the AIT Campus at a flexible time. In coordination with the Program Chair, students may come to campus in short blocks or up to 11 months, typically for thesis research work. This is not an online program; students still need to come to the AIT Campus for certain activities such as labs or research work and the graduation ceremony. However, we will allow high flexibility for such activities at our beautiful green AIT Campus in Thailand. Total flexible time to complete the program is 2 years at full time and 4 years as part time. Advantages The Flexible Master’s Option gives you the flexibility you need! Flexible Time Management, “study when you’re free” , take courses online from home. Flexible Payment management, “pay as you study” , payment course-by-course. No need to come to the AIT Campus for most of your coursework

---

[rank 4] Apply Now for Admissions to AIT | AIT Online Application Home > Apply online Apply online AIT welcomes talented, high-achieving students who contribute a wide diversity of views, experiences and perspectives. In this section Admissions Eligibility Financial aid Tuition and fees Student housing Apply online Frequently Asked Questions Start your application Complete your Online Application by clicking the ‘Apply Now’ button below. Apply now Deadlines and notifications for Application The AIT academic year consists of two semesters: January and August

---

[rank 5] Be in satisfactory physical and mental health. Satisfy English requirements by AIT. Delivery Mode and Other Features The program will be delivered onsite in the AIT Vietnam campus during 1 year of full time studying, and in every weekday evening from 18:00-21:00, and Saturday from 9:00 – 12:00 & 13:30 – 16:30. Hybrid mode is available for those who are not able to join on-site. Students will need to complete a 33-credit curriculum, consisting of 24 credits of course work and 9 credits of internship in one year period. Teaching is conducted in English. Concerned Faculty Dr.",claim_level_sr,"The premise acknowledges that while most programs are full-time, exceptions exist for certain professional programs, aligning with the hypothesis' claim of format variability based on program structure.","The premise states AIT offers both full-time and part-time options depending on the program, but does not specify whether full-time is the primary mode. The hypothesis claims programs are 'primarily' full-time, which the premise neither confirms nor contradicts directly.","[{""claim"": ""The Asian Institute of Technology (AIT) offers its academic programs in both full-time and part-time formats, depending on the specific program and its structure."", ""label"": ""entails"", ""confidence"": 0.95, ""supported"": 1, ""rationale"": ""Premise explicitly mentions full-time (2 years) and part-time (4 years) options for program completion in rank 3, and describes varying delivery modes (online, hybrid, on-site) across different programs in ranks 2,3,5, supporting the hypothesis that formats depend on program structure.""}, {""claim"": ""For example, the **Flexible Master’s Option** allows students to study part-time, with a total flexible time to complete the program of **2 years full-time** or **4 years part-time**."", ""label"": ""entails"", ""confidence"": 0.95, ""supported"": 1, ""rationale"": ""Premise explicitly states the Flexible Master’s Option allows 2-year full-time and 4-year part-time completion, matching the hypothesis.""}, {""claim"": ""This option provides flexibility in terms of time management and payment, as students can take courses online from home and pay course-by-course."", ""label"": ""entails"", ""confidence"": 0.95, ""supported"": 1, ""rationale"": ""Premise explicitly states Flexible Master’s Option allows course-by-course payment and online study from home, directly supporting hypothesis claims.""}, {""claim"": ""However, students are still required to come to the AIT campus for certain activities such as labs, research work, and the graduation ceremony."", ""label"": ""entails"", ""confidence"": 0.95, ""supported"": 1, ""rationale"": ""Rank 3 explicitly states students must come to AIT campus for labs, research work, and graduation ceremonies, matching the hypothesis exactly.""}, {""claim"": ""Additionally, some programs, such as the **Professional Master’s in Geotechnical Engineering and Management (PME-GEM)**, are offered on a **full-time basis** at the AIT Vietnam campus, with a structured schedule of classes held during weekdays and weekends."", ""label"": ""not_enough_info"", ""confidence"": 0.95, ""supported"": 0, ""rationale"": ""The premise mentions a program offered full-time at AIT Vietnam campus with weekday/weekend classes but does not specify the program's name as PME-GEM. The hypothesis introduces a specific program not referenced in the premise.""}, {""claim"": ""In summary, AIT offers both full-time and part-time options for its academic programs, depending on the program's delivery mode and structure."", ""label"": ""entails"", ""confidence"": 0.95, ""supported"": 1, ""rationale"": ""The premise explicitly mentions full-time and part-time options (e.g., 2-year full-time vs 4-year part-time for Flexible Master’s Option, and full-time onsite with hybrid flexibility for Vietnam campus program), directly supporting the hypothesis that AIT offers both options based on program structure.""}]"
How long does it typically take to complete a Master’s program at AIT?,"The typical duration of a Master’s program at AIT varies depending on the specific program and its structure. Here is a clear breakdown:

1. **Traditional Master’s Programs**: These programs generally take **two years** to complete. They include coursework, thesis work, internships, and exchange opportunities, which are not part of the accelerated one-year programs.

2. **One-Year Master’s Degree Programs (Accelerated)**: AIT offers **accelerated master’s programs** that can be completed in **two semesters (approximately 10 months)**. These programs provide the same coursework knowledge as traditional two-year master’s programs but in a more condensed format.

3. **Flexible Master’s Option**: This is a part-time option that allows students to complete the program in **2 years full-time** or **4 years part-time**. While students can take courses online from home, they are still required to come to the AIT campus for certain activities such as labs, research work, and the graduation ceremony.

In summary, the standard full-time Master’s program at AIT takes **two years**, while the accelerated option can be completed in **10 months**, and the flexible part-time option allows for completion in **2 to 4 years**.","2 Year Master’s Degree students normally study for 22 months (enrolled in August Intake) and 24 months (enrolled in January Intake) which includes four semesters, two short breaks and one long break between semesters. Doctoral students study for at least 42 months or seven semesters. 1-year Master, Professional Master Program and the Diploma Programs are at least 12 months or two semesters and the Certificate Program is 5 months or one semester.","[""https://ait.ac.th/program/nanosystems-engineering-nse::c0008"", ""https://ait.ac.th/study/one-year-masters-degree-program::c0002"", ""https://ait.ac.th/study/flexible-masters-option::c0001"", ""https://ait.ac.th/program/professional-master-in-banking-and-finance::c0002"", ""https://ait.ac.th/study/flexible-masters-option::c0006""]",not_enough_info,0.625,0,1,0.625,5,8,0,0.8,0,contradicts,0.95,contradicts,0.95,0,0,1,"[rank 1] Unified Master’s Program This program links AIT to partner universities, allowing students to earn a Bachelor’s degree and a Master’s degree as early as 5 years!  The curriculum structure of the 2-year master program is designed in order for students to get a chance to complete it in 1.5 years.  Partner University’s sound foundation and challenging undergraduate offerings combined with AIT’s emphasis on research and innovation for social impact and international exposure. The Bachelor’s Degree will be awarded by Partner University while the Master’s Degree will be awarded by AIT. Undergrads will spend their first seven semesters (3.5 years) of bachelor’s studies at the Partner University, then continue for the master program or complete the remaining portion of the bachelor’s program in AIT leading to a Master’s degree

---

[rank 2] OBTAIN SAME COUREWORK KNOWLEDGE AS THOSE TAKING REGULAR/TRADITIONAL MASTERS PROGRAMS: At AIT, students taking the accelerated option sit in the same classes at those taking two years programs. The only difference is that regular Master’s Programs include thesis, internship, exchange and ‘minors’ options (note: for those who might want to complete a PhD in the future, completion of a research thesis when completing a Master’s is a highly recommended path). AIT Programs that can be completed in two semesters (10 months) Please click on the link to find out more information about each program

---

[rank 3] All classes are recorded for later viewing. After completion of the coursework, students can do their research or thesis in the AIT Campus at a flexible time. In coordination with the Program Chair, students may come to campus in short blocks or up to 11 months, typically for thesis research work. This is not an online program; students still need to come to the AIT Campus for certain activities such as labs or research work and the graduation ceremony. However, we will allow high flexibility for such activities at our beautiful green AIT Campus in Thailand. Total flexible time to complete the program is 2 years at full time and 4 years as part time. Advantages The Flexible Master’s Option gives you the flexibility you need! Flexible Time Management, “study when you’re free” , take courses online from home. Flexible Payment management, “pay as you study” , payment course-by-course. No need to come to the AIT Campus for most of your coursework

---

[rank 4] The minimum GPA requirement for admission to the Masters Program is 2.75 or equivalent, at the Bachelor degree level; English Proficiency Requirement: AIT-EET:6 or IELTS- Academic:6 (writing 6) or TOEFL Paper: 550 (writing 59-61) or TOEFL CBT: 213 (writing 25-26): TOEFL IBT: 80 (writing 21-23); For the PM degree program, in addition to the above-mentioned eligibility requirements, an applicant must: have at least 3 years of work experience in areas related to the academic program at AIT and be executives in organizations/companies. Be in satisfactory physical and mental health. Satisfy English requirements by AIT. Delivery Mode The program is delivered using a combination of methods such as interactive self-learning, live classroom, face-to-face classroom in AIT campus. Each course (except the integrative module) will be delivered over 3 to 4 weeks

---

[rank 5] Choose “Flexible Master Degree” in the drop-down menu of the selected program. How many courses I need to take minimum for every semester and how many courses maximum? You need to register for a minimum of 2 courses per semester (6 credits) and a maximum of 15 credits. How fast can I complete my master degree choosing the Flexible Master’s Option? The fastest completion time is similar to our full-time on-campus masters within a period of 2 academic years. How long I am allowed to study to complete the Flexible Master’s Option? The maximum study period is 4 academic years. How can I pay? You can pay by money transfer; the details are at this webpage: Payment Advice If I chose the Flexible Master’s Option, am I allowed to attend classes on the AIT campus? Yes, you can attend the classes on campus as well. That’s up to you if you follow classes online via our Hybrid Mode or come to the classroom on campus. However, AIT does not support visas for non-Thai students during coursework time",claim_level_sr,"The premise states 1-year Master's programs are at least 12 months (two semesters), but the hypothesis claims accelerated programs take ~10 months, directly contradicting the premise's minimum duration.","The premise states accelerated 1-year Master’s programs take 10 months (two semesters), but the hypothesis claims they are at least 12 months or two semesters, directly contradicting the premise's duration.","[{""claim"": ""The typical duration of a Master’s program at AIT varies depending on the specific program and its structure."", ""label"": ""entails"", ""confidence"": 0.95, ""supported"": 1, ""rationale"": ""The premise describes multiple Master’s program structures (e.g., Unified Program, Accelerated Option, Flexible Option) with varying durations (1.5 years, 2-4 years, 10 months), directly supporting the hypothesis that duration depends on program structure.""}, {""claim"": ""Here is a clear breakdown:"", ""label"": ""not_enough_info"", ""confidence"": 0.95, ""supported"": 0, ""rationale"": ""The Hypothesis is not clearly defined in the input, making it impossible to evaluate entailment or contradiction based on the provided Premise.""}, {""claim"": ""**Traditional Master’s Programs**: These programs generally take **two years** to complete."", ""label"": ""not_enough_info"", ""confidence"": 0.95, ""supported"": 0, ""rationale"": ""The premises mention accelerated and flexible master's options with durations (e.g., 2 years for flexible, 10 months for accelerated), but do not explicitly state that traditional master's programs generally take two years. The hypothesis assumes traditional programs take two years, but the premises lack direct confirmation of this duration for traditional programs.""}, {""claim"": ""They include coursework, thesis work, internships, and exchange opportunities, which are not part of the accelerated one-year programs."", ""label"": ""entails"", ""confidence"": 0.95, ""supported"": 1, ""rationale"": ""Premise explicitly states regular master's programs include thesis, internships, exchange, and minors, while the accelerated option (same classes as regular programs) does not include these elements, supporting the hypothesis that these are not part of accelerated one-year programs.""}, {""claim"": ""**One-Year Master’s Degree Programs (Accelerated)**: AIT offers **accelerated master’s programs** that can be completed in **two semesters (approximately 10 months)**."", ""label"": ""entails"", ""confidence"": 0.95, ""supported"": 1, ""rationale"": ""Rank 2 explicitly states AIT offers programs completed in two semesters (10 months), matching the hypothesis' claim about accelerated master’s degrees.""}, {""claim"": ""These programs provide the same coursework knowledge as traditional two-year master’s programs but in a more condensed format."", ""label"": ""not_enough_info"", ""confidence"": 0.75, ""supported"": 0, ""rationale"": ""The premise confirms some programs (e.g., accelerated option) share same coursework as traditional two-year masters but in condensed format. However, other programs (e.g., flexible master's) allow longer durations (up to 4 years), contradicting the universal claim in the hypothesis about all programs being condensed.""}, {""claim"": ""**Flexible Master’s Option**: This is a part-time option that allows students to complete the program in **2 years full-time** or **4 years part-time**."", ""label"": ""entails"", ""confidence"": 0.95, ""supported"": 1, ""rationale"": ""Premise explicitly states the Flexible Master’s Option allows completion in 2 years full-time or 4 years part-time, matching the hypothesis exactly.""}, {""claim"": ""While students can take courses online from home, they are still required to come to the AIT campus for certain activities such as labs, research work, and the graduation ceremony."", ""label"": ""entails"", ""confidence"": 1.0, ""supported"": 1, ""rationale"": ""Premise explicitly states students must attend AIT campus for labs, research, and graduation ceremonies, aligning with hypothesis.""}]"
How long does it take to complete a PhD program at AIT?,"The typical duration of a PhD program at AIT is **6 years** when following the **Flexible Ph.D. Option**. This option allows students to complete their program at their own pace, with the flexibility to take courses online from home and only come to the AIT campus for specific activities such as labs, research work, and the graduation ceremony. 

While the Flexible Ph.D. Option provides a total flexible time of **6 years**, it is important to note that the program is not fully online. Students are still required to come to campus for certain academic activities. Additionally, the program has the same cost as the regular ""On-Campus Option,"" and AIT offers scholarships for eligible candidates.

In summary, the **Flexible Ph.D. Option** typically takes **6 years** to complete, offering students the flexibility to balance their studies with other commitments.","2 Year Master’s Degree students normally study for 22 months (enrolled in August Intake) and 24 months (enrolled in January Intake) which includes four semesters, two short breaks and one long break between semesters. Doctoral students study for at least 42 months or seven semesters. 1-year Master, Professional Master Program and the Diploma Programs are at least 12 months or two semesters and the Certificate Program is 5 months or one semester.","[""https://ait.ac.th/study/flexible-phd-option::c0001"", ""https://ait.ac.th/program/environmental-engineering-and-management::c0005"", ""https://ait.ac.th/study/one-year-masters-degree-program::c0002"", ""https://ait.ac.th/program/water-engineering-and-management-wem::c0006"", ""https://ait.ac.th/study/flexible-masters-option::c0001""]",not_enough_info,0.75,0,1,0.75,6,8,0,0.8,0,not_enough_info,1.0,not_enough_info,0.25,0,0,0,"[rank 1] In coordination with the Program Chair, students may come to campus in short blocks or for entire semesters. This is not an online program; students still need to come to the AIT Campus for certain activities such as labs or research work and the graduation ceremony. However, we will allow high flexibility for such activities at our beautiful green AIT Campus in Thailand. The total flexible time to complete the program is 6 years. Advantages The Flexible Ph.D. Option gives you the flexibility you need! Flexible Time Management, “study when you’re free”, take courses online from home. Flexible Payment management, “pay as you study”, payment course-by-course. No need to come to the AIT Campus for most of your coursework. Work & Study at your own pace from any location. Cost The Flexible Ph.D. Option has the same cost as our regular “On-Campus Option”. However, all Schools provide AIT Scholarships for eligible candidates. To give you more flexibility, we allow you to pay course-by-course

---

[rank 2] Doctoral Program The Doctoral program requires a minimum of 84 credits that comprise a minimum of 12 credits of coursework at AIT, which may include 3-credits of special study. This minimum credit requirement must be completed before the student is advanced to candidacy. The dissertation is worth 72 credits for the regular doctoral program. Concerned Faculty Members Prof.

---

[rank 3] OBTAIN SAME COUREWORK KNOWLEDGE AS THOSE TAKING REGULAR/TRADITIONAL MASTERS PROGRAMS: At AIT, students taking the accelerated option sit in the same classes at those taking two years programs. The only difference is that regular Master’s Programs include thesis, internship, exchange and ‘minors’ options (note: for those who might want to complete a PhD in the future, completion of a research thesis when completing a Master’s is a highly recommended path). AIT Programs that can be completed in two semesters (10 months) Please click on the link to find out more information about each program

---

[rank 4] Doctoral Program The Doctoral program requires a minimum of 84 credits that comprise a minimum of 12 credits of coursework at AIT, which may include 3-credits of special study. This minimum credit requirement must be completed before the student is advanced to candidacy. The dissertation is worth 72 credits for the regular doctoral program. Concerned Faculty Prof. Sangam Shrestha Professor, Director Dr.

---

[rank 5] All classes are recorded for later viewing. After completion of the coursework, students can do their research or thesis in the AIT Campus at a flexible time. In coordination with the Program Chair, students may come to campus in short blocks or up to 11 months, typically for thesis research work. This is not an online program; students still need to come to the AIT Campus for certain activities such as labs or research work and the graduation ceremony. However, we will allow high flexibility for such activities at our beautiful green AIT Campus in Thailand. Total flexible time to complete the program is 2 years at full time and 4 years as part time. Advantages The Flexible Master’s Option gives you the flexibility you need! Flexible Time Management, “study when you’re free” , take courses online from home. Flexible Payment management, “pay as you study” , payment course-by-course. No need to come to the AIT Campus for most of your coursework",claim_level_sr,The premise provides duration for doctoral students (at least 42 months) but does not mention the Flexible Ph.D. Option or its 6-year duration. The hypothesis introduces new claims about a specific program structure not described in the premise.,"Premise only discusses AIT's Flexible Ph.D. Option duration and structure, while hypothesis makes claims about unrelated Master's/Doctoral programs with specific duration metrics that are not addressed in the premise.","[{""claim"": ""The typical duration of a PhD program at AIT is **6 years** when following the **Flexible Ph.D."", ""label"": ""entails"", ""confidence"": 0.95, ""supported"": 1, ""rationale"": ""The premise explicitly states that the Flexible Ph.D. Option has a total flexible time of 6 years, directly supporting the hypothesis' claim about the typical duration.""}, {""claim"": ""Option**."", ""label"": ""not_enough_info"", ""confidence"": 0.95, ""supported"": 0, ""rationale"": ""Hypothesis is incomplete and lacks specific claims about program options. Premise describes multiple options (Flexible Ph.D., Flexible Master's, etc.) but cannot validate unspecified claims.""}, {""claim"": ""This option allows students to complete their program at their own pace, with the flexibility to take courses online from home and only come to the AIT campus for specific activities such as labs, research work, and the graduation ceremony."", ""label"": ""entails"", ""confidence"": 0.95, ""supported"": 1, ""rationale"": ""The premise explicitly states students can take courses online from home, have flexible time management, and must come to campus only for specific activities like labs, research, and graduation ceremonies, fully supporting the hypothesis.""}, {""claim"": ""While the Flexible Ph.D."", ""label"": ""not_enough_info"", ""confidence"": 1.0, ""supported"": 0, ""rationale"": ""The Hypothesis is incomplete and cut off, making it impossible to determine entailment or contradiction.""}, {""claim"": ""Option provides a total flexible time of **6 years**, it is important to note that the program is not fully online."", ""label"": ""entails"", ""confidence"": 1.0, ""supported"": 1, ""rationale"": ""Premise explicitly states the Flexible Ph.D. Option has a total flexible time of 6 years and confirms it is not fully online, directly supporting both claims in the hypothesis.""}, {""claim"": ""Students are still required to come to campus for certain academic activities."", ""label"": ""entails"", ""confidence"": 1.0, ""supported"": 1, ""rationale"": ""Premise explicitly states students must come to campus for labs, research, and graduation ceremonies, directly supporting the hypothesis.""}, {""claim"": ""Additionally, the program has the same cost as the regular \""On-Campus Option,\"" and AIT offers scholarships for eligible candidates."", ""label"": ""entails"", ""confidence"": 0.95, ""supported"": 1, ""rationale"": ""Premise explicitly states the Flexible Ph.D. Option has same cost as On-Campus Option and all Schools provide AIT Scholarships for eligible candidates, matching both claims in the hypothesis.""}, {""claim"": ""In summary, the **Flexible Ph.D."", ""label"": ""entails"", ""confidence"": 0.95, ""supported"": 1, ""rationale"": ""The premise explicitly states the Flexible Ph.D. Option allows online coursework, requires campus visits for labs/research, has a 6-year flexible timeline, and offers scholarships—matching the hypothesis' summary of key features.""}]"
Are there non-thesis or coursework-only program options at AIT?,"**How Long Does It Take to Complete a PhD Program at AIT?**

The typical duration of a **PhD program at AIT** is **6 years** when following the **Flexible Ph.D. Option**. This option is designed to provide students with the flexibility to balance their studies with other commitments, such as work or personal responsibilities.

### Key Details of the Flexible Ph.D. Option:

- **Duration**: 6 years (flexible timeline).
- **Format**: Not fully online. Students are required to come to the AIT campus for certain academic activities, such as labs, research work, and the graduation ceremony.
- **Coursework**: Students can take courses online via AIT’s Hybrid Mode of Instruction, similar to the Flexible Master’s Option.
- **Thesis/Research**: After completing the coursework, students can conduct their research or thesis work at the AIT campus at a flexible time.
- **Payment**: Students can pay course-by-course, offering flexibility in financial management.
- **Academic Requirements**: The same academic requirements apply as the regular ""On-Campus Option,"" ensuring the same quality of education and degree.

### Additional Notes:

- **Scholarships**: While AIT does not offer direct scholarships, students are encouraged to apply for scholarships from their home governments or other external organizations. AIT can provide supporting documents if needed.
- **Program Structure**: The PhD program is structured to allow students to design their own research path, often in collaboration with supervisors and co-supervisors, and to integrate interdisciplinary research across AIT’s schools.

### Summary:

- **Standard PhD Duration**: 6 years (Flexible Option).
- **Not Fully Online**: Students must come to campus for labs, research, and the graduation ceremony.
- **Flexibility**: Offers flexibility in time management, payment, and course selection.
- **Same Degree**: Students receive the same degree as those in the traditional on-campus program.

This structure allows students to pursue advanced research while maintaining a balance with other life commitments, making the PhD program at AIT accessible and adaptable to a wide range of students.","Yes — AIT offers alternative study formats that are not strictly the traditional full-time, on-campus thesis route, though a completely coursework-only master’s without research is not the standard structure for degrees. What does exist are flexible options that change how coursework and research are delivered:

Flexible Master’s Option (Hybrid / Flexible Coursework)

AIT’s Flexible Master’s Option allows students to complete most coursework online via hybrid instruction while still being required to do research or thesis work on campus later.

This option gives flexibility in where and how coursework is taken and allows study at the student’s own pace, but it still leads to the same full Master’s degree and includes research or thesis components as required by the program.

Students may spread study over up to four years under this option.

This demonstrates that coursework delivery can be structured differently, even though full coursework-only degrees are not the primary degree format.","[""https://ait.ac.th/study/one-year-masters-degree-program::c0002"", ""https://ait.ac.th/study/open-master-of-engineering-science-in-interdisciplinary-studies-omis::c0005"", ""https://ait.ac.th/study/open-master-of-engineering-science-in-interdisciplinary-studies-omis::c0004"", ""https://ait.ac.th/study/flexible-masters-option::c0000"", ""https://ait.ac.th/study/flexible-masters-option::c0001""]",not_enough_info,0.25,0,1,0.25,2,8,0,0.8,0,not_enough_info,1.0,entails,0.95,0,1,0,"[rank 1] OBTAIN SAME COUREWORK KNOWLEDGE AS THOSE TAKING REGULAR/TRADITIONAL MASTERS PROGRAMS: At AIT, students taking the accelerated option sit in the same classes at those taking two years programs. The only difference is that regular Master’s Programs include thesis, internship, exchange and ‘minors’ options (note: for those who might want to complete a PhD in the future, completion of a research thesis when completing a Master’s is a highly recommended path). AIT Programs that can be completed in two semesters (10 months) Please click on the link to find out more information about each program

---

[rank 2] Combine your research interest and study with an internship or exchange. Stay out of the crowd with your unique curriculum and research. What are the Details of the Curriculum? With the program’s emphasis on multidisciplinary research, the following program structure is allowed: 24-credit coursework + 24-credit thesis 24-credit coursework + 12-credit internship or exchange + 12-credit research study 36-credits coursework + 12 credits research study Admitted students will design their individualized study program with their supervisors and co-supervisors. The study plan can be tailored for each student to best suit his/her interests and to fulfill the multidisciplinary research goal. Hence, with the supervisor recommendations and approvals, students can select any relevant courses from any programs/schools within AIT

---

[rank 3] You do not need to apply for a scholarship from AIT. Alternative, you may apply for a scholarship from your government or other organization. If you intend to do so, please contact us at the email provided below if you need supporting documents from AIT. What are the Advantages? The Open Master gives you the flexibility and academic freedom you need! Choose from all courses offered by AIT. Create your unique own curriculum. Blend engineering with business and sustainability with courses from all 3 schools. Combine your research interest and study with an internship or exchange. Stay out of the crowd with your unique curriculum and research

---

[rank 4] Flexible Master’s Option - Asian Institute of Technology Home > Flexible Master’s Option Flexible Master’s Option The “Flexible Master’s Option” is a new alternative to our traditional “On-campus Master Option” to conduct Master studies at AIT. It is applicable to selected programs at all of our schools. Students will receive the same degree and the same academic requirements apply as the program offered in our regular “On-campus Option”. Students can do almost all coursework online via AIT’s Hybrid Mode of Instruction (certain programs may require a lab and research work on campus). How it Works Typically, the 1st year is online via AIT’s Hybrid Instruction. Students may spread coursework over more than one year. Students take the same course offered to on-campus students via Hybrid Mode. All classes are recorded for later viewing. After completion of the coursework, students can do their research or thesis in the AIT Campus at a flexible time

---

[rank 5] All classes are recorded for later viewing. After completion of the coursework, students can do their research or thesis in the AIT Campus at a flexible time. In coordination with the Program Chair, students may come to campus in short blocks or up to 11 months, typically for thesis research work. This is not an online program; students still need to come to the AIT Campus for certain activities such as labs or research work and the graduation ceremony. However, we will allow high flexibility for such activities at our beautiful green AIT Campus in Thailand. Total flexible time to complete the program is 2 years at full time and 4 years as part time. Advantages The Flexible Master’s Option gives you the flexibility you need! Flexible Time Management, “study when you’re free” , take courses online from home. Flexible Payment management, “pay as you study” , payment course-by-course. No need to come to the AIT Campus for most of your coursework",claim_level_sr,"The premise only discusses AIT's Flexible Master’s Option and does not mention PhD programs, their structure, or duration. The hypothesis introduces a ""Flexible Ph.D. Option"" with specific details not covered in the premise.","The premise explicitly describes the Flexible Master’s Option as a hybrid format with online coursework, campus-based research, and flexible pacing, directly supporting all claims in the hypothesis about alternative study formats and their structure.","[{""claim"": ""*How Long Does It Take to Complete a PhD Program at AIT?**"", ""label"": ""not_enough_info"", ""confidence"": 1.0, ""supported"": 0, ""rationale"": ""The premise exclusively discusses Master's programs, their structures, and flexibility options. There is no mention of PhD program durations or requirements at AIT in the provided text.""}, {""claim"": ""The typical duration of a **PhD program at AIT** is **6 years** when following the **Flexible Ph.D."", ""label"": ""not_enough_info"", ""confidence"": 1.0, ""supported"": 0, ""rationale"": ""Premise only discusses Master's programs (e.g., Flexible Master’s Option durations of 2 years full-time/4 years part-time) and thesis recommendations for PhD preparation. No information is provided about PhD program durations at AIT.""}, {""claim"": ""Option**."", ""label"": ""not_enough_info"", ""confidence"": 0.6, ""supported"": 0, ""rationale"": ""The hypothesis is incomplete and lacks specific details about which option is being referenced, making it impossible to determine entailment or contradiction.""}, {""claim"": ""This option is designed to provide students with the flexibility to balance their studies with other commitments, such as work or personal responsibilities."", ""label"": ""entails"", ""confidence"": 0.95, ""supported"": 1, ""rationale"": ""Premises 4 and 5 explicitly describe flexible time management, online coursework, and options to spread studies over multiple years, directly supporting the hypothesis about balancing studies with other commitments.""}, {""claim"": ""### Key Details of the Flexible Ph.D."", ""label"": ""not_enough_info"", ""confidence"": 1.0, ""supported"": 0, ""rationale"": ""The premise exclusively discusses Master's programs (accelerated, flexible, etc.) and their structures, but contains no information about Ph.D. programs, their flexibility, or any details related to a 'Flexible Ph.D.'""}, {""claim"": ""Option:"", ""label"": ""not_enough_info"", ""confidence"": 0.95, ""supported"": 0, ""rationale"": ""The hypothesis is incomplete and lacks specific claims to evaluate against the premises provided.""}, {""claim"": ""**Duration**: 6 years (flexible timeline)."", ""label"": ""not_enough_info"", ""confidence"": 0.95, ""supported"": 0, ""rationale"": ""Premise mentions flexible timelines up to 4 years part-time (rank 5) but does not mention or support a 6-year duration.""}, {""claim"": ""**Format**: Not fully online."", ""label"": ""entails"", ""confidence"": 0.95, ""supported"": 1, ""rationale"": ""The premise explicitly describes the Flexible Master’s Option as a hybrid program requiring campus visits for labs/research, confirming it is not fully online.""}]"
"Does AIT offer short courses, certificates, or professional training programs?","### **How Long Does It Take to Complete a PhD Program at AIT?**

The **PhD program at AIT** typically takes **6 years** when following the **Flexible Ph.D. Option**. This option is designed to provide students with the flexibility to balance their studies with other commitments, such as work or personal responsibilities.

---

### **Key Details of the Flexible Ph.D. Option:**

- **Duration**: 6 years (flexible timeline).
- **Format**: Not fully online. Students are required to come to the AIT campus for certain academic activities, such as labs, research work, and the graduation ceremony.
- **Coursework**: Students can take courses online via AIT’s Hybrid Mode of Instruction, similar to the Flexible Master’s Option.
- **Thesis/Research**: After completing the coursework, students can conduct their research or thesis work at the AIT campus at a flexible time.
- **Payment**: Students can pay course-by-course, offering flexibility in financial management.
- **Academic Requirements**: The same academic requirements apply as the regular ""On-Campus Option,"" ensuring the same quality of education and degree.

---

### **Are There Non-Thesis or Coursework-Only Program Options at AIT?**

AIT does **not offer non-thesis or coursework-only program options** for its **PhD programs**. All PhD programs at AIT require students to complete a **research-based thesis** as part of their degree. This is consistent with the academic standards and research focus of AIT, which emphasizes original research and scholarly contribution.

However, AIT does offer **flexible options** for students who may need to balance their studies with other commitments. These include:

- **Flexible Ph.D. Option**: As described above, this allows students to complete their program over 6 years, with a mix of online and on-campus activities.
- **Hybrid Mode of Instruction**: Students can take courses online while still being required to attend campus for certain academic activities.

---

### **Summary:**

- **PhD Duration**: 6 years (Flexible Option).
- **Not Fully Online**: Students must come to campus for labs, research, and the graduation ceremony.
- **Thesis Requirement**: All PhD programs require a research-based thesis.
- **Flexibility**: Offers flexibility in time management, payment, and course selection.
- **Same Degree**: Students receive the same degree as those in the traditional on-campus program.

This structure allows students to pursue advanced research while maintaining a balance with other life commitments, making the PhD program at AIT accessible and adaptable to a wide range of students.","Yes. The Asian Institute of Technology (AIT) does offer short courses, certificate programs, and professional / executive training, in addition to its degree programs.

Types of Non-Degree & Professional Offerings at AIT

Short courses and professional training

Targeted programs for working professionals, organizations, and government agencies

Focus areas include engineering, technology, management, environment, sustainability, and development

Certificate and diploma programs

Skill-oriented and practice-focused

Often delivered in intensive or modular formats

Executive and professional education

Offered through AIT’s schools and specialized centers

Includes leadership, management, policy, and technical training","[""https://ait.ac.th/admissions::c0001"", ""https://www.ait.ac.th/about::c0002"", ""https://www.ait.ac.th/about::c0002"", ""https://ait.ac.th/program/professional-master-in-environment-social-and-governance-esg::c0003"", ""https://ait.ac.th/study/one-year-masters-degree-program::c0002""]",not_enough_info,0.125,0,1,0.125,1,8,0,0.8,0,not_enough_info,1.0,not_enough_info,0.95,0,0,0,"[rank 1] Programs AIT provides students with distinctive opportunities to undertake their studies in rigorous and challenging ways. Each programs requires its own application for participation. Deadlines and notifications The AIT academic year consists of two semesters: January and August

---

[rank 2] Charter of the AIT AIT Enabling Act AIT Bye-Laws What we offer We believe our university is enriched by having students and staff from a wide variety of backgrounds. Higher education should be open to everyone who has the ability and potential to benefit from it Masters degrees MBA, MEng, MSc Executive Master Degree Programs Doctoral Degrees DEng, DTechSc, PhD, DBA Certificate and Special Program Intensive English & academic bridging program Non-degree continuing education courses Education for SDGs Awards and Recognition 1987 Science and Technology for Development Award presented to AIT by the United States Agency for International Development and the National Research Council for effectively transferring industrial technology and skills to the developing world, by training scientists and engineers from Asian countries

---

[rank 3] Charter of the AIT AIT Enabling Act AIT Bye-Laws What we offer We believe our university is enriched by having students and staff from a wide variety of backgrounds. Higher education should be open to everyone who has the ability and potential to benefit from it Masters degrees MBA, MEng, MSc Executive Master Degree Programs Doctoral Degrees DEng, DTechSc, PhD, DBA Certificate and Special Program Intensive English & academic bridging program Non-degree continuing education courses Education for SDGs Awards and Recognition 1987 Science and Technology for Development Award presented to AIT by the United States Agency for International Development and the National Research Council for effectively transferring industrial technology and skills to the developing world, by training scientists and engineers from Asian countries

---

[rank 4] Students benefit from AIT’s hybrid multi-modal teaching model that combines online and in-class instruction with extensive practical exposure. Apply Now For more information [email protected] Subscribe to our newsletter Subscribe to our newsletter Follow us on social media We use cookies on our website to give you the most relevant experience by remembering your preferences and repeat visits. By clicking “Accept All”, you consent to the use of ALL the cookies. However, you may visit ""Cookie Settings"" to provide a controlled consent. Cookie Settings Accept All Manage consent Close Privacy Overview This website uses cookies to improve your experience while you navigate through the website. Out of these, the cookies that are categorized as necessary are stored on your browser as they are essential for the working of basic functionalities of the website. We also use third-party cookies that help us analyze and understand how you use this website

---

[rank 5] OBTAIN SAME COUREWORK KNOWLEDGE AS THOSE TAKING REGULAR/TRADITIONAL MASTERS PROGRAMS: At AIT, students taking the accelerated option sit in the same classes at those taking two years programs. The only difference is that regular Master’s Programs include thesis, internship, exchange and ‘minors’ options (note: for those who might want to complete a PhD in the future, completion of a research thesis when completing a Master’s is a highly recommended path). AIT Programs that can be completed in two semesters (10 months) Please click on the link to find out more information about each program",claim_level_sr,"The premise only discusses non-degree and professional programs at AIT, while the hypothesis specifically addresses PhD program duration and structure, which are not mentioned or implied in the premise.","The premise details PhD program structure but does not mention short courses, certificate programs, or professional training offerings beyond the PhD programs.","[{""claim"": ""### **How Long Does It Take to Complete a PhD Program at AIT?**"", ""label"": ""not_enough_info"", ""confidence"": 1.0, ""supported"": 0, ""rationale"": ""The premise mentions Master's programs taking two semesters but provides no specific information about the duration of PhD programs at AIT.""}, {""claim"": ""The **PhD program at AIT** typically takes **6 years** when following the **Flexible Ph.D."", ""label"": ""not_enough_info"", ""confidence"": 1.0, ""supported"": 0, ""rationale"": ""The premises provide no information about the duration of AIT's PhD programs, including the Flexible Ph.D. option.""}, {""claim"": ""Option**."", ""label"": ""not_enough_info"", ""confidence"": 1.0, ""supported"": 0, ""rationale"": ""The hypothesis \""Option**\"" is incomplete and lacks specific claims to evaluate against the premises, which describe programs, application processes, and academic structures but do not mention any specific options.""}, {""claim"": ""This option is designed to provide students with the flexibility to balance their studies with other commitments, such as work or personal responsibilities."", ""label"": ""not_enough_info"", ""confidence"": 0.75, ""supported"": 0, ""rationale"": ""The premise describes program structures (accelerated/regular, hybrid models) but does not explicitly mention flexibility for balancing studies with work/personal commitments. While accelerated programs might imply time efficiency, the hypothesis' specific claim about balancing commitments is not directly supported or contradicted by the provided information.""}, {""claim"": ""### **Key Details of the Flexible Ph.D."", ""label"": ""not_enough_info"", ""confidence"": 0.95, ""supported"": 0, ""rationale"": ""The premise does not mention any details about a flexible Ph.D. program, only information about Masters degrees, hybrid teaching models, and application processes.""}, {""claim"": ""Option:**"", ""label"": ""not_enough_info"", ""confidence"": 0.95, ""supported"": 0, ""rationale"": ""The hypothesis is incomplete or missing, making it impossible to determine entailment/contradiction.""}, {""claim"": ""**Duration**: 6 years (flexible timeline)."", ""label"": ""not_enough_info"", ""confidence"": 0.95, ""supported"": 0, ""rationale"": ""Premise mentions programs completed in two semesters (10 months) and academic year structure but does not specify any program duration of 6 years. No information supports or contradicts the 6-year claim.""}, {""claim"": ""**Format**: Not fully online."", ""label"": ""entails"", ""confidence"": 0.95, ""supported"": 1, ""rationale"": ""The premise mentions a hybrid multi-modal teaching model combining online and in-class instruction, directly supporting that the format is not fully online.""}]"
What are the requirements to apply to AIT?,"**Does AIT Offer Short Courses, Certificates, or Professional Training Programs?**

Yes, **Asian Institute of Technology (AIT)** offers a variety of **short courses, certificates, and professional training programs** designed to meet the needs of working professionals, industry leaders, and individuals seeking to enhance their skills in specific technical and managerial areas.

---

### ✅ **Types of Programs Offered by AIT:**

#### 1. **Short Courses**
AIT provides **short-term, intensive courses** that focus on specific technical or managerial topics. These courses are often tailored for professionals who want to gain in-depth knowledge without committing to a full degree program.

- **Examples of Short Courses:**
  - Project Management
  - Sustainable Energy Systems
  - Smart Grid Technologies
  - Renewable Energy Systems
  - Data Analytics for Engineering
  - Environmental Impact Assessment

- **Duration:** Typically 1–3 months, depending on the course.

- **Delivery Mode:** Can be **online**, **on-campus**, or **hybrid** (a mix of both).

- **Target Audience:** Working professionals, industry practitioners, and individuals seeking to upskill.

---

#### 2. **Certificates**
AIT offers **certificate programs** that provide structured learning in specialized areas. These programs are often shorter than full degree programs and can be completed in a few months.

- **Examples of Certificate Programs:**
  - Certificate in Sustainable Energy Systems
  - Certificate in Smart Grid Technologies
  - Certificate in Environmental Management
  - Certificate in Project Management

- **Duration:** Usually 3–6 months.

- **Delivery Mode:** Online or on-campus.

- **Target Audience:** Professionals looking to gain specialized knowledge in a particular field.

---

#### 3. **Professional Training Programs**
AIT also offers **professional training programs** that are often sponsored by industry partners or government agencies. These programs are designed to provide practical, job-ready skills and are often aligned with industry needs.

- **Examples of Professional Training Programs:**
  - Training in Renewable Energy Technologies
  - Training in Smart Infrastructure
  - Training in Energy Efficiency and Management
  - Training in Environmental Compliance and Regulation

- **Duration:** Varies from a few weeks to several months.

- **Delivery Mode:** On-campus or online.

- **Target Audience:** Industry professionals, government officials, and technical staff.

---

### 🎓 **How to Enroll in AIT Short Courses, Certificates, or Training Programs:**

1. **Visit the AIT Website:**
   - Go to [https://ait.ac.th](https://ait.ac.th)
   - Navigate to the **""Programs""** or **""Short Courses""** section.

2. **Check the Course Catalog:**
   - Browse through the list of available short courses, certificates, and training programs.
   - Look for course descriptions, eligibility criteria, and application procedures.

3. **Contact the Admissions Office:**
   - For more information or assistance, contact the **Admissions and Scholarships Unit** at:
     - Email: [email protected]
     - Phone: (662) 524 5024, 31-33

4. **Apply Online:**
   - Many short courses and certificate programs can be applied for through the AIT online application system:
     - [https://ait.ac.th/apply-online/](https://ait.ac.th/apply-online/)

---

### 📌 **Eligibility for Short Courses and Certificates:**

- **General Requirements:**
  - A **4-year bachelor’s degree** from a recognized university (or equivalent).
  - **English proficiency** (IELTS 6.0 or AIT EET 6.0 or equivalent).
  - Some programs may require **work experience** or **specific background knowledge**.

- **Specialized Programs:**
  - Some short courses and certificates may have **additional eligibility criteria**, such as:
    - Minimum GPA (e.g., 2.75 or higher).
    - Relevant work experience.
    - Specific technical or managerial background.

---

### 📚 **Examples of AIT Short Courses and Certificates:**

| Course
[TRUNCATED]","Academic Requirements
Master's Programs: A Bachelor's degree from a recognized university, usually with a GPA of at least 2.75 (or equivalent) on a 4.0 scale. Some programs may have higher GPA requirements or require a degree in a specific field.
Doctoral Programs: A Master's degree from a recognized university, with a strong academic record (typically a GPA of 3.50 or above on a 4.0 scale). Evidence of research ability, often in the form of a Master's thesis, is usually required.
English Language Proficiency
Since English is the official language of instruction at AIT, applicants must demonstrate a certain level of English proficiency. This is typically done by submitting a satisfactory score from one of the following standardized tests:
IELTS: A minimum score of 6.0 (with no band score below 5.5) is generally required for Master's programs.
TOEFL: Internet-based (iBT): A score of 80 or higher.
Paper-based: A score of 550 or higher.
AIT's own English Entry Test: The institute also offers its own test for applicants who are unable to take the IELTS or TOEFL.
Required Application Documents
When applying, you will generally need to prepare the following documents:
Completed Application Form: This is usually submitted online through the AIT admissions portal.
Official Transcripts and Degree Certificates: You will need to provide certified copies of your academic records from all universities previously attended.
Two Letters of Recommendation: These should be from professors or employers who are familiar with your academic and/or professional abilities.
Statement of Purpose: A written essay detailing your academic and career goals, and why you are interested in the specific program at AIT.
Proof of English Language Proficiency: Your official IELTS, TOEFL, or AIT test score report.
Copy of your Passport
Curriculum Vitae (CV) or Resume","[""https://ait.ac.th/financial/ait-scholarships::c0002"", ""https://ait.ac.th/financial/ait-alumni-association-hong-kong-macau-chapter-masters-scholarship::c0001"", ""https://ait.ac.th/financial/royal-thai-government-scholarships::c0005"", ""https://ait.ac.th/program/professional-master-in-geotechnical-engineering-and-management-pme-gem::c0003"", ""https://ait.ac.th/financial/alumni-scholarship-fund::c0001""]",not_enough_info,0.125,0,1,0.125,1,8,0,0.8,0,not_enough_info,1.0,not_enough_info,1.0,0,0,0,"[rank 1] Eligibility All nationalities; Meeting AIT’s English Proficiency Requirement (i.e. IELTS-Academic or AIT EET score of 5.0 or above for Master’s and 5.5 for Doctoral program); Having a four‐year Bachelor’s degree from a recognized university; Having a master’s degree from a recognized university for Ph.D. applicants and should have a Cumulative GPA of 3.50 in their Master’s degree and 2.75 in their undergraduate program from top universities. Deadline for January 2026 Intake: 20 December 2025 Contact : AIT Admissions Office Tel: 02-524 5032, 02-524 5033/5024 Email: [email protected] Subscribe to our newsletter Subscribe to our newsletter Follow us on social media We use cookies on our website to give you the most relevant experience by remembering your preferences and repeat visits. By clicking “Accept All”, you consent to the use of ALL the cookies. However, you may visit ""Cookie Settings"" to provide a controlled consent

---

[rank 2] Any programs Candidate should have a cumulative GPA of at least 2.75 Candidate should pass IELTS with a score of 6.0 or AIT-EET Score of 6.0 Applicant must fulfill the AIT Entry Requirement s Deadline for January 2026 intake:  15 November 2025 Apply here https://admission.ait.ac.th/aoas/Applicant/FirstPage.aspx Further Inquiries For further inquiries on AIT Admissions Requirements and Procedures, applicants can visit the  AIT Admissions website. You may also contact the following address: Admissions and Scholarships Unit Asian Institute of Technology P.O. Box 4, KlongLuang Pathumthani 12120 THAILAND (662) 524 5024, 31-33 [email protected] Subscribe to our newsletter Subscribe to our newsletter Follow us on social media We use cookies on our website to give you the most relevant experience by remembering your preferences and repeat visits. By clicking “Accept All”, you consent to the use of ALL the cookies. However, you may visit ""Cookie Settings"" to provide a controlled consent

---

[rank 3] Eligibility Applicants must meet the following criteria: Have an outstanding education record in a 4-year undergraduate program from an accredited institution in related fields; GPA for Bachelor’s degree ≥ 3.5 or Equivalent Have an English proficiency score as specified by AIT Language Center (IELTS 6.0 (Overall and Writing bands) or AIT EET ≥ 6.0). Coverage Each scholarship award covers tuition fees, accommodation, and a bursary for living expenses in AIT’s residential campus, for the entire period of the 22-month master’s degree program. The value of the non-binding Scholarship per student is approximately 1.10 MB. Deadline for August 2026 Intake: 31 March 2026 Apply here: https://ait.ac.th/apply-online/ Contact Ms. Wilailak at 02-524-5023, or Ms. Kanchana at 02-524-6119, or E-mail: [email protected] Further Inquiries For further inquiries on AIT Admissions Requirements and Procedures, applicants can visit the  AIT Admissions website

---

[rank 4] Eligibility To be eligible for admission to the regular Masters program, an applicant must: Hold a bachelor’s degree (normally from a four-year program), or its equivalent, in an appropriate field of study from an institution of good standing acceptable to AIT; Have undergraduate grades significantly above average. The minimum GPA requirement for admission to the Masters Program is 2.75 or equivalent, at the Bachelor degree level; English Proficiency Requirement: AIT-EET:6 or IELTS- Academic:6 (writing 6) or TOEFL Paper: 550 (writing 59-61) or TOEFL CBT: 213 (writing 25-26): TOEFL IBT: 80 (writing 21-23); For the PM degree program, in addition to the above-mentioned eligibility requirements, an applicant must: have at least 3 years of work experience in areas related to the academic program at AIT and be executives in organizations/companies. Be in satisfactory physical and mental health. Satisfy English requirements by AIT

---

[rank 5] CRITERIA: 1.Any nationality 2.Any program in the School of Engineering & Technology, (SET). 3.Candidate should have a cumulative GPA of at least 2.75 4.Candidate should pass IELTS-Academic with a score of 6.0 or AIT EET Score of 6.0 5.Applicant must fulfill the AIT Admissions Entry Requirements Scholarships coverage: 2 credits up to 6 credits Deadline for January 2026 Intake: 15 November 2025 Apply here: https://ait.ac.th/apply-online/ Further Inquiries For further inquiries on AIT Admissions Requirements and Procedures, applicants can visit the  AIT Admissions website. You may also contact the following address: Admissions and Scholarships Unit Asian Institute of Technology P.O. Box 4, KlongLuang Pathumthani 12120 THAILAND (662) 524 5024, 31-33 [email protected] Subscribe to our newsletter Subscribe to our newsletter Follow us on social media We use cookies on our website to give you the most relevant experience by remembering your preferences and repeat visits",claim_level_sr,"The premise only describes requirements for Master's and Doctoral programs, but provides no information about short courses, certificates, or professional training programs mentioned in the hypothesis.","The premise only discusses short courses, certificates, and professional training programs, while the hypothesis details academic requirements and application documents for Master's and Doctoral programs. There is no information in the premise about these higher degree programs or their specific eligibility criteria.","[{""claim"": ""*Does AIT Offer Short Courses, Certificates, or Professional Training Programs?**"", ""label"": ""not_enough_info"", ""confidence"": 1.0, ""supported"": 0, ""rationale"": ""The premise only describes eligibility criteria, admission requirements, deadlines, and scholarship details for degree programs (Master's/PhD). It contains no information about short courses, certificates, or professional training programs.""}, {""claim"": ""Yes, **Asian Institute of Technology (AIT)** offers a variety of **short courses, certificates, and professional training programs** designed to meet the needs of working professionals, industry leaders, and individuals seeking to enhance their skills in specific technical and managerial areas."", ""label"": ""not_enough_info"", ""confidence"": 0.95, ""supported"": 0, ""rationale"": ""The premise only describes eligibility criteria for degree programs (Master’s/Ph.D.) and scholarships, but contains no information about short courses, certificates, or professional training programs mentioned in the hypothesis.""}, {""claim"": ""### ✅ **Types of Programs Offered by AIT:**"", ""label"": ""entails"", ""confidence"": 0.95, ""supported"": 1, ""rationale"": ""The premise explicitly mentions programs in the School of Engineering & Technology (SET) and other programs like Master’s, Doctoral, and PM degree, confirming AIT offers these types of programs.""}, {""claim"": ""#### 1."", ""label"": ""not_enough_info"", ""confidence"": 0.5, ""supported"": 0, ""rationale"": ""The hypothesis content is missing, making it impossible to evaluate entailment or contradiction.""}, {""claim"": ""**Short Courses**"", ""label"": ""not_enough_info"", ""confidence"": 1.0, ""supported"": 0, ""rationale"": ""The premise sections detail admission requirements for degree programs (Master's, PhD, PM degrees) and scholarships, but none mention short courses. The hypothesis about 'Short Courses' is unrelated to the provided information.""}, {""claim"": ""AIT provides **short-term, intensive courses** that focus on specific technical or managerial topics."", ""label"": ""not_enough_info"", ""confidence"": 1.0, ""supported"": 0, ""rationale"": ""The premises only discuss admission requirements, deadlines, scholarships, and contact information for AIT programs. There is no mention of short-term, intensive courses or their topics in any of the provided information.""}, {""claim"": ""These courses are often tailored for professionals who want to gain in-depth knowledge without committing to a full degree program."", ""label"": ""not_enough_info"", ""confidence"": 1.0, ""supported"": 0, ""rationale"": ""The premise only provides admission requirements and scholarship details for degree programs, but contains no information about course structure, target audience (e.g., professionals), or program formats (e.g., part-time/non-degree).""}, {""claim"": ""**Examples of Short Courses:**"", ""label"": ""not_enough_info"", ""confidence"": 1.0, ""supported"": 0, ""rationale"": ""The premise provides detailed admission requirements for degree programs (Master's, PhD) and scholarships but contains no information about short courses. The hypothesis asks for examples of short courses, which are not mentioned or implied in the premise.""}]"
How do I apply online to AIT?,"### 🎓 **Admissions and Scholarships at AIT: A Comprehensive Guide**

---

## 📌 **1. Apply Online to AIT**

AIT welcomes talented, high-achieving students from diverse backgrounds. To begin your application, visit the **[AIT Online Application Portal](https://ait.ac.th/apply-online/)**.

### 📅 **Application Deadlines**
- **January Intake:** Application deadline is **15 November** of the previous year.
- **August Intake:** Application deadline is **15 May** of the same year.

### 📝 **Application Process**
1. **Visit the AIT Online Application Portal**: [https://ait.ac.th/apply-online/](https://ait.ac.th/apply-online/)
2. **Create an Account**: Register with your email address.
3. **Complete the Application Form**: Fill in all required details, including personal information, academic background, and English proficiency (IELTS 6.0 or AIT-EET 6.0 or above).
4. **Submit Your Application**: Review and submit your application before the deadline.
5. **Pay the Processing Fee**: A non-refundable application fee is required.

---

## 📌 **2. Scholarships at AIT**

AIT offers various scholarships to support students from diverse backgrounds, including international and Thai students.

### 🎓 **DAAD Scholarships**
- **Eligibility**: International students with strong academic records and English proficiency (IELTS 6.0 or AIT-EET 6.0 or above).
- **Application Process**:
  1. **Register on the DAAD Portal**: [https://www.meindaad.de/en/help/how-do-i-register-for-an-application/](https://www.meindaad.de/en/help/how-do-i-register-for-an-application/)
  2. **Log in and Submit Your Application**: Follow the instructions on the portal.
  3. **Deadline**: 20 November 2024.
  4. **Application Link**: [https://funding.meindaad.de/sites/personalfunding#PBFApplication-Start?fundingProgramInstance=57757532](https://funding.meindaad.de/sites/personalfunding#PBFApplication-Start?fundingProgramInstance=57757532)
  5. **Application Period**: 16 September 2024 to 20 November 2024.

### 🎓 **Royal Thai Government Scholarships**
- **Eligibility**: Thai citizens with strong academic records and English proficiency (IELTS 6.0 or AIT-EET 6.0 or above).
- **Contact**: Kanchana at 02-524-6119 or [email protected]

### 🎓 **AIT Scholarships (AIS)**
- **Application Deadline for January 2026 Intake**: 15 November 2025.
- **Apply Here**: [https://admission.ait.ac.th/aoas/Applicant/FirstPage.aspx](https://admission.ait.ac.th/aoas/Applicant/FirstPage.aspx)

---

## 📌 **3. Eligibility Criteria for Admissions**

### 📚 **General Requirements**
- **Academic Qualifications**: A 4-year bachelor’s degree from a recognized university (or equivalent).
- **English Proficiency**: IELTS 6.0 or AIT-EET 6.0 or above.
- **Application Fee**: Non-refundable application fee is required.

### 📚 **Specialized Programs**
- Some programs may require:
  - Minimum GPA (e.g., 2.75 or higher).
  - Relevant work experience.
  - Specific technical or managerial background.

---

## 📌 **4. Contact Information**

### 📞 **Admissions and Scholarships Unit**
- **Email**: [email protected]
- **Phone**: (662) 524 5024, 31-33
- **Address**: Admissions and Scholarships Unit, Asian Institute of Technology, P.O. Box 4, Klong Luang, Pathumthani 12120, Thailand

---

## 📌 **5. Additional Resources**

- **AIT Short Courses and Certificates**: [https://ait.ac.th/program/](https://ait.ac.th/program/)
- **AIT Admissions Website**: [https://ait.ac.th/apply-online/](https://ait.ac.th/apply-online/)
- **AIT Online Application Portal**: [https://ait.ac.th/apply-online/](https://ait.ac.th/apply-online/)
- **DAAD Scholarship Portal**: [https://www.meindaad.de/en/help/how-do-i-register-for-an-application/](https://www.meindaad.de/en/help/how-do-i-register-for-an-application/)
- **Royal Thai Government Scholarships**: [https://ait.ac.th/financial/royal-thai-government-scholarships](https://ait.ac.th/financial/royal-thai-government-scholarships)

---

## 📌 **6. Why Choose AIT?**

- **Flexible Learning Options**: Choose betwe
[TRUNCATED]","Applying to AIT is a fully online process.
1.	Visit the Online Portal: Applications are submitted through the official AIT admissions website: https://admission.ait.ac.th/
2.	Complete the Form: Fill out all required information and upload the necessary documents.
3.	Pay the Application Fee: A non-refundable fee (generally US$25 or 800 Thai Baht) is required to complete your submission.","[""https://ait.ac.th/apply-online::c0000"", ""https://ait.ac.th/financial/daad-scholarship::c0006"", ""https://ait.ac.th/financial/royal-thai-government-scholarships::c0006"", ""https://ait.ac.th/financial/daad-scholarship::c0002"", ""https://ait.ac.th/financial/ais-scholarship::c0004""]",not_enough_info,0.5,0,1,0.5,4,8,0,0.8,0,not_enough_info,0.95,entails,0.95,0,1,0,"[rank 1] Apply Now for Admissions to AIT | AIT Online Application Home > Apply online Apply online AIT welcomes talented, high-achieving students who contribute a wide diversity of views, experiences and perspectives. In this section Admissions Eligibility Financial aid Tuition and fees Student housing Apply online Frequently Asked Questions Start your application Complete your Online Application by clicking the ‘Apply Now’ button below. Apply now Deadlines and notifications for Application The AIT academic year consists of two semesters: January and August

---

[rank 2] The application process for DAAD scholarships contains the following steps: Register on the portal: https://www.meindaad.de/en/help/how-do-i-register-for-an-application/ Log in to the portal Carefully read the instructions on how to apply in the portal:https://www.meindaad.de/en/help/how-can-i-submit-my application/ Submit your application via the portal by the deadline indicated on the cover page of this document (20.11.2024). Use the following link to access the funding programme via the portal directly: https://funding.meindaad.de/sites/personalfunding#PBFApplication-Start?fundingProgramInstance=57757532 Application is only possible during the application period from 16.09.2024 to 20.11.2024. Further Inquiries For further inquiries on AIT Admissions Requirements and Procedures, applicants can visit the  AIT Admissions website. You may also contact the following address: Admissions and Scholarships Unit Asian Institute of Technology P.O

---

[rank 3] Kanchana at 02-524-6119, or E-mail: [email protected] Further Inquiries For further inquiries on AIT Admissions Requirements and Procedures, applicants can visit the  AIT Admissions website. You may also contact the following address: Admissions and Scholarships Unit Asian Institute of Technology P.O. Box 4, KlongLuang Pathumthani 12120 THAILAND (662) 524 5024, 31-33 [email protected] ﻿ ﻿ Apply Now For more information Click this link Subscribe to our newsletter Subscribe to our newsletter Follow us on social media We use cookies on our website to give you the most relevant experience by remembering your preferences and repeat visits. By clicking “Accept All”, you consent to the use of ALL the cookies. However, you may visit ""Cookie Settings"" to provide a controlled consent. Cookie Settings Accept All Manage consent Close Privacy Overview This website uses cookies to improve your experience while you navigate through the website

---

[rank 4] clearly show motivation and strong commitment. have a thorough command of written English (IELTS or AIT-EET 6.0 or above). See http://bit.ly/ait-eng-req must fulfill AIT online admission requirements. Applicants must apply to http://bit.ly/ait-admission and pay the processing fee Female applicants and candidates from less privileged regions or groups are especially encouraged to apply. Duration and Commencement Scholarships are awarded for the duration of the standard period of study for the chosen programme (up to a maximum of 22 months). Please state the entire period for which you wish to apply for a scholarship in your application. For example, if you are planning a 2-year degree programme, you must directly communicate two years as the desired scholarship duration in your application. After the first year of study, your academic achievements will be assessed in a further funding procedure

---

[rank 5] Application Deadline for January 2026 Intake:  15 November 2025 Apply here https://admission.ait.ac.th/aoas/Applicant/FirstPage.aspx Further Inquiries For further inquiries on AIT Admissions Requirements and Procedures, applicants can visit the  AIT Admissions website. They may also contact the following address: Admissions and Scholarships Unit Asian Institute of Technology P.O. Box 4, KlongLuang Pathumthani 12120 THAILAND (662) 524 5024, 31-33 [email protected] Subscribe to our newsletter Subscribe to our newsletter Follow us on social media We use cookies on our website to give you the most relevant experience by remembering your preferences and repeat visits. By clicking “Accept All”, you consent to the use of ALL the cookies. However, you may visit ""Cookie Settings"" to provide a controlled consent. Cookie Settings Accept All Manage consent Close Privacy Overview This website uses cookies to improve your experience while you navigate through the website",claim_level_sr,"The premise only describes the online application process (portal, form, fee) but the hypothesis includes additional claims about deadlines, scholarships, eligibility criteria, contact info, and program-specific requirements not mentioned in the premise.","The premise explicitly describes the entire application process as online, including visiting the portal, submitting forms, and paying fees, which directly supports the hypothesis.","[{""claim"": ""### 🎓 **Admissions and Scholarships at AIT: A Comprehensive Guide**"", ""label"": ""entails"", ""confidence"": 0.95, ""supported"": 1, ""rationale"": ""Premise provides details on AIT admissions process (online application, deadlines, eligibility), scholarship requirements (English proficiency, duration), application steps, contact info, and specific scholarship details (DAAD, AIT's own programs), supporting the hypothesis as a comprehensive guide.""}, {""claim"": ""## 📌 **1."", ""label"": ""not_enough_info"", ""confidence"": 1.0, ""supported"": 0, ""rationale"": ""Hypothesis content is missing, making it impossible to determine entailment.""}, {""claim"": ""Apply Online to AIT**"", ""label"": ""entails"", ""confidence"": 0.95, ""supported"": 1, ""rationale"": ""Premise explicitly mentions applying online through links, 'Apply Now' buttons, and online admission requirements, directly supporting the hypothesis.""}, {""claim"": ""AIT welcomes talented, high-achieving students from diverse backgrounds."", ""label"": ""not_enough_info"", ""confidence"": 0.95, ""supported"": 0, ""rationale"": ""The premise mentions AIT welcomes students who contribute diverse views/experiences, but the hypothesis refers to students from diverse backgrounds. The premise does not explicitly state that applicants themselves come from diverse backgrounds, only that they contribute diverse perspectives.""}, {""claim"": ""To begin your application, visit the **[AIT Online Application Portal](https://ait.ac.th/apply-online/)**."", ""label"": ""not_enough_info"", ""confidence"": 0.95, ""supported"": 0, ""rationale"": ""The premise mentions applying online and a 'Apply Now' button but does not explicitly state the URL provided in the hypothesis. While the general process is supported, the specific URL is not confirmed in the premises.""}, {""claim"": ""### 📅 **Application Deadlines**"", ""label"": ""entails"", ""confidence"": 1.0, ""supported"": 1, ""rationale"": ""The premise explicitly states \""Application Deadline for January 2026 Intake: 15 November 2025\"" which matches the hypothesis.""}, {""claim"": ""**January Intake:** Application deadline is **15 November** of the previous year."", ""label"": ""entails"", ""confidence"": 0.95, ""supported"": 1, ""rationale"": ""Rank 5 explicitly states the January 2026 intake deadline as 15 November 2025, which matches the hypothesis's claim about the deadline being 15 November of the previous year (2025 being the previous year of 2026).""}, {""claim"": ""**August Intake:** Application deadline is **15 May** of the same year."", ""label"": ""not_enough_info"", ""confidence"": 1.0, ""supported"": 0, ""rationale"": ""The premise only mentions the January 2026 intake deadline as 15 November 2025 but provides no information about the August intake deadline. The hypothesis claims an August intake deadline of 15 May, which is not addressed in the premise.""}]"
When does the application form open?,"### **How to Apply to AIT: A Step-by-Step Guide**

Applying to the **Asian Institute of Technology (AIT)** is a straightforward process, and AIT offers a variety of programs, including **Master’s, PhD, and Short Courses**, as well as **scholarships** for eligible students. Below is a **comprehensive guide** on how to apply to AIT, including **application deadlines, required documents, and scholarship opportunities**.

---

## 📌 **1. Choose Your Program**

Before applying, decide which program you are interested in. AIT offers:

- **Master of Engineering/Science in Interdisciplinary Studies (OMIS)**
- **PhD Programs**
- **Short Courses and Certificates**
- **MBA Programs**
- **Scholarship Programs** (e.g., DAAD, LPDP, Royal Thai Government, etc.)

For more information on programs, visit:  
[AIT Study Programs](https://ait.ac.th/study/)

---

## 📌 **2. Check Application Deadlines**

AIT has two main academic semesters: **January** and **August**. Deadlines vary depending on the program and scholarship.

### 📅 **General Deadlines**
- **January Intake**: Application deadline is **15 November** of the previous year.
- **August Intake**: Application deadline is **15 May** of the same year.
- **Scholarship Deadlines**: Some scholarships (e.g., DAAD, LPDP) have **specific deadlines**, so be sure to check the requirements for each.

For example:
- **DAAD Scholarship**: Deadline is **16 February 2026** for the 2026 intake.
- **LPDP Scholarship (Indonesia)**: Deadline is **18 July 2026** for the 2026 intake.

---

## 📌 **3. Apply Online**

AIT offers an **online application system** for all programs. You can apply by visiting the **AIT Online Application Portal**:

🔗 [Apply Online](https://ait.ac.th/apply-online/)

### 📝 **Steps to Apply Online**
1. **Create an Account**: Register on the AIT application portal.
2. **Select Your Program**: Choose the program you are interested in (e.g., OMIS, MBA, PhD).
3. **Fill Out the Application Form**: Provide personal, academic, and professional details.
4. **Upload Required Documents**:
   - Academic transcripts
   - Degree certificates
   - Language proficiency test scores (e.g., IELTS, TOEFL)
   - CV or resume
   - Statement of Purpose (SOP)
   - Letters of Recommendation
   - Study Plan (for OMIS and PhD programs)
   - Research Plan (for PhD programs)
5. **Submit the Application**: Review all details and submit your application.

---

## 📌 **4. Required Documents**

The required documents may vary slightly depending on the program and scholarship, but generally include:

| Document | Description |
|---------|-------------|
| Academic Transcripts | Official transcripts from your previous university |
| Degree Certificates | Proof of your bachelor’s or master’s degree |
| Language Proficiency | IELTS (6.0 or higher) or TOEFL (minimum score) |
| CV/Resume | Professional summary of your academic and work experience |
| Statement of Purpose (SOP) | A 500–1000-word essay explaining your academic goals and reasons for choosing AIT |
| Letters of Recommendation | 2–3 letters from academic or professional referees |
| Study Plan (for OMIS/PhD) | A detailed plan of your proposed studies |
| Research Plan (for PhD) | A proposal outlining your research topic and methodology |
| Scholarship Documents | If applying for a scholarship, include any required forms or supporting documents |

---

## 📌 **5. Apply for Scholarships**

AIT offers several **scholarship programs**, including:

### 🎓 **DAAD Scholarship (Germany)**
- **Eligibility**: International students from Germany or other countries.
- **Deadline**: 16 February 2026 for the 2026 intake.
- **Application Process**:
  1. Apply to AIT via the online portal.
  2. Receive an offer letter from AIT.
  3. Submit the offer letter and other required documents to DAAD.
  4. DAAD will assess your academic performance and award the scholarship if eligible.

🔗 [DAAD Scholarship Details](https://ait.ac.th/financial/daad-scholarship)

---

### 🎓 **LPDP Scholarship (I
[TRUNCATED]","The Asian Institute of Technology (AIT) application forms for the August intake are typically open now. The deadlines for applications and financial aid vary by program and semester. For the January semester intake, applications are open now. For the August intake, which is for the School of Engineering and Technology (SET) and School of Environment Resources and Development (SERD), the application is also open. The School of Management (SOM) has separate deadlines for March and June intakes. 
Key Deadlines:
January Semester Intake: Applications are currently open. 
August Semester Intake: Applications are open. 
School of Management (SOM):
March Intake: February 15 (overseas, requiring educational visa), February 25 (other applicants) 
June Intake: May 15 (overseas, requiring educational visa), May 25 (other applicants) 
AIT Scholarships: June 10 is the deadline, according to the Asian Institute of Technology. 
Other Scholarships: March 31 is the deadline, according to the Asian Institute of Technology. 
DAAD Scholarship: November 20 (AIT deadline is November 15).","[""https://ait.ac.th/tuition-and-fees::c0006"", ""https://ait.ac.th/apply-online::c0000"", ""https://ait.ac.th/study/open-master-of-engineering-science-in-interdisciplinary-studies-omis::c0009"", ""https://ait.ac.th/financial/lpdp-scholarships-indonesia-government-scholarships-for-indonesian::c0001"", ""https://ait.ac.th/financial/daad-scholarship::c0003""]",not_enough_info,0.375,0,1,0.375,3,8,0,0.8,0,not_enough_info,0.95,not_enough_info,0.95,0,0,0,"[rank 1] [email protected] (Cashier) with the student ID number/invoice numbe r (enrolled students) or the Application number of the new incoming studen t Apply Admissions Eligibility Financial aid Tuition and fees Student housing Apply online Frequently Asked Questions Subscribe to our newsletter Subscribe to our newsletter Follow us on social media We use cookies on our website to give you the most relevant experience by remembering your preferences and repeat visits

---

[rank 2] Apply Now for Admissions to AIT | AIT Online Application Home > Apply online Apply online AIT welcomes talented, high-achieving students who contribute a wide diversity of views, experiences and perspectives. In this section Admissions Eligibility Financial aid Tuition and fees Student housing Apply online Frequently Asked Questions Start your application Complete your Online Application by clicking the ‘Apply Now’ button below. Apply now Deadlines and notifications for Application The AIT academic year consists of two semesters: January and August

---

[rank 3] How to Apply? To apply, go to the AIT online application form by Clicking Here and choose “Open Master of Engineering/Science in Interdisciplinary Studies”. You also need to submit a Study Plan and a Research Plan in addition to the other required documents. Deadline The application deadline is like our other programs. Check Deadline Payment The payment follows the same process as for other programs. All details to make payments are at this website, Click here. Contact & Support For more Inquiry, please contact the us at this email: [email protected] Apply Now Program brochure For more information Click this link Subscribe to our newsletter Subscribe to our newsletter Follow us on social media We use cookies on our website to give you the most relevant experience by remembering your preferences and repeat visits. By clicking “Accept All”, you consent to the use of ALL the cookies. However, you may visit ""Cookie Settings"" to provide a controlled consent

---

[rank 4] Once they receive the official offer of admission (this covers all financial details of the cost of the program), they can submit these documents to LPDP to secure the full scholarship to AIT if they meet the LPDP criteria. Those interested in applying for the programs below for January or August 2026 admission (this also includes March and June 2026 for further MBA admission enrolments) have until 18 July 2026 to complete the full application, receive an offer letter, and complete the other steps outlined below. The detailed information on the application process: 2026 Scholarship Application Register online on the LPDP Scholarship Registration website: https://beasiswalpdp.kemenkeu.go.id Complete the AIT application process and receive an AIT offer letter. Complete and upload all required documents on the registration application to the address in #1.  This includes Recommendation Letters, Certificates, or similar documents are issued in accordance with LPDP regulations

---

[rank 5] After the first year of study, your academic achievements will be assessed in a further funding procedure. If this assessment shows that you will successfully complete your programme within a reasonable period of time, the scholarship will continue as planned. The scholarship usually begins in August of the following year Selection Procedure After the deadline of 16 February 2026 , AIT will screen, pre-select (according to DAAD selection criteria) and short-list the applicants. Short-listed applicants will be contacted for the following additional documents: DAAD application form duly filled in (to be provided to short-listed applicants) Hand-signed curriculum vitae (please use the European specimen form at http://europass.cedefop. Europa.eu), including a list of publications (if applicable)",claim_level_sr,"The hypothesis includes specific deadlines (e.g., January intake deadline November 15, DAAD deadline February 16) not explicitly stated in the premise. While the premise confirms AIT offers programs and scholarships, it does not provide general intake deadlines for all programs or the specific DAAD deadline mentioned in the hypothesis.","The premise provides general deadlines (e.g., January intake by November 15, August by May 15) but does not specify current dates to confirm if applications are 'open now' for any semester. The hypothesis introduces specific school-based deadlines (SET/SERD/SOM), new scholarship deadlines (June 10, March 31), and conflicting DAAD deadlines (November 15 vs. February 16) not mentioned in the premise. These claims require additional information not present in the text.","[{""claim"": ""### **How to Apply to AIT: A Step-by-Step Guide**"", ""label"": ""entails"", ""confidence"": 0.95, ""supported"": 1, ""rationale"": ""The premise provides detailed steps for applying to AIT including online application process, required documents (Study Plan/Research Plan), deadlines, payment instructions, contact info, and scholarship application details, which align with the hypothesis' structure.""}, {""claim"": ""Applying to the **Asian Institute of Technology (AIT)** is a straightforward process, and AIT offers a variety of programs, including **Master’s, PhD, and Short Courses**, as well as **scholarships** for eligible students."", ""label"": ""not_enough_info"", ""confidence"": 0.75, ""supported"": 0, ""rationale"": ""Premise mentions Master's programs and scholarships but does not explicitly confirm PhD programs, Short Courses, or whether the application process is described as 'straightforward'.""}, {""claim"": ""Below is a **comprehensive guide** on how to apply to AIT, including **application deadlines, required documents, and scholarship opportunities**."", ""label"": ""not_enough_info"", ""confidence"": 0.75, ""supported"": 0, ""rationale"": ""The premise contains information about application processes, deadlines, required documents, and scholarships but does not explicitly state that these details are compiled into a single comprehensive guide as described in the hypothesis.""}, {""claim"": ""## 📌 **1."", ""label"": ""not_enough_info"", ""confidence"": 1.0, ""supported"": 0, ""rationale"": ""The Hypothesis section is empty/missing, making it impossible to evaluate entailment.""}, {""claim"": ""Choose Your Program**"", ""label"": ""not_enough_info"", ""confidence"": 0.95, ""supported"": 0, ""rationale"": ""The premise describes application processes and program-specific requirements but does not explicitly mention or support the exact phrase 'Choose Your Program' as a distinct step or section.""}, {""claim"": ""Before applying, decide which program you are interested in."", ""label"": ""not_enough_info"", ""confidence"": 0.75, ""supported"": 0, ""rationale"": ""Premise describes application steps but does not explicitly state that deciding on a program is a prerequisite before applying.""}, {""claim"": ""AIT offers:"", ""label"": ""entails"", ""confidence"": 0.95, ""supported"": 1, ""rationale"": ""Premise mentions LPDP scholarships, application deadlines for scholarships, and funding procedures, supporting that AIT offers scholarships.""}, {""claim"": ""**Master of Engineering/Science in Interdisciplinary Studies (OMIS)**"", ""label"": ""entails"", ""confidence"": 0.95, ""supported"": 1, ""rationale"": ""The premise explicitly mentions the 'Open Master of Engineering/Science in Interdisciplinary Studies' program in rank 3, directly matching the hypothesis.""}]"
Can I apply with a GPA below the required minimum?,"Here is a **comprehensive summary of the eligibility requirements and English proficiency standards** for **Master’s and PhD programs** at the **Asian Institute of Technology (AIT)**, based on the provided context:

---

## 🎓 **Master’s Program Eligibility Requirements**

### **General Requirements**
- **Bachelor’s Degree**: 
  - Minimum GPA of **2.75** on a 4.00 scale or equivalent.
  - Must be from a **four-year program** or its equivalent in an appropriate field of study.
  - Must have **undergraduate grades significantly above average**.
- **English Proficiency**:
  - **IELTS Academic**: Minimum score of **6.0** (with a **minimum of 6.0 in the Writing section**).
  - **TOEFL Paper**: Minimum score of **550** (with **Writing 59–61**).
  - **TOEFL CBT**: Minimum score of **213** (with **Writing 25–26**).
  - **TOEFL IBT**: Minimum score of **80** (with **Writing 21–23**).
  - **AIT-EET**: Minimum score of **6**.

---

## 🎓 **PhD Program Eligibility Requirements**

### **General Requirements**
- **Bachelor’s Degree**:
  - Minimum GPA of **3.00** on a 4.00 scale or equivalent.
- **Master’s Degree**:
  - Minimum GPA of **3.50** on a 4.00 scale or equivalent.
- **English Proficiency**:
  - **IELTS Academic**: Minimum score of **6.0** (with **minimum of 6.0 in the Writing section**).
  - **TOEFL Paper**: Minimum score of **550** (with **Writing 59–61**).
  - **TOEFL CBT**: Minimum score of **213** (with **Writing 25–26**).
  - **TOEFL IBT**: Minimum score of **80** (with **Writing 21–23**).
  - **AIT-EET**: Minimum score of **6**.

---

## 🎓 **Professional Master’s (PM) Program Eligibility Requirements**

### **General Requirements**
- **Bachelor’s Degree**:
  - Minimum GPA of **2.75** on a 4.00 scale or equivalent.
  - Must be from a **four-year program** or its equivalent in an appropriate field of study.
  - Must have **undergraduate grades significantly above average**.
- **English Proficiency**:
  - **IELTS Academic**: Minimum score of **6.0** (with **minimum of 6.0 in the Writing section**).
  - **TOEFL Paper**: Minimum score of **550** (with **Writing 59–61**).
  - **TOEFL CBT**: Minimum score of **213** (with **Writing 25–26**).
  - **TOEFL IBT**: Minimum score of **80** (with **Writing 21–23**).
  - **AIT-EET**: Minimum score of **6**.

### **Additional Requirements for PM Programs**
- **Work Experience**:
  - At least **3 years of work experience** in areas related to the academic program.
  - Must be an **executive in an organization or company**.
- **Health**:
  - Must be in **satisfactory physical and mental health**.

---

## 🎓 **Dual Degree Master’s Program (Water Engineering & Management with Colorado State University)**

### **Eligibility Requirements**
- **Bachelor’s Degree**:
  - Must be in **Civil, Environmental, or Water Resources Engineering** or a closely related field.
  - Minimum GPA of **3.0** on a 4.00 scale or equivalent.
- **English Proficiency**:
  - **IELTS Academic**: Minimum score of **6.5** (with **minimum of 6.0 in the Writing section**).
  - **TOEFL IBT**: Minimum score of **80** (with **Writing 21–23**).
- **Letters of Recommendation**:
  - Must provide **three letters of recommendation**.

---

## 🎓 **Professional Master’s in Environment, Social, and Governance (PMESG)**

### **Eligibility Requirements**
- **Bachelor’s Degree**:
  - Minimum GPA of **2.75** on a 4.00 scale or equivalent.
  - Must be from a **four-year program** or its equivalent in an appropriate field of study.
  - Must have **undergraduate grades significantly above average**.
- **English Proficiency**:
  - **IELTS Academic**: Minimum score of **6.0** (with **minimum of 6.0 in the Writing section**).
  - **TOEFL Paper**: Minimum score of **550** (with **Writing 59–61**).
  - **TOEFL CBT**: Minimum score of **213** (with **Writing 25–26**).
  - **TOEFL IBT**: Minimum score of **80** (with **Writing 21–23**).
  - **AIT-EET**: Minimum score of **6**.

### **Additional Requirements for PMESG**
- **Work Experience**:
  - At least
[TRUNCATED]","Yes, it is sometimes possible to be admitted to the Asian Institute of Technology (AIT) with a GPA below the stated minimum requirement, but it depends on several other factors.
While AIT's general requirement is a minimum GPA of 2.75 out of 4.0 for Master's programs and 3.50 out of 4.0 for Doctoral programs, admission is not based on GPA alone. AIT reviews applications holistically.","[""https://ait.ac.th/financial/rtg-fellowships-ph-d-to-support-the-asian-innovation-hub::c0002"", ""https://ait.ac.th/program/professional-master-in-geotechnical-engineering-and-management-pme-gem::c0003"", ""https://ait.ac.th/program/agricultural-systems-engineering-and-agribusiness-asea::c0003"", ""https://ait.ac.th/program/dual-degree-masters-program-in-water-engineering-and-management-with-colorado-state-university::c0002"", ""https://ait.ac.th/program/professional-master-in-environment-social-and-governance-esg::c0002""]",not_enough_info,0.375,0,1,0.375,3,8,0,0.8,0,not_enough_info,0.95,not_enough_info,0.95,0,0,0,"[rank 1] cGPA Requirements Bachelor’s Degree: A minimum cumulative GPA of 3.00 on a 4.00 scale or equivalent Master’s Degree: A minimum cumulative GPA of 3.50 on a 4.00 scale or equivalent. English Proficiency Applicants must meet the English proficiency requirements stipulated by the AIT Language Center: an IELTS score of 6 (with a minimum score in the Writing section) or an AIT EET score of 6 or above

---

[rank 2] Eligibility To be eligible for admission to the regular Masters program, an applicant must: Hold a bachelor’s degree (normally from a four-year program), or its equivalent, in an appropriate field of study from an institution of good standing acceptable to AIT; Have undergraduate grades significantly above average. The minimum GPA requirement for admission to the Masters Program is 2.75 or equivalent, at the Bachelor degree level; English Proficiency Requirement: AIT-EET:6 or IELTS- Academic:6 (writing 6) or TOEFL Paper: 550 (writing 59-61) or TOEFL CBT: 213 (writing 25-26): TOEFL IBT: 80 (writing 21-23); For the PM degree program, in addition to the above-mentioned eligibility requirements, an applicant must: have at least 3 years of work experience in areas related to the academic program at AIT and be executives in organizations/companies. Be in satisfactory physical and mental health. Satisfy English requirements by AIT

---

[rank 3] Preferred Background The applicant should hold a minimum GPA of 2.75 or equivalent at the Bachelor’s level (for Master’s program) and 3.5 or equivalent at the Master’s level (for Ph.D.). Eligible undergraduate degrees include: Bachelor of Science and Biological Sciences Bachelor of Agricultural/Electronics/Biotechnology/Mechanical Engineering Bachelor of Computer Science/or Any Relevant Engineering Discipline Bachelor of Science in Agriculture Bachelor of Food Science and Technology Bachelor of Dairy Technology Bachelor of Science in Biochemistry Bachelor of Science in Biotechnology Bachelor of Agricultural Sciences, Environmental Sciences, Management Sciences or Social Sciences Course Structure Course Code Course Number of Credits Description/Course Objective Semester ED70.03 Agricultural Systems Analysis 3 Agricultural systems with biological components interacting with social and economic elements are extremely complex in nature

---

[rank 4] Target group Highly motivated and ambitious candidates with a bachelor’s degree preferably in Civil, Environmental or Water Resources Engineering or related fields. Minimum Admissions Requirements Hold a Bachelor’s degree in engineering or a closely related field (normally from a four-year program), or its equivalent; Have undergraduate grades significantly above average; the minimum GPA requirement for admission to the Master’s Program is 3.0 or equivalent at the Bachelor’s degree level; English Proficiency Requirement: IELTS 6.5 (writing 6 minimum) or TOEFL IBT: 80 (writing 21-23); Three letters of recommendation Semester Aug-Dec

---

[rank 5] The minimum GPA requirement for admission to the Masters Program is 2.75 or equivalent, at the Bachelor degree level; English Proficiency Requirement: AIT-EET:6 or IELTS- Academic:6 (writing 6) or TOEFL Paper: 550 (writing 59-61) or TOEFL CBT: 213 (writing 25-26): TOEFL IBT: 80 (writing 21-23); For the PM degree program, in addition to the above-mentioned eligibility requirements, an applicant must: have at least 3 years of work experience in areas related to the academic program at AIT and be executives in organizations/companies. Be in satisfactory physical and mental health. Satisfy English requirements by AIT. Delivery Mode PMESG is designed for the regional mobile working professional. A module is offered every month, with classes on two consecutive weekends. Students benefit from AIT’s hybrid multi-modal teaching model that combines online and in-class instruction with extensive practical exposure",claim_level_sr,"Premise confirms minimum GPA requirements (2.75 for Master's, 3.50 for PhD) but does not mention English proficiency tests, work experience, letters of recommendation, or other specific criteria detailed in the hypothesis. The premise acknowledges holistic review but does not provide sufficient information to validate all claims in the comprehensive hypothesis.","The premise lists minimum GPA requirements but does not explicitly state whether exceptions exist for applicants below these thresholds. While it mentions holistic review, this does not confirm or deny the possibility of admitting students with GPAs below the stated minimum.","[{""claim"": ""Here is a **comprehensive summary of the eligibility requirements and English proficiency standards** for **Master’s and PhD programs** at the **Asian Institute of Technology (AIT)**, based on the provided context:"", ""label"": ""not_enough_info"", ""confidence"": 0.75, ""supported"": 0, ""rationale"": ""The premise provides GPA and English proficiency requirements for Master’s programs but lacks comprehensive details on PhD eligibility criteria beyond GPA thresholds and preferred backgrounds. The hypothesis claims a 'comprehensive summary' for both degrees, which the premise does not fully support.""}, {""claim"": ""## 🎓 **Master’s Program Eligibility Requirements**"", ""label"": ""not_enough_info"", ""confidence"": 0.95, ""supported"": 0, ""rationale"": ""The premise contains conflicting GPA requirements for the Master’s program (2.75 vs 3.0/3.5) and varying English proficiency criteria across different sections, making it impossible to determine if all claims in the hypothesis are fully supported.""}, {""claim"": ""### **General Requirements**"", ""label"": ""not_enough_info"", ""confidence"": 1.0, ""supported"": 0, ""rationale"": ""The Hypothesis content is missing, making it impossible to evaluate entailment or contradiction.""}, {""claim"": ""**Bachelor’s Degree**:"", ""label"": ""not_enough_info"", ""confidence"": 1.0, ""supported"": 0, ""rationale"": ""The Hypothesis is not provided, making it impossible to evaluate entailment.""}, {""claim"": ""Minimum GPA of **2.75** on a 4.00 scale or equivalent."", ""label"": ""entails"", ""confidence"": 0.95, ""supported"": 1, ""rationale"": ""Premise explicitly states that the minimum GPA requirement for admission to the Masters Program is 2.75 or equivalent at the Bachelor degree level (rank 2 and rank 3), directly supporting the hypothesis.""}, {""claim"": ""Must be from a **four-year program** or its equivalent in an appropriate field of study."", ""label"": ""entails"", ""confidence"": 0.95, ""supported"": 1, ""rationale"": ""Premise explicitly states eligibility requires a bachelor’s degree from a four-year program or equivalent in relevant fields (ranks 2 and 4), directly supporting the hypothesis.""}, {""claim"": ""Must have **undergraduate grades significantly above average**."", ""label"": ""entails"", ""confidence"": 0.95, ""supported"": 1, ""rationale"": ""Premise [rank 2] and [rank 4] explicitly state that applicants must have 'undergraduate grades significantly above average' as an eligibility requirement.""}, {""claim"": ""**English Proficiency**:"", ""label"": ""not_enough_info"", ""confidence"": 0.95, ""supported"": 0, ""rationale"": ""The premise contains multiple English proficiency requirements across different programs (e.g., IELTS 6, 6.5, TOEFL scores), but the Hypothesis is not explicitly stated. Without knowing the exact claim in the Hypothesis, we cannot determine entailment or contradiction.""}]"
What is the required IELTS or TOEFL score?,"뼐

If you're asking whether you can **apply to a Master’s program at AIT** with a **GPA below 2.75**, the answer is **not straightforward**. Here's a breakdown of the situation:

---

### ✅ **Can You Apply with a GPA Below 2.75?**

**In most cases, no.**  
AIT has **minimum GPA requirements** for admission to its **Master’s programs**, and these are generally **non-negotiable**. For example:

- **Professional Master’s (PM) programs** (e.g., PMPM, PMESG, PMDS) require a **minimum GPA of 2.75** on a 4.0 scale.
- **Dual Degree programs** (e.g., Water Engineering & Management, Data Science & AI) require a **minimum GPA of 3.0**.
- **PhD programs** require a **minimum GPA of 3.0** for Bachelor’s and **3.50** for Master’s.

These GPA requirements are **set by AIT** and are **not waived** unless you can demonstrate **exceptional circumstances** (e.g., professional experience, unique background, or other compensating factors).

---

### 🔄 **What If Your GPA Is Below 2.75?**

If your GPA is **below the minimum requirement**, you may still be considered for admission **if you can provide strong evidence of your potential**. Here are some ways to strengthen your application:

1. **Strong Work Experience**:
   - AIT values **professional experience**, especially in **relevant fields**.
   - For example, **PM programs** require **at least 3 years of work experience** in areas related to the program.
   - If you have **significant professional achievements**, this can **compensate** for a lower GPA.

2. **Strong Academic Background**:
   - If your GPA is low due to **unusual circumstances** (e.g., illness, family issues, etc.), you can explain this in your **statement of purpose** or **personal statement**.
   - You can also highlight **other academic achievements**, such as **honors, research projects, or relevant coursework**.

3. **English Proficiency**:
   - AIT requires **English proficiency** for all international applicants.
   - You must meet the **minimum English requirements** (e.g., IELTS 6.0, TOEFL 80, etc.).
   - This is **not negotiable** and is a **mandatory requirement**.

4. **Letters of Recommendation**:
   - Strong **letters of recommendation** from **professionals or academics** can help demonstrate your **potential** and **aptitude** for the program.

5. **Statement of Purpose**:
   - A well-written **statement of purpose** can help you **explain your background**, **motivation**, and **goals**.
   - This is an opportunity to **highlight your strengths** and **explain any weaknesses** in your GPA.

---

### 📌 **Summary of GPA Requirements by Program**

| Program | Minimum GPA (Bachelor’s) | Minimum GPA (Master’s) | Additional Requirements |
|--------|--------------------------|-------------------------|--------------------------|
| Master’s (General) | 2.75 (4.0 scale) | 3.00 (4.0 scale) | None |
| Professional Master’s (PM) | 2.75 (4.0 scale) | N/A | 3+ years work experience |
| Dual Degree (e.g., Water, Data Science) | 3.00 (4.0 scale) | N/A | 3+ years work experience, English proficiency |
| PhD | 3.00 (4.0 scale) | 3.50 (4.0 scale) | None |

---

### 📞 **Next Steps**

If your GPA is below the required threshold, you can:

1. **Contact AIT’s Admissions Office**:
   - Reach out to **[email protected]** or call **(662) 524 5024, 31-33**.
   - Ask about **admission exceptions**, **waivers**, or **alternative pathways**.

2. **Prepare a Strong Application**:
   - Focus on **work experience**, **letters of recommendation**, and **statement of purpose**.
   - Highlight **any unique skills, projects, or achievements** that make you a strong candidate.

3. **Consider a Preparatory Program**:
   - If your GPA is significantly below the requirement, you may need to **strengthen your academic background** before applying.
   - Some universities offer **preparatory programs** or **bridging courses** to help students meet GPA requirements.

---

### ✅ **Conclusion**

While **AIT does not typically accept applicants with a GPA bel
[TRUNCATED]","To be admitted to the Asian Institute of Technology (AIT), applicants generally need a minimum IELTS score of 6.0 (with a writing score of 6.0) or a TOEFL score of 80 (with a writing score of 21-23). Some programs or scholarships may have stricter requirements, potentially requiring higher scores or additional assessments like the AIT Academic Writing Test (AWPT). Minimum Requirements (General):
IELTS: 6.0 overall, with a minimum of 6.0 in the writing section.
TOEFL (iBT): 80 overall, with a minimum of 21-23 in the writing section.
TOEFL (Paper-based): 550 overall, with a writing score of 59-61.
TOEFL (CBT): 213 overall, with a writing score of 25-26.
AIT-EET: 6","[""https://ait.ac.th/program/professional-master-in-project-management-mpm::c0004"", ""https://ait.ac.th/program/professional-masters-programme-in-data-science-and-ai-applications-ait-unitar-pmds::c0002"", ""https://ait.ac.th/program/dual-degree-masters-program-in-water-engineering-and-management-with-the-university-of-iowa::c0002"", ""https://ait.ac.th/program/doctor-of-philosophy-ph-d-in-management::c0009"", ""https://ait.ac.th/program/dual-degree-masters-program-in-data-science-and-ai-with-brunel-university-london::c0002""]",not_enough_info,0.375,0,1,0.375,3,8,0,0.8,0,not_enough_info,1.0,entails,0.95,0,1,0,"[rank 1] or IELTS-Academic:6 (writing 6) or TOEFL Paper: 550 (writing 59-61) or TOEFL CBT: 213 (writing 25-26): TOEFL IBT: 80 (writing 21-23); have at least 3 years of work experience in areas related to the academic program at AIT and be executives in organizations/companies

---

[rank 2] program), or its equivalent from an accredited institution in relevant areas with a minimum cumulative grade point average of 2.75 (4.0 scale); English Proficiency Requirement: AIT-EET: 6; IELTS Academic: overall 6 (writing 6); TOEFL iBT: overall 80 (writing 21-23); PTE Academic: overall 52 (writing 62-73); Minimum of 3 years of work experience in relevant areas

---

[rank 3] Dual Degree Structure & Pathway Admission Requirements Hold a bachelor’s degree (normally from a four-year program), or its equivalent The minimum undergraduate GPA requirement for admission to the master’s program is 3.0 or equivalent AIT: IELTS-Academic: 6 (writing 6) TOEFL Paper: 550 (writing 59-61) TOELF CBT: 213 (writing 25-26) TOEFL IBT: 80 (writing 21-23) UI: TOEFL IBT: 81 IELTS: total score of 7.0 (no sub-score less than 6.0) Students satisfying the AIT requirement can be admitted to the program; however, to continue to Phase 2, students must achieve the UI scores for English proficiency while at AIT. Two letters of recommendation GRE: 301 (verbal + quantitative) Students without GRE can also be admitted to the program; however, to continue to Phase 2, they must achieve the required GRE score while at AIT

---

[rank 4] ​ English Proficiency Requirement: AIT-EET:6 or IELTS-Academic:6 (writing 6) or TOEFL IBT: 80 (writing 21-23) or PTE Academic: 62-73 (Writing Score). For more information regarding English requirements:​ https://www.ait.ac.th/admissions/eligibility/ ​​​ Intake ​ Two entries/Year (January & August) Application Deadline: 30 June (for overseas applicants, requiring an educational visa) and 25 July (for other applicants) ​ Fees Tuition Fees: 1,484,000 Thai Baht (84 Credits) For more information regarding tuition & fees: https://ait.ac.th/tuition-and-fees/ ​​​ bottom of page

---

[rank 5] Minimum Admissions Requirements A 2:2 or above UK Honours degree or equivalent internationally recognized qualification from a scientific, engineering, or a numerate subject. In terms of English language requirements: IELTS: 6.5 (min 6 in all areas) • Pearson: 58 (51 in all subscores) • BrunELT: 65% (min 60% in all areas) TOEFL: 92 (min 20 in all) Semester Aug-Dec",claim_level_sr,"The premise only discusses English proficiency requirements (IELTS/TOEFL) and does not mention GPA requirements. The hypothesis focuses on GPA thresholds for Master’s programs, which are unrelated to the premise's content.","The premise explicitly states AIT requires IELTS 6.0 (writing 6.0) and TOEFL 80 (writing 21-23) for international applicants, with some programs having stricter requirements or additional assessments like AWPT, fully supporting the hypothesis.","[{""claim"": ""If you're asking whether you can **apply to a Master’s program at AIT** with a **GPA below 2.75**, the answer is **not straightforward**."", ""label"": ""not_enough_info"", ""confidence"": 0.95, ""supported"": 0, ""rationale"": ""The premise specifies GPA requirements for specific ranks (e.g., rank 2 requires 2.75), but does not provide comprehensive information about all possible admission pathways or GPA thresholds for other ranks. The hypothesis generalizes to 'Master’s program at AIT' without confirming if other ranks have lower GPA requirements or alternative pathways, making it impossible to determine if GPA below 2.75 would definitively disqualify applicants.""}, {""claim"": ""Here's a breakdown of the situation:"", ""label"": ""entails"", ""confidence"": 1.0, ""supported"": 1, ""rationale"": ""The premise and hypothesis are identical, so the premise fully supports the hypothesis.""}, {""claim"": ""### ✅ **Can You Apply with a GPA Below 2.75?**"", ""label"": ""not_enough_info"", ""confidence"": 0.95, ""supported"": 0, ""rationale"": ""Premise specifies GPA requirements for some ranks (2.75 for rank 2, 3.0 for rank 3) but does not explicitly state whether GPA below 2.75 can meet other criteria (e.g., rank 5's 2:2 UK degree equivalent). Without clear GPA equivalence for rank 5's 2:2, the premise does not fully support the hypothesis.""}, {""claim"": ""*In most cases, no.**"", ""label"": ""not_enough_info"", ""confidence"": 1.0, ""supported"": 0, ""rationale"": ""The premise lists admission requirements but provides no statistical data or context about applicant numbers, success rates, or general trends to support or contradict the hypothesis.\""In most cases, no.\""""}, {""claim"": ""AIT has **minimum GPA requirements** for admission to its **Master’s programs**, and these are generally **non-negotiable**."", ""label"": ""entails"", ""confidence"": 0.95, ""supported"": 1, ""rationale"": ""Premise explicitly states GPA requirements for Master’s programs (2.75 and 3.0) in multiple ranks, implying these are mandatory minimums, supporting the hypothesis that they are non-negotiable.""}, {""claim"": ""For example:"", ""label"": ""not_enough_info"", ""confidence"": 1.0, ""supported"": 0, ""rationale"": ""The Hypothesis is missing from the input, making it impossible to evaluate entailment or contradiction.""}, {""claim"": ""**Professional Master’s (PM) programs** (e.g., PMPM, PMESG, PMDS) require a **minimum GPA of 2.75** on a 4.0 scale."", ""label"": ""not_enough_info"", ""confidence"": 0.95, ""supported"": 0, ""rationale"": ""The premise mentions a 2.75 GPA requirement for a general program (rank 2), but does not explicitly link this requirement to specific Professional Master’s (PM) programs like PMPM, PMESG, or PMDS. The hypothesis specifies PM programs, but the premise lacks direct confirmation of GPA requirements for these exact programs.""}, {""claim"": ""**Dual Degree programs** (e.g., Water Engineering & Management, Data Science & AI) require a **minimum GPA of 3.0**."", ""label"": ""entails"", ""confidence"": 0.95, ""supported"": 1, ""rationale"": ""The premise explicitly states that Dual Degree programs require a minimum undergraduate GPA of 3.0 for admission to the master’s program, which directly supports the hypothesis' claim about Dual Degree programs requiring a minimum GPA of 3.0.""}]"
Do I need to pick or choose specific majors before applying?,"[PAD151768]

If you're asking whether you can **apply to a Master’s program at AIT** with a **GPA below 2.75**, the answer is **not straightforward**. Here's a breakdown of the situation:

---

### ✅ **Can You Apply with a GPA Below 2.75?**

**In most cases, no.**  
AIT has **minimum GPA requirements** for admission to its **Master’s programs**, and these are generally **non-negotiable**. For example:

- **Professional Master’s (PM) programs** (e.g., PMPM, PMESG, PMDS) require a **minimum GPA of 2.75** on a 4.0 scale.
- **Dual Degree programs** (e.g., Water Engineering & Management, Data Science & AI) require a **minimum GPA of 3.0**.
- **PhD programs** require a **minimum GPA of 3.0** for Bachelor’s and **3.50** for Master’s.

These GPA requirements are **set by AIT** and are **not waived** unless you can demonstrate **exceptional circumstances** (e.g., professional experience, unique background, or other compensating factors).

---

### 🔄 **What If Your GPA Is Below 2.75?**

If your GPA is **below the minimum requirement**, you may still be considered for admission **if you can provide strong evidence of your potential**. Here are some ways to strengthen your application:

1. **Strong Work Experience**:
   - AIT values **professional experience**, especially in **relevant fields**.
   - For example, **PM programs** require **at least 3 years of work experience** in areas related to the program.
   - If you have **significant professional achievements**, this can **compensate** for a lower GPA.

2. **Strong Academic Background**:
   - If your GPA is low due to **unusual circumstances** (e.g., illness, family issues, etc.), you can explain this in your **statement of purpose** or **personal statement**.
   - You can also highlight **other academic achievements**, such as **honors, research projects, or relevant coursework**.

3. **English Proficiency**:
   - AIT requires **English proficiency** for all international applicants.
   - You must meet the **minimum English requirements** (e.g., IELTS 6.0, TOEFL 80, etc.).
   - This is **not negotiable** and is a **mandatory requirement**.

4. **Letters of Recommendation**:
   - Strong **letters of recommendation** from **professionals or academics** can help demonstrate your **potential** and **aptitude** for the program.

5. **Statement of Purpose**:
   - A well-written **statement of purpose** can help you **explain your background**, **motivation**, and **goals**.
   - This is an opportunity to **highlight your strengths** and **explain any weaknesses** in your GPA.

---

### 📌 **Summary of GPA Requirements by Program**

| Program | Minimum GPA (Bachelor’s) | Minimum GPA (Master’s) | Additional Requirements |
|--------|--------------------------|-------------------------|--------------------------|
| Master’s (General) | 2.75 (4.0 scale) | 3.00 (4.0 scale) | None |
| Professional Master’s (PM) | 2.75 (4.0 scale) | N/A | 3+ years work experience |
| Dual Degree (e.g., Water, Data Science) | 3.00 (4.0 scale) | N/A | 3+ years work experience, English proficiency |
| PhD | 3.00 (4.0 scale) | 3.50 (4.0 scale) | None |

---

### 📞 **Next Steps**

If your GPA is below the required threshold, you can:

1. **Contact AIT’s Admissions Office**:
   - Reach out to **[email protected]** or call **(662) 524 5024, 31-33**.
   - Ask about **admission exceptions**, **waivers**, or **alternative pathways**.

2. **Prepare a Strong Application**:
   - Focus on **work experience**, **letters of recommendation**, and **statement of purpose**.
   - Highlight **any unique skills, projects, or achievements** that make you a strong candidate.

3. **Consider a Preparatory Program**:
   - If your GPA is significantly below the requirement, you may need to **strengthen your academic background** before applying.
   - Some universities offer **preparatory programs** or **bridging courses** to help students meet GPA requirements.

---

### ✅ **Conclusion**

While **AIT does not typically accept applicants with
[TRUNCATED]","No, you don't need to choose a specific major when applying to AIT, but you do need to indicate your intended field of study and research interest. AIT's Open Master's programs allow for a flexible, multidisciplinary approach where students can design their own curriculum and potentially combine courses from different schools and departments.","[""https://ait.ac.th/program/artificial-intelligence-of-things-and-signal-processing-aiot::c0004"", ""https://ait.ac.th/program/computer-science-and-software-engineering-csse::c0004"", ""https://ait.ac.th/program/digital-technology-and-enterprise-information-management-dteim::c0004"", ""https://ait.ac.th/program/computer-science-and-communication-technology-csct::c0004"", ""https://ait.ac.th/program/smart-networks-and-communications-engineering-snce::c0004""]",not_enough_info,0.125,0,1,0.125,1,8,0,0.8,0,not_enough_info,1.0,not_enough_info,0.95,0,0,0,"[rank 1] Master’s Program Applicants should hold an undergraduate degree in one of the following fields: Computer Science, Computer Engineering, or Information and Communication Technology (ICT) Electronics, Electrical Engineering, or related engineering disciplines Mathematics or other quantitatively oriented fields Applicants from diverse backgrounds (e.g., business, finance, or other non-engineering disciplines) may be considered, provided they demonstrate adequate mathematical and programming skills

---

[rank 2] Master’s Program Applicants should hold an undergraduate degree in one of the following fields: Computer Science, Computer Engineering, or Information and Communication Technology (ICT) Electronics, Electrical Engineering, or related engineering disciplines Mathematics or other quantitatively oriented fields Applicants from diverse backgrounds (e.g., business, finance, or other non-engineering disciplines) may be considered, provided they demonstrate adequate mathematical and programming skills

---

[rank 3] Master’s Program Applicants should hold an undergraduate degree in one of the following fields: Computer Science, Computer Engineering, or Information and Communication Technology (ICT) Electronics, Electrical Engineering, or related engineering disciplines Mathematics or other quantitatively oriented fields Applicants from diverse backgrounds (e.g., business, finance, or other non-engineering disciplines) may be considered, provided they demonstrate adequate mathematical and programming skills

---

[rank 4] Master’s Program Applicants should hold an undergraduate degree in one of the following fields: Computer Science, Computer Engineering, or Information and Communication Technology (ICT) Electronics, Electrical Engineering, or related engineering disciplines Mathematics or other quantitatively oriented fields Applicants from diverse backgrounds (e.g., business, finance, or other non-engineering disciplines) may be considered, provided they demonstrate adequate mathematical and programming skills

---

[rank 5] Master’s Program Applicants should hold an undergraduate degree in one of the following fields: Computer Science, Computer Engineering, or Information and Communication Technology (ICT) Electronics, Electrical Engineering, or related engineering disciplines Mathematics or other quantitatively oriented fields Applicants from diverse backgrounds (e.g., business, finance, or other non-engineering disciplines) may be considered, provided they demonstrate adequate mathematical and programming skills",claim_level_sr,"The premise provides no information about GPA requirements for AIT programs, while the hypothesis explicitly states GPA thresholds. Since the premise does not address GPA criteria, it cannot support or contradict the hypothesis.",The premise provides no information about major selection requirements or curriculum flexibility for AIT's programs. The hypothesis introduces new claims about application flexibility and field indication that are not addressed in the premise.,"[{""claim"": ""[PAD151768]"", ""label"": ""not_enough_info"", ""confidence"": 1.0, ""supported"": 0, ""rationale"": ""The hypothesis content is missing (PAD151768), making it impossible to evaluate entailment/contradiction.""}, {""claim"": ""If you're asking whether you can **apply to a Master’s program at AIT** with a **GPA below 2.75**, the answer is **not straightforward**."", ""label"": ""not_enough_info"", ""confidence"": 1.0, ""supported"": 0, ""rationale"": ""The premise provides no information about GPA requirements for the Master’s program, making it impossible to determine if a GPA below 2.75 would affect eligibility.""}, {""claim"": ""Here's a breakdown of the situation:"", ""label"": ""entails"", ""confidence"": 1.0, ""supported"": 1, ""rationale"": ""The premise explicitly states the required undergraduate degrees and conditions for diverse backgrounds, which directly supports the hypothesis claims.""}, {""claim"": ""### ✅ **Can You Apply with a GPA Below 2.75?**"", ""label"": ""not_enough_info"", ""confidence"": 1.0, ""supported"": 0, ""rationale"": ""The premise provides no information about GPA requirements for the Master’s Program, making it impossible to determine if a GPA below 2.75 would qualify.""}, {""claim"": ""*In most cases, no.**"", ""label"": ""not_enough_info"", ""confidence"": 0.95, ""supported"": 0, ""rationale"": ""The premise lists eligible fields and conditions for consideration but does not provide statistical data about the majority of applicants' backgrounds. The hypothesis lacks context to determine if it is supported or contradicted by the premise.""}, {""claim"": ""AIT has **minimum GPA requirements** for admission to its **Master’s programs**, and these are generally **non-negotiable**."", ""label"": ""not_enough_info"", ""confidence"": 0.17, ""supported"": 0, ""rationale"": ""The premise provides no information about GPA requirements for admission, which is central to the hypothesis.""}, {""claim"": ""For example:"", ""label"": ""not_enough_info"", ""confidence"": 1.0, ""supported"": 0, ""rationale"": ""Hypothesis is not provided.""}, {""claim"": ""**Professional Master’s (PM) programs** (e.g., PMPM, PMESG, PMDS) require a **minimum GPA of 2.75** on a 4.0 scale."", ""label"": ""not_enough_info"", ""confidence"": 0.25, ""supported"": 0, ""rationale"": ""Premise provides no information about GPA requirements for Master’s programs.""}]"
Can the EET be taken online?," аналогия между двумя текстами, которые вы предоставили, заключается в том, что оба описывают **гибкий (flexible) подход к обучению** в АИТ (Asian Institute of Technology), но с небольшими различиями в деталях и акцентах. Давайте разберем их по отдельности и сравним.

---

### 📌 **Текст 1: Гибкий Мастерский Опция (Flexible Masters Option)**  
**Источник:** [https://ait.ac.th/study/flexible-masters-option](https://ait.ac.th/study/flexible-masters-option)

#### Основные моменты:
- **Формат обучения:** Гибкий (гибридный) — онлайн и очно.
- **Доступность:** Не все программы доступны в этом формате — только выбранные.
- **Виза:** АИТ не поддерживает визы для иностранных студентов во время онлайн-обучения.
- **Связь с преподавателями:** Учебные занятия проводятся через Zoom, и студенты могут участвовать в реальном времени.
- **Запись занятий:** Занятия записываются и доступны для просмотра позже.
- **Требования:** Нужен интернет, компьютер с камерой и микрофоном. Можно использовать смартфон, но рекомендуется компьютер.
- **Статус студента:** Студент получает статус АИТ, но виза не предоставляется для онлайн-обучения. Виза может быть оформлена при написании диссертации на территории кампуса.

---

### 📌 **Текст 2: Гибкий PhD Опция (Flexible PhD Option)**  
**Источник:** [https://ait.ac.th/study/flexible-phd-option](https://ait.ac.th/study/flexible-phd-option)

#### Основные моменты:
- **Формат обучения:** Также гибкий (гибридный) — онлайн и очно.
- **Доступность:** Аналогично мастерскому опции — доступно только для выбранных программ.
- **Виза:** Тоже не предоставляется для онлайн-обучения.
- **Связь с преподавателями:** Используется Zoom, студенты могут участвовать в реальном времени.
- **Запись занятий:** Занятия записываются и доступны для просмотра позже.
- **Требования:** Тоже интернет, компьютер с камерой и микрофоном. Можно использовать смартфон.
- **Статус студента:** Студент получает статус АИТ, но виза не предоставляется для онлайн-обучения. Виза может быть оформлена при написании диссертации на территории кампуса.

---

### 📌 **Сравнение текстов 1 и 2:**

| **Критерий** | **Flexible Masters Option** | **Flexible PhD Option** |
|-------------|-----------------------------|--------------------------|
| **Формат обучения** | Гибридный (онлайн + очно) | Гибридный (онлайн + очно) |
| **Доступность** | Только для выбранных программ | Только для выбранных программ |
| **Виза** | Не предоставляется для онлайн-обучения | Не предоставляется для онлайн-обучения |
| **Связь с преподавателями** | Через Zoom, реальное участие | Через Zoom, реальное участие |
| **Запись занятий** | Да | Да |
| **Требования к технике** | Интернет, компьютер с камерой и микрофоном | Интернет, компьютер с камерой и микрофоном |
| **Статус студента** | Студент АИТ | Студент АИТ |
| **Виза для диссертации** | Виза предоставляется при написании диссертации на кампусе | Виза предоставляется при написании диссертации на кампусе |

---

### 📌 **Вывод:**
Оба текста описывают **один и тот же формат обучения** — гибридный (онлайн + очно), доступный только для выбранных программ. Основные детали идентичны, за исключением того, что **Flexible PhD Option** упоминается в контексте программы магистра, а **Flexible Masters Option** — в контексте программы доктора. Это, вероятно, связано с тем, что оба текста относятся к разным программам, но используют один и тот же формат обучения.

Если вы хотите **сравнить программы**, то:

- **Flexible Masters Option** — для магистров.
- **Flexible PhD Option** — для кандидатов наук.

Однако **формат обучения и условия одинаковые** для обоих.

---

### 📌 **Итог:**
Тексты 1 и 2 описывают **один и тот же гибридный формат обучения**, доступный для выбранных программ, с одинаковыми условиями и техническими требованиями. Разница заключается в том, что они относятся к разным уровням образования (магистратура и докторантура), но **формат и условия одинаковые**.","Yes, the Asian Institute of Technology (AIT) offers online English Entry Tests (EET) for applicants. Applicants can choose to take the EET either in person at the AIT campus or remotely online. To register for the online EET, applicants need to meet certain equipment and environment requirements, pay a fee, and register at least 7 working days before the test date .  You can apply here  http://languages.ait.ac.th/prospective-students/  ","[""https://ait.ac.th/study/flexible-masters-option::c0007"", ""https://ait.ac.th/study/flexible-phd-option::c0007"", ""https://ait.ac.th/study/flexible-masters-option::c0008"", ""https://ait.ac.th/study/flexible-phd-option::c0008"", ""https://ait.ac.th/program/professional-master-in-environment-social-and-governance-esg::c0003""]",not_enough_info,0.375,0,1,0.375,3,8,0,0.8,0,not_enough_info,0.15,not_enough_info,0.95,0,0,0,"[rank 1] That’s up to you if you follow classes online via our Hybrid Mode or come to the classroom on campus. However, AIT does not support visas for non-Thai students during coursework time. Can I choose any program of AIT for the Flexible Master’s Option? No, this option is only available for selected programs. The full list of Flexible Master’s Option programs is mentioned above on this page. How I can follow the lectures remotely? All lectures will be delivered online via AIT’s Hybrid Mode of Instruction. You can attend the classes online in real-time. Currently, we are using ZOOM to connect to the class. The lecturer will be able to see you on ZOOM on a screen in the classroom. You will be able to interact with the lecturer and the students in class and online. Do I need to have my own Zoom account to follow the classes online? No, you do not need to have a Zoom account. You will receive a ZOOM invitation to login into the registered classes

---

[rank 2] That’s up to you if you follow classes online via our Hybrid Mode or come to the classroom on campus. However, AIT does not support visas for non-Thai students during coursework time. Can I choose any program of AIT for the Flexible Master’s Option? No, this option is only available for selected programs. The full list of Flexible Master’s Option programs is mentioned above on this page. How I can follow the lectures remotely? All lectures will be delivered online via AIT’s Hybrid Mode of Instruction. You can attend the classes online in real-time. Currently, we are using ZOOM to connect to the class. The lecturer will be able to see you on ZOOM on a screen in the classroom. You will be able to interact with the lecturer and the students in class and online. Do I need to have my own Zoom account to follow the classes online? No, you do not need to have a Zoom account. You will receive a ZOOM invitation to login into the registered classes

---

[rank 3] Do I need to have my own Zoom account to follow the classes online? No, you do not need to have a Zoom account. You will receive a ZOOM invitation to login into the registered classes. However, we require you to use your full name when you log in for the lecturer and the other students in class and online to see who you are. Are online classes recorded for later viewing? Yes, all classes will be recorded. You can view them any time later. What do I need to attend classes online? You need internet connection and a computer with camera and microphone. The other available option is to use a smartphone as well; however, we recommend you use a computer. Will I have AIT student status? Yes, you will be a registered AIT student like every student on campus. However, we do not provide a student visa for the time you conduct the online coursework. We will help you to obtain a student visa for the Master Thesis if you write the thesis on AIT campus

---

[rank 4] Do I need to have my own Zoom account to follow the classes online? No, you do not need to have a Zoom account. You will receive a ZOOM invitation to login into the registered classes. However, we require you to use your full name when you log in for the lecturer and the other students in class and online to see who you are. Are online classes recorded for later viewing? Yes, all classes will be recorded. You can view them any time later. What do I need to attend classes online? You need internet connection and a computer with camera and microphone. The other available option is to use a smartphone as well; however, we recommend you use a computer. Will I have AIT student status? Yes, you will be a registered AIT student like every student on campus. However, we do not provide a student visa for the time you conduct the online coursework. We will help you to obtain a student visa for the Master Thesis if you write the thesis on AIT campus

---

[rank 5] Students benefit from AIT’s hybrid multi-modal teaching model that combines online and in-class instruction with extensive practical exposure. Apply Now For more information [email protected] Subscribe to our newsletter Subscribe to our newsletter Follow us on social media We use cookies on our website to give you the most relevant experience by remembering your preferences and repeat visits. By clicking “Accept All”, you consent to the use of ALL the cookies. However, you may visit ""Cookie Settings"" to provide a controlled consent. Cookie Settings Accept All Manage consent Close Privacy Overview This website uses cookies to improve your experience while you navigate through the website. Out of these, the cookies that are categorized as necessary are stored on your browser as they are essential for the working of basic functionalities of the website. We also use third-party cookies that help us analyze and understand how you use this website",claim_level_sr,"Premise discusses English Entry Tests (EET) registration details, while hypothesis compares flexible study program formats (Masters/PhD) with technical requirements and visa policies. No direct logical connection exists between EET information and the study program comparison described in the hypothesis.","The premise discusses flexible learning formats for master's and PhD programs but provides no information about English Entry Tests (EET), their online/in-person availability, registration requirements, fees, or the specified URL. These claims are entirely absent from the premise.","[{""claim"": ""аналогия между двумя текстами, которые вы предоставили, заключается в том, что оба описывают **гибкий (flexible) подход к обучению** в АИТ (Asian Institute of Technology), но с небольшими различиями в деталях и акцентах."", ""label"": ""not_enough_info"", ""confidence"": 0.95, ""supported"": 0, ""rationale"": ""The Hypothesis refers to two texts but the Premise contains multiple texts without specifying which two are being compared. The provided texts have overlapping content but lack explicit confirmation of the stated analogy between two specific texts.""}, {""claim"": ""Давайте разберем их по отдельности и сравним."", ""label"": ""not_enough_info"", ""confidence"": 1.0, ""supported"": 0, ""rationale"": ""The hypothesis appears to be an instruction to analyze items separately, but the premise contains multiple unrelated sections without explicit claims that can be evaluated for entailment/contradiction.""}, {""claim"": ""### 📌 **Текст 1: Гибкий Мастерский Опция (Flexible Masters Option)**"", ""label"": ""entails"", ""confidence"": 0.95, ""supported"": 1, ""rationale"": ""The premise explicitly states that the Flexible Master’s Option is only available for selected programs, aligning with the hypothesis' claim about the option's availability.""}, {""claim"": ""*Источник:** [https://ait.ac.th/study/flexible-masters-option](https://ait.ac.th/study/flexible-masters-option)"", ""label"": ""not_enough_info"", ""confidence"": 1.0, ""supported"": 0, ""rationale"": ""The hypothesis provides a URL but no content from the linked page is included in the premise. The premise contains information about AIT's programs and policies, but there is no direct reference to the content of the specified URL or its relationship to the provided information.""}, {""claim"": ""#### Основные моменты:"", ""label"": ""not_enough_info"", ""confidence"": 1.0, ""supported"": 0, ""rationale"": ""The hypothesis content is missing, making it impossible to evaluate entailment or contradiction.""}, {""claim"": ""**Формат обучения:** Гибкий (гибридный) — онлайн и очно."", ""label"": ""entails"", ""confidence"": 1.0, ""supported"": 1, ""rationale"": ""The premise explicitly describes Hybrid Mode as combining online and in-person attendance, directly matching the hypothesis's \""гибридный (гибридный) — онлайн и очно\"" format.""}, {""claim"": ""**Доступность:** Не все программы доступны в этом формате — только выбранные."", ""label"": ""entails"", ""confidence"": 0.95, ""supported"": 1, ""rationale"": ""Premise explicitly states the Flexible Master’s Option is only available for selected programs, directly supporting the hypothesis claim.""}, {""claim"": ""**Виза:** АИТ не поддерживает визы для иностранных студентов во время онлайн-обучения."", ""label"": ""not_enough_info"", ""confidence"": 0.95, ""supported"": 0, ""rationale"": ""The premise specifies that AIT does not support visas for non-Thai students during coursework time, but the hypothesis refers to all foreign students during online studies. The premise does not explicitly state that non-Thai students are the only foreign students, nor does it confirm that online studies are the sole context for visa restrictions. Thus, the premise does not fully support the hypothesis.""}]"
What is the minimum EET score required?,"### 📌 **Summary of Admission Requirements for AIT Programs**

Below is a **comprehensive summary** of the **admission requirements** for various **programs at AIT**, including **GPA, English proficiency, and work experience** requirements. This summary is based on the provided sources and is organized by program type for clarity.

---

## 🎓 **1. Dual Degree Master’s Program in Semiconductor Engineering (AIT + Taipei Tech)**

### 📚 **Minimum Admission Requirements**
- **Academic Background**: Bachelor’s degree in Electrical Engineering or a closely related field (normally from a four-year program), or its equivalent.
- **GPA Requirement**: Undergraduate grades significantly above average; minimum GPA of **3.0** or equivalent.
- **English Proficiency**:
  - **IELTS**: 6.5 (with a minimum score of 6 in Writing)
  - **TOEFL IBT**: 80 (with a minimum score of 21–23 in Writing)

### 📅 **Semester Schedule**
- **Year 1**:
  - **Aug – Dec**: AIT (Thailand)
  - **Jan – May**: AIT (Thailand)
- **Intersem**: **May – July**: AIT (Thailand)
- **Year 2**:
  - **Aug – Dec**: AIT (Thailand)
  - **Jan – May**: AIT (Thailand)
- **Taipei Tech (Taiwan)**:
  - **May – July**: Taipei Tech
  - **Aug – Dec**: Taipei Tech

### 📌 **Admission Process**
- Interested candidates must apply directly to **either AIT (Option 1)** or **Taipei Tech (Option 2)** on or before **May 30**.

---

## 🎓 **2. Doctoral Programs (RTG Fellowships)**

### 📚 **Minimum GPA Requirements**
- **Bachelor’s Degree**: Minimum cumulative GPA of **3.00** on a 4.00 scale or equivalent.
- **Master’s Degree**: Minimum cumulative GPA of **3.50** on a 4.00 scale or equivalent.

### 📚 **English Proficiency Requirements**
- **IELTS**: 6.0 (with a minimum score of 6 in Writing)
- **AIT EET**: Score of **6 or above**

---

## 🎓 **3. Professional Master’s Programs (PMESG, PMDS, etc.)**

### 📚 **Minimum GPA Requirement**
- **Bachelor’s Degree**: Minimum GPA of **2.75** on a 4.00 scale or equivalent.

### 📚 **English Proficiency Requirements**
- **AIT-EET**: 6 or above
- **IELTS Academic**: Overall 6 (with a minimum of 6 in Writing)
- **TOEFL IBT**: 80 (with a minimum of 21–23 in Writing)
- **PTE Academic**: Overall 52 (with a minimum of 62–73 in Writing)

### 📚 **Work Experience Requirement**
- **Minimum of 3 years of work experience** in areas related to the academic program.
- Applicants must be **executives in organizations/companies**.

### 📅 **Delivery Mode**
- **PMESG** is designed for **regional mobile working professionals**.
- A module is offered **every month**, with **classes on two consecutive weekends**.
- The program uses a **hybrid multi-modal teaching model** that combines **online and in-class instruction** with **extensive practical exposure**.

---

## 🎓 **4. Bridging Program for Doctoral Applicants**

### 📚 **Minimum English Proficiency Requirements**
- **IELTS**: 5.5 (with a minimum of 6 in Writing)
- **AIT EET**: 5.5 or above
- **TOEFL IBT**: 80 (with a minimum of 21–23 in Writing)

### 📚 **Bridging Program Details**
- The program is **6 weeks long**.
- Upon completion, doctoral applicants can attain an **entry score of 5.5 or higher**.
- If the **donors cannot cover the full Bridging Program fee**, applicants will pay the **Bridging Program fee**.

---

## 📌 **Summary Table of Admission Requirements**

| **Program** | **Minimum GPA** | **English Proficiency** | **Work Experience** | **Additional Notes** |
|-------------|------------------|--------------------------|----------------------|------------------------|
| **Dual Degree (Semiconductor Engineering)** | 3.0 | IELTS 6.5 (Writing 6), TOEFL IBT 80 (Writing 21–23) | N/A | AIT + Taipei Tech |
| **Doctoral (RTG Fellowships)** | 3.0 (Bachelor), 3.5 (Master) | IELTS 6.0 (Writing 6), AIT EET 6 | N/A | English proficiency required |
| **Professional Master’s (PMESG, PMDS)** | 2.75 | IELTS 6 (Writing 6), TOEFL IBT 80 (Writing 21–23) | 3+ years in relevant field | Hybrid teaching model |
| **Bridging Program (Doctoral)** | N/A
[TRUNCATED]",Minimum Score is 6,"[""https://ait.ac.th/program/dual-degree-masters-program-in-semiconductor-engineering-with-the-national-taipei-university-of-technology-taipei-tech-taiwan::c0003"", ""https://ait.ac.th/financial/rtg-fellowships-ph-d-to-support-the-asian-innovation-hub::c0002"", ""https://ait.ac.th/eligibility/english-proficiency-requirement-for-admission::c0002"", ""https://ait.ac.th/program/professional-master-in-environment-social-and-governance-esg::c0002"", ""https://ait.ac.th/program/professional-masters-programme-in-data-science-and-ai-applications-ait-unitar-pmds::c0002""]",not_enough_info,0.375,0,1,0.375,3,8,0,0.8,0,not_enough_info,0.95,not_enough_info,0.95,0,0,0,"[rank 1] Minimum Admission Requirements Holds a bachelor’s degree in Electrical Engineering or a closely related field (normally from a four-year program), or its equivalent. Have undergraduate grades significantly above average; the minimum GPA requirement for admission is 3.0 or equivalent. English proficiency requirement: IELTS 6.5 (writing 6 minimum) or TOEFL IBT: 80 (writing 21-23). Semester Aug – Dec (Year 1) Jan – May (Year 1) May – July (Intersem) Aug – Dec (Year 2) Jan – May (Year 2) Institute AIT (Thailand) AIT (Thailand) AIT (Thailand) Taipei Tech (Taiwan) Taipei Tech (Taiwan) Degree MSc in Semi- conductor Engineering (AIT) MSc in Semi- conductor Engineering (AIT) MSc in Semi- conductor Engineering (AIT) MSc in Semi- conductor Engineering (Taipei Tech) MSc in Semi- conductor Engineering (Taipei Tech) Admission Process Interested candidates must apply directly to either AIT (Option 1) or Taipei Tech (Option 2) on or before May 30

---

[rank 2] cGPA Requirements Bachelor’s Degree: A minimum cumulative GPA of 3.00 on a 4.00 scale or equivalent Master’s Degree: A minimum cumulative GPA of 3.50 on a 4.00 scale or equivalent. English Proficiency Applicants must meet the English proficiency requirements stipulated by the AIT Language Center: an IELTS score of 6 (with a minimum score in the Writing section) or an AIT EET score of 6 or above

---

[rank 3] Official Test Scores. Submit an official test score. Test scores are valid for only two years from the testing date. IELTS-Academic OR AIT English Entry Test (EET) (Writing band only) Required Courses* Remarks 6.0 or higher – English requirements – satisfied 5.5 EL 19 Click here for more information on EL19 * Minimum entry requirements with conditions for doctoral applicants 5.0 EL 15 Click here for more information on EL15 * Minimum entry requirements for degree program admission with conditions for Master’s applicants Minimum entry requirements for the Bridging Program for doctoral applicants. Bridging Program Click here for information on the program dates. On the assumption that upon completing the 6-week Bridging Program, doctoral applicants can attain an entry score of 5.5 or higher prior to the start of their degree program at AIT. In case the donors of the students are not able to cover the full Bridging Program fee, applicants will pay the Bridging Program fee

---

[rank 4] The minimum GPA requirement for admission to the Masters Program is 2.75 or equivalent, at the Bachelor degree level; English Proficiency Requirement: AIT-EET:6 or IELTS- Academic:6 (writing 6) or TOEFL Paper: 550 (writing 59-61) or TOEFL CBT: 213 (writing 25-26): TOEFL IBT: 80 (writing 21-23); For the PM degree program, in addition to the above-mentioned eligibility requirements, an applicant must: have at least 3 years of work experience in areas related to the academic program at AIT and be executives in organizations/companies. Be in satisfactory physical and mental health. Satisfy English requirements by AIT. Delivery Mode PMESG is designed for the regional mobile working professional. A module is offered every month, with classes on two consecutive weekends. Students benefit from AIT’s hybrid multi-modal teaching model that combines online and in-class instruction with extensive practical exposure

---

[rank 5] program), or its equivalent from an accredited institution in relevant areas with a minimum cumulative grade point average of 2.75 (4.0 scale); English Proficiency Requirement: AIT-EET: 6; IELTS Academic: overall 6 (writing 6); TOEFL iBT: overall 80 (writing 21-23); PTE Academic: overall 52 (writing 62-73); Minimum of 3 years of work experience in relevant areas",claim_level_sr,"The premise 'Minimum Score is 6' is ambiguous and does not specify which requirement (GPA, English proficiency, etc.) it refers to. The hypothesis includes multiple minimum scores (e.g., 3.0 GPA, IELTS 6.5, etc.), none of which are fully supported or contradicted by the vague premise.","The premise mentions multiple minimum scores (e.g., IELTS 6.5, 6.0, 6.0, 6.0, 5.5) depending on program and test section. The hypothesis 'Minimum Score is 6' is too vague to be fully supported by the varying requirements across different programs and test components.","[{""claim"": ""### 📌 **Summary of Admission Requirements for AIT Programs**"", ""label"": ""not_enough_info"", ""confidence"": 0.95, ""supported"": 0, ""rationale"": ""The premise contains varying GPA and English proficiency requirements across different programs (e.g., 3.0 vs. 2.75, IELTS 6.5 vs. 6.0). The hypothesis generalizes these as universal requirements, which the premise does not fully support.""}, {""claim"": ""Below is a **comprehensive summary** of the **admission requirements** for various **programs at AIT**, including **GPA, English proficiency, and work experience** requirements."", ""label"": ""entails"", ""confidence"": 1.0, ""supported"": 1, ""rationale"": ""The Premise provides detailed GPA requirements (3.0, 3.5, 2.75), English proficiency criteria (IELTS, TOEFL, AIT-EET), and work experience mandates (3 years) for various AIT programs, fully supporting the Hypothesis's summary of these requirements.""}, {""claim"": ""This summary is based on the provided sources and is organized by program type for clarity."", ""label"": ""not_enough_info"", ""confidence"": 0.95, ""supported"": 0, ""rationale"": ""The premise provides admission requirements but does not explicitly state how the summary is organized. The hypothesis claims the summary is structured by program type, but the premise lacks explicit information about its organizational structure.""}, {""claim"": ""## 🎓 **1."", ""label"": ""not_enough_info"", ""confidence"": 0.95, ""supported"": 0, ""rationale"": ""The hypothesis content is missing, making it impossible to evaluate entailment or contradiction.""}, {""claim"": ""Dual Degree Master’s Program in Semiconductor Engineering (AIT + Taipei Tech)**"", ""label"": ""not_enough_info"", ""confidence"": 0.95, ""supported"": 0, ""rationale"": ""Premise describes separate MSc programs at AIT and Taipei Tech with distinct admission processes, but does not mention or imply a dual degree program combining both institutions.""}, {""claim"": ""### 📚 **Minimum Admission Requirements**"", ""label"": ""not_enough_info"", ""confidence"": 0.5, ""supported"": 0, ""rationale"": """"}, {""claim"": ""**Academic Background**: Bachelor’s degree in Electrical Engineering or a closely related field (normally from a four-year program), or its equivalent."", ""label"": ""entails"", ""confidence"": 0.95, ""supported"": 1, ""rationale"": ""Premise [rank 1] explicitly states the academic background requirement matches the hypothesis: Bachelor’s degree in Electrical Engineering or closely related field (four-year program) or equivalent.""}, {""claim"": ""**GPA Requirement**: Undergraduate grades significantly above average; minimum GPA of **3.0** or equivalent."", ""label"": ""entails"", ""confidence"": 0.95, ""supported"": 1, ""rationale"": ""Premise [rank 1] explicitly states the minimum GPA requirement is 3.0 or equivalent with 'undergraduate grades significantly above average,' directly matching the hypothesis.""}]"
What is the AIT English Entry Test (AIT-EET)?,"### ✅ **AIT English Proficiency Requirements Summary (Based on Context)**

Here is a **clear and concise summary** of the **English proficiency requirements** for admission to the **Asian Institute of Technology (AIT)**, based on the provided context:

---

## 📌 **English Proficiency Requirements for Admission**

### ✅ **Accepted Tests and Minimum Scores:**

| **Test**               | **Minimum Score** | **Notes** |
|------------------------|-------------------|-----------|
| **AIT-EET**            | **6**             | Required for most programs |
| **IELTS Academic**     | **6.0**           | Writing score must be **6.0** |
| **TOEFL IBT**          | **80**            | Writing score must be **21–23** |
| **PTE Academic**       | **62–73**         | Writing score must be **62–73** |

---

## 📌 **Exemptions:**

- **Citizens of English-speaking countries** (e.g., Australia, Canada, Ireland, New Zealand, UK, USA) are **exempt** from submitting English proficiency test scores.
- **Proof of citizenship** must be submitted to confirm exemption.

---

## 📌 **English Medium Instruction (EMI) Certificate:**

- Applicants who have earned a degree from a university where **English is the sole medium of instruction** may submit a **certificate** signed by the University Registrar.
- AIT **reserves the right** to accept or reject such certificates.
- If accepted, applicants must take the **AIT Academic Writing Test (AWPT)** upon arrival and score **at least 5** to register for courses.

---

## 📌 **Language Support Fee:**

- A **one-time flat fee of 2,000 Baht** is required for **academic English literacy development**.
- This covers **English and research communication courses and workshops** (except for compulsory English classes for conditional offers).

---

## 📌 **Program-Specific Requirements:**

| **Program** | **English Proficiency Requirement** |
|-------------|-------------------------------------|
| **Doctor of Philosophy (PhD) in Management** | AIT-EET: 6 or IELTS: 6 (Writing 6) or TOEFL: 80 (Writing 21–23) or PTE: 62–73 (Writing Score) |
| **Professional Master’s (e.g., PMESG, PMDS)** | AIT-EET: 6 or IELTS: 6 (Writing 6) or TOEFL: 80 (Writing 21–23) or PTE: 62–73 (Writing Score) |
| **Bridging Program for Doctoral Applicants** | IELTS: 5.5 (Writing 6), AIT-EET: 5.5 or above |
| **Dual Degree (Semiconductor Engineering)** | IELTS: 6.5 (Writing 6), TOEFL: 80 (Writing 21–23) |
| **General Admissions (Master’s/Doctoral)** | AIT-EET: 6 or IELTS: 6 (Writing 6) or TOEFL: 80 (Writing 21–23) or PTE: 62–73 (Writing Score) |

---

## 📌 **Additional Notes:**

- **Test scores are valid for 2 years** from the testing date.
- **Conditional offers** may require applicants to take English proficiency tests **after admission**.
- **AIT is committed to supporting students** in improving their English skills through **language courses and workshops**.

---

## 📌 **Key Takeaways:**

- **AIT-EET** is a **required test** for most programs.
- **IELTS, TOEFL, and PTE** are **accepted alternatives**.
- **Citizens of English-speaking countries** are **exempt** from submitting English test scores.
- **EMI certificates** may be accepted, but **AWPT** is required.
- **Language support** is provided through **courses and workshops**, with a **one-time fee**.

---

## 📌 **Final Note:**

If you're applying to **AIT**, it's essential to **check the specific program requirements**, as they can vary slightly depending on the **degree level (Master’s or Doctoral)** and the **partner institution** (e.g., Taipei Tech).

Let me know if you'd like help **comparing programs** or **preparing your application**!","The Language Center (LC) offers a 90-minute in-house test of English proficiency called the AIT English Entry Test (EET). The score is based on a nine-point scale similar to the IELTS test. The Writing score, which is the most important at AIT, is based on an essay. The test result will be e-mailed within 7 days. The LC will report the test result to the AIT Admissions only if the score is satisfactory for provisional admission. If applicants fail to obtain the minimum score requirements for admission, they may take the test again.
There is no limit to the number of times they can take the test, but we encourage applicants to study and improve their English before retesting. The test is conducted several times per week on campus.
Alternatively, the test can be taken online through our online EET test application.
For more information or English test application, please see here http://languages.ait.ac.th/prospective-students/ .
","[""https://ait.ac.th/eligibility/english-proficiency-requirement-for-admission::c0000"", ""https://ait.ac.th/eligibility/english-proficiency-requirement-for-admission::c0001"", ""https://ait.ac.th/eligibility/english-proficiency-requirement-for-admission::c0006"", ""https://ait.ac.th/program/doctor-of-philosophy-ph-d-in-management::c0009"", ""https://ait.ac.th/financial/ait-alumni-association-hong-kong-macau-chapter-masters-scholarship::c0001""]",not_enough_info,0.75,0,1,0.75,6,8,0,0.8,0,not_enough_info,0.95,not_enough_info,0.95,0,0,0,"[rank 1] English Proficiency Requirement For Admission - Asian Institute of Technology Home > Eligibility > English Proficiency Requirement For Admission English Proficiency Requirement For Admission AIT is an international institute with a mission to serve as a platform for international students from the full spectrum of highly developed to less developed countries. Its residential campus is today a small replica of the world without borders. English is, therefore, its official medium, not only in the classroom but in everyday life, in the interaction among all members of the AIT Community. AIT is committed to investing in our students’ English multi-literacy proficiency and success. The institute has a human development mandate and works with students to ensure professional competency and to ensure that AIT graduates will advance to become future global leaders in the globalization age

---

[rank 2] Thus, we provide courses in academic English literacy development to assist students in continuously improving their communication skills while studying at AIT. All academic English and research communication courses and workshops(except for compulsory English classes for conditional offers) throughout the duration of study are included in the 2,000 Baht one-time flat Language Support fee that students are required to pay at entry. AIT ENGLISH REQUIREMENTS FOR ADMISSION There are three ways to satisfy the AIT English requirements for admission. Official Test Scores. Submit an official test score. Test scores are valid for only two years from the testing date

---

[rank 3] (Writing Band) PTE Academic (writing score) 4.5 4.5 50 (12-13) n/a 5 5 60 (14-17) 43-50 5.5 5.5 70 (18-20) 51-61 6 6 80 (21-23) 62-73 Exemption, Applicants who are citizens of an English-speaking country (e.g., Australia, Canada, Ireland, New Zealand, the UK, and the USA) are exempted. Proof of citizenship must be submitted. Certificate of English Medium Instruction Applicants who have earned a degree at a university at which English is the sole medium of instruction may submit a document signed by the University Registrar attesting to the English medium of instruction. AIT reserves the right to accept or reject such certificates based on our extensive list of recognized certificates of English Medium of Instruction. Applicants who submit an acceptable certificate are required to sit the AIT Academic Writing Test (AWPT) upon arrival/enrollment and must obtain a score of 5. If the score is less than 5, he or she will not be allowed to register for the courses

---

[rank 4] ​ English Proficiency Requirement: AIT-EET:6 or IELTS-Academic:6 (writing 6) or TOEFL IBT: 80 (writing 21-23) or PTE Academic: 62-73 (Writing Score). For more information regarding English requirements:​ https://www.ait.ac.th/admissions/eligibility/ ​​​ Intake ​ Two entries/Year (January & August) Application Deadline: 30 June (for overseas applicants, requiring an educational visa) and 25 July (for other applicants) ​ Fees Tuition Fees: 1,484,000 Thai Baht (84 Credits) For more information regarding tuition & fees: https://ait.ac.th/tuition-and-fees/ ​​​ bottom of page

---

[rank 5] Any programs Candidate should have a cumulative GPA of at least 2.75 Candidate should pass IELTS with a score of 6.0 or AIT-EET Score of 6.0 Applicant must fulfill the AIT Entry Requirement s Deadline for January 2026 intake:  15 November 2025 Apply here https://admission.ait.ac.th/aoas/Applicant/FirstPage.aspx Further Inquiries For further inquiries on AIT Admissions Requirements and Procedures, applicants can visit the  AIT Admissions website. You may also contact the following address: Admissions and Scholarships Unit Asian Institute of Technology P.O. Box 4, KlongLuang Pathumthani 12120 THAILAND (662) 524 5024, 31-33 [email protected] Subscribe to our newsletter Subscribe to our newsletter Follow us on social media We use cookies on our website to give you the most relevant experience by remembering your preferences and repeat visits. By clicking “Accept All”, you consent to the use of ALL the cookies. However, you may visit ""Cookie Settings"" to provide a controlled consent",claim_level_sr,"The premise only describes the AIT-EET test structure, scoring, and retake policy. It does not mention IELTS/TOEFL/PTE requirements, exemptions for English-speaking countries, EMI certificates, language support fees, program-specific requirements, score validity periods, or conditional offer rules detailed in the hypothesis.","The Hypothesis contains specific details about the AIT-EET test (e.g., 9-point scale, essay-based writing score, 7-day result turnaround, retake policies, online option) not mentioned in the Premise. The Premise only specifies minimum scores and general test requirements without confirming these additional claims.","[{""claim"": ""### ✅ **AIT English Proficiency Requirements Summary (Based on Context)**"", ""label"": ""entails"", ""confidence"": 0.95, ""supported"": 1, ""rationale"": ""Premise explicitly lists all test score requirements (IELTS 6.0, TOEFL 80, PTE 62-73, AIT-EET 6), exemptions for English-speaking countries, certificate requirements with AWPT score 5, and language support fee details matching the hypothesis summary.""}, {""claim"": ""Here is a **clear and concise summary** of the **English proficiency requirements** for admission to the **Asian Institute of Technology (AIT)**, based on the provided context:"", ""label"": ""entails"", ""confidence"": 0.95, ""supported"": 1, ""rationale"": ""The premise explicitly lists the specific English proficiency requirements (AIT-EET:6, IELTS 6.0, TOEFL 80, PTE 62-73) and exemption criteria for English-speaking countries, fully supporting the hypothesis summary.""}, {""claim"": ""## 📌 **English Proficiency Requirements for Admission**"", ""label"": ""entails"", ""confidence"": 0.95, ""supported"": 1, ""rationale"": ""The premise explicitly lists specific English proficiency requirements (IELTS 6.0, TOEFL 80, PTE 62-73, AIT-EET 6) and exemption criteria, fully supporting the hypothesis about admission English requirements.""}, {""claim"": ""### ✅ **Accepted Tests and Minimum Scores:**"", ""label"": ""entails"", ""confidence"": 0.95, ""supported"": 1, ""rationale"": ""Premise explicitly lists accepted tests (IELTS, TOEFL, PTE, AIT-EET) with minimum scores (IELTS 6.0, TOEFL 80, PTE 62-73, AIT-EET 6.0) matching hypothesis claims.""}, {""claim"": ""| **Test**               | **Minimum Score** | **Notes** |"", ""label"": ""entails"", ""confidence"": 0.95, ""supported"": 1, ""rationale"": ""The premise explicitly lists minimum scores for each test (IELTS 6.0, TOEFL 80, PTE 62-73, AIT-EET 6) matching the hypothesis table's structure and requirements.""}, {""claim"": ""|------------------------|-------------------|-----------|"", ""label"": ""not_enough_info"", ""confidence"": 1.0, ""supported"": 0, ""rationale"": ""The hypothesis is missing or not provided in the input, making it impossible to evaluate entailment or contradiction.""}, {""claim"": ""| **AIT-EET**            | **6**             | Required for most programs |"", ""label"": ""not_enough_info"", ""confidence"": 0.95, ""supported"": 0, ""rationale"": ""The premise lists AIT-EET:6 as one of several acceptable English proficiency options (alongside IELTS, TOEFL, PTE), but does not explicitly state it is required for 'most programs.' The hypothesis assumes a broader requirement than the premise supports.""}, {""claim"": ""| **IELTS Academic**     | **6.0**           | Writing score must be **6.0** |"", ""label"": ""entails"", ""confidence"": 0.95, ""supported"": 1, ""rationale"": ""Premise explicitly states IELTS-Academic:6 (writing 6) in rank 4, matching both the overall score and writing score requirements in the hypothesis.""}]"
How much is the application processing fee?,"ᾗ

The **minimum registration fee** for both the **Flexible PhD Option** and **Flexible Masters Option** at **AIT (Asian Institute of Technology)** is **10,000 Thai Baht per semester**, based on registering for a **minimum of 6 credits** (typically 2 courses). 

### Breakdown of Registration Fee:
- **Per credit**: 1,667 Thai Baht  
- **For 3 credits**: 5,000 Thai Baht  
- **For 6 credits**: 10,000 Thai Baht  

---

### Key Notes:
- **Visa Support**:  
  AIT will assist with obtaining a **student visa** if you come to campus **after completing your coursework** to conduct **thesis research (24 credits)** or **research study (12 credits)**.  
  - You **will not** receive a student visa for the time you spend on coursework from your home country.  
  - If your program requires **on-campus lab work**, AIT will also support your visa.

- **Other Fees** (per semester):  
  - **Student Union Fee**: 150 Thai Baht  
  - **Medical Fee**: 1,250 Thai Baht (optional or provide a copy of international medical insurance)  
  - **Student ID Card Fee**: 100 Thai Baht  

---

### Summary:
- **Minimum Registration Fee (per semester)**: **10,000 Thai Baht**  
- **Visa Support**: Available for on-campus research or lab work after coursework  
- **Other Fees**: Included in the semester cost  

Let me know if you'd like help calculating total costs for a full program or semester!",The processing fee is Baht 800 or US$25.,"[""https://ait.ac.th/special-students-exchange-and-visiting-students::c0001"", ""https://ait.ac.th/program/dual-degree-masters-program-in-water-engineering-and-management-with-the-university-of-iowa::c0003"", ""https://ait.ac.th/special-students-exchange-and-visiting-students::c0002"", ""https://ait.ac.th/study/flexible-phd-option::c0010"", ""https://ait.ac.th/study/flexible-masters-option::c0010""]",entails,0.875,1,0,0.875,7,8,1,0.8,0,not_enough_info,1.0,not_enough_info,1.0,0,0,0,"[rank 1] Pay the process fees—Pay the application processing fee of US$25 or Baht 800. The following fee will be charged upon enrollment. Student ID card fee: 100 Baht Student Union fee: 150 Baht per semester Medical fee: 1,250 Baht per semester ( optional or provide a copy of international medical insurance ) Incoming visiting students: Students coming from non-AIT Partner universities need to submit the following documents together with the online application form Bachelor’s transcript and degree certificate (for continuing student; transcript from 1st to current year) Approval letter /recommendation letter from the home university stating that he or she is allowed as a visiting student at AIT Pay the application processing fee of US$25 or Baht 800

---

[rank 2] Admission Process Interested candidates should apply for admission at AIT, which can be done online on the website: www.ait.ac.th/admissions The application deadline for AIT is 30 May for the following August. Students need to submit their applications for admission to UI during their first year at AIT. Online application for the Civil & Environmental Engineering program at UI can be found on the website: https://www.engineering.uiowa.edu/future-students/graduate-studies/line-application The application deadline for UI is 28 February. Students need to submit their application for admission to UI by February 28 during their year of studies at AIT. The selected candidates will receive an admission letter from UI during their first year at AIT. Course Expenses AIT (first year) UI (second year) Tuition Fee: U.S. $19,200 Tuition Fee: U.S. $30,900 Registration Fee: U.S. $1,333 Living Cost & Other: U.S. $15,000 Living Costs & Other: U.S

---

[rank 3] The following fees will be charged upon enrollment per semester: Registration fee: 20,000 Thai Baht per semester* Student Union fee: 150 Thai Baht Medical fee: 1,250 Thai Baht (optional or  provide a copy of international medical insurance) Student ID card: 100 Thai Baht If registered for the courses, 16,000 Baht will be charged per credit Laboratory fees will be charged on a case-by-case basis. * If visiting  as an Intern for a month or less, registration fees of 5,000 Baht will be charged per month Subscribe to our newsletter Subscribe to our newsletter Follow us on social media We use cookies on our website to give you the most relevant experience by remembering your preferences and repeat visits. By clicking “Accept All”, you consent to the use of ALL the cookies. However, you may visit ""Cookie Settings"" to provide a controlled consent

---

[rank 4] How much is the registration fee? The registration fee is calculated per credit of your registered courses per semester. The registration fee per credit is 1,667 Thai Baht. For a typical course of 3 credits, the fee is 5000 Thai Baht. You need to register for a minimum of 6 credits (typically 2 courses); then your total registration fee will be 10,000 Thai Baht per semester. Will AIT help me to get a study visa and come to Campus? Yes, if you come to campus after the completion of your coursework to conduct your thesis research (24 credits) or research study (12 credits) AIT will help you to get a student visa to come to campus. You will not get a student visa for the time you spend on coursework from your home country. Some programs may have a lab for which you need to come to campus. In those cases, AIT will also support your visa

---

[rank 5] How much is the registration fee? The registration fee is calculated per credit of your registered courses per semester. The registration fee per credit is 1,667 Thai Baht. For a typical course of 3 credits, the fee is 5000 Thai Baht. You need to register for a minimum of 6 credits (typically 2 courses); then your total registration fee will be 10,000 Thai Baht per semester. Will AIT help me to get a study visa and come to Campus? Yes, if you come to campus after the completion of your coursework to conduct your thesis research (24 credits) or research study (12 credits) AIT will help you to get a student visa to come to campus. You will not get a student visa for the time you spend on coursework from your home country. Some programs may have a lab for which you need to come to campus. In those cases, AIT will also support your visa",claim_level_sr,"The premise only mentions a processing fee of Baht 800/US$25, while the hypothesis details a minimum registration fee of 10,000 Baht per semester with additional fees and visa support. The premise provides no information about registration fees, credit-based pricing, or other listed charges.","The premise does not mention a ""processing fee"" or any fee close to 800 Baht or $25. All fees listed are for registration, union, medical, and ID card, with registration being 10,000 Baht for 6 credits.","[{""claim"": ""The **minimum registration fee** for both the **Flexible PhD Option** and **Flexible Masters Option** at **AIT (Asian Institute of Technology)** is **10,000 Thai Baht per semester**, based on registering for a **minimum of 6 credits** (typically 2 courses)."", ""label"": ""entails"", ""confidence"": 0.95, ""supported"": 1, ""rationale"": ""The premise explicitly states that registering for a minimum of 6 credits (typically 2 courses) results in a total registration fee of 10,000 Thai Baht per semester, which directly matches the hypothesis's claim about the minimum registration fee for the specified options.""}, {""claim"": ""### Breakdown of Registration Fee:"", ""label"": ""entails"", ""confidence"": 0.95, ""supported"": 1, ""rationale"": ""Premise details registration fee breakdown per credit (1,667 Baht/credit) and examples (6 credits = 10,000 Baht/semester), directly supporting the hypothesis about registration fee structure.""}, {""claim"": ""**Per credit**: 1,667 Thai Baht"", ""label"": ""entails"", ""confidence"": 0.95, ""supported"": 1, ""rationale"": ""Rank 4 and 5 explicitly state the registration fee per credit is 1,667 Thai Baht, directly matching the hypothesis.""}, {""claim"": ""**For 3 credits**: 5,000 Thai Baht"", ""label"": ""entails"", ""confidence"": 1.0, ""supported"": 1, ""rationale"": ""Premise ranks 4 and 5 explicitly state that 3 credits cost 5,000 Thai Baht, directly supporting the hypothesis.""}, {""claim"": ""**For 6 credits**: 10,000 Thai Baht"", ""label"": ""entails"", ""confidence"": 0.95, ""supported"": 1, ""rationale"": ""The premise explicitly states that registering for a minimum of 6 credits results in a total registration fee of 10,000 Thai Baht per semester.""}, {""claim"": ""### Key Notes:"", ""label"": ""not_enough_info"", ""confidence"": 1.0, ""supported"": 0, ""rationale"": ""The Hypothesis section is missing content, making it impossible to evaluate entailment or contradiction.""}, {""claim"": ""**Visa Support**:"", ""label"": ""entails"", ""confidence"": 0.95, ""supported"": 1, ""rationale"": ""The premise explicitly states that AIT helps students obtain a student visa to come to campus for thesis research or research study, supporting the hypothesis about visa support.""}, {""claim"": ""AIT will assist with obtaining a **student visa** if you come to campus **after completing your coursework** to conduct **thesis research (24 credits)** or **research study (12 credits)**."", ""label"": ""entails"", ""confidence"": 1.0, ""supported"": 1, ""rationale"": ""The premise explicitly states that AIT will assist with obtaining a student visa if coming to campus after completing coursework for thesis research (24 credits) or research study (12 credits), matching the hypothesis exactly.""}]"
How can I obtain the application form?,"### **Application Processing Fee at AIT (Asian Institute of Technology)**

The **application processing fee** at AIT is **not explicitly mentioned** in the provided context. However, based on the **tuition and fees** information and the **application process** details, we can infer the following:

---

## ✅ **Key Information from the Context:**

### 1. **Tuition and Fees (from source [2])**
- **Minimum Registration Fee (per semester)**: **10,000 Thai Baht**  
  - Based on registering for a **minimum of 6 credits** (typically 2 courses).  
  - **Per credit**: 1,667 Thai Baht  
  - **For 3 credits**: 5,000 Thai Baht  
  - **For 6 credits**: 10,000 Thai Baht  

- **Other Fees (per semester)**:
  - **Student Union Fee**: 150 Thai Baht  
  - **Medical Fee**: 1,250 Thai Baht (optional or provide a copy of international medical insurance)  
  - **Student ID Card Fee**: 100 Thai Baht  

> **Note**: These are **tuition and fee** charges, not the **application processing fee**.

---

### 2. **Application Process (from sources [1][3][4][5])**
- **Application Fee**: **Not explicitly stated** in the provided context.  
- **Application Steps**:
  - Submit an **online application** via the AIT website.
  - Submit **required documents** such as:
    - Study Plan
    - Research Plan
    - Recommendation Letters
    - Certificates
    - Work certificate
    - Income statement
    - Spouse or parent income statement (if applicable)
    - ADB-JSP Information Sheet (for scholarship applicants)
  - For **LPDP scholarship applicants**, you must:
    - Submit the **AIT application** and receive an **offer letter**.
    - Submit the **required documents** to the **LPDP website**.
    - Complete the **application by 18 July 2026** for 2026 admission.

- **Contact for Application Support**:
  - Email: **[email protected]**  
  - Website: [AIT Online Application](https://ait.ac.th/study/open-master-of-engineering-science-in-interdisciplinary-studies-omis)

---

## 📌 **Summary of Application Processing Fee at AIT**

| **Item** | **Description** | **Amount (Thai Baht)** |
|----------|------------------|-------------------------|
| **Application Processing Fee** | Not explicitly mentioned in the context | **Not specified** |
| **Tuition and Registration Fee (per semester)** | Minimum for 6 credits | **10,000** |
| **Student Union Fee** | Per semester | **150** |
| **Medical Fee** | Optional | **1,250** |
| **Student ID Card Fee** | Per semester | **100** |

---

## 📝 **Recommendation:**
If you are applying for a **scholarship** (e.g., **ADB-JSP** or **LPDP**), you may **not need to pay the application processing fee**, as the scholarship may cover it. However, if you are applying **without a scholarship**, you may need to **pay the application processing fee** as part of the application process.

---

## 📞 **Contact for Further Clarification:**
- **Email**: [email protected]  
- **Website**: [AIT Tuition and Fees](https://ait.ac.th/tuition-and-fees)

Let me know if you'd like help with the **application process**, **document checklist**, or **scholarship eligibility**!","Application to AIT is now fully online. Thus, please apply using the Online Application System https://admission.ait.ac.th/aoas/Applicant/FirstPage.aspx .","[""https://ait.ac.th/financial/asian-development-bank-japan-scholarship-program-adb-jsp::c0004"", ""https://ait.ac.th/tuition-and-fees::c0006"", ""https://ait.ac.th/financial/lpdp-scholarships-indonesia-government-scholarships-for-indonesian::c0001"", ""https://ait.ac.th/study/open-master-of-engineering-science-in-interdisciplinary-studies-omis::c0009"", ""https://ait.ac.th/financial/lpdp-scholarships-indonesia-government-scholarships-for-indonesian::c0002""]",not_enough_info,0.125,0,1,0.125,1,8,0,0.8,0,not_enough_info,1.0,not_enough_info,0.6,0,0,0,"[rank 1] Work certificate provided by the employer. Income statement. If married, please submit the spouse income statement; otherwise, parent income statement ADB-JSP Information sheet. C. Procedures for Applying: Applicants should request information and application forms from the chosen DI (e.g. AIT). Applicants are encouraged to access various resources, including the DI’s website & handbooks, and DI information sessions held in-country, to assist them in making an informed decision on the DI and course they wish to undertake. Applicants should indicate to AIT that they are applying for admission and that they would like to be considered for the ADB-JSP Scholarship. The completed DI application form and required documentation, including the ADB-JSP Information Sheet form, should be submitted to AIT. Applicants must ensure that they submit accurate and complete documentation

---

[rank 2] [email protected] (Cashier) with the student ID number/invoice numbe r (enrolled students) or the Application number of the new incoming studen t Apply Admissions Eligibility Financial aid Tuition and fees Student housing Apply online Frequently Asked Questions Subscribe to our newsletter Subscribe to our newsletter Follow us on social media We use cookies on our website to give you the most relevant experience by remembering your preferences and repeat visits

---

[rank 3] Once they receive the official offer of admission (this covers all financial details of the cost of the program), they can submit these documents to LPDP to secure the full scholarship to AIT if they meet the LPDP criteria. Those interested in applying for the programs below for January or August 2026 admission (this also includes March and June 2026 for further MBA admission enrolments) have until 18 July 2026 to complete the full application, receive an offer letter, and complete the other steps outlined below. The detailed information on the application process: 2026 Scholarship Application Register online on the LPDP Scholarship Registration website: https://beasiswalpdp.kemenkeu.go.id Complete the AIT application process and receive an AIT offer letter. Complete and upload all required documents on the registration application to the address in #1.  This includes Recommendation Letters, Certificates, or similar documents are issued in accordance with LPDP regulations

---

[rank 4] How to Apply? To apply, go to the AIT online application form by Clicking Here and choose “Open Master of Engineering/Science in Interdisciplinary Studies”. You also need to submit a Study Plan and a Research Plan in addition to the other required documents. Deadline The application deadline is like our other programs. Check Deadline Payment The payment follows the same process as for other programs. All details to make payments are at this website, Click here. Contact & Support For more Inquiry, please contact the us at this email: [email protected] Apply Now Program brochure For more information Click this link Subscribe to our newsletter Subscribe to our newsletter Follow us on social media We use cookies on our website to give you the most relevant experience by remembering your preferences and repeat visits. By clicking “Accept All”, you consent to the use of ALL the cookies. However, you may visit ""Cookie Settings"" to provide a controlled consent

---

[rank 5] (Detailed information regarding the documents can be found in the booklet or guidebook for each program on the official LPDP website.) Ensure to submit the registration application to obtain the registration code. 2026 Registration and Selection Schedule The selection process can be conducted online, offline, or a combination of both (hybrid), in accordance with LPDP policies, and will be communicated later. Therefore, in the registration application, applicants must choose the city/location for the Selection as provided by LPDP. This is done as a precautionary measure in case the Selection process will be conducted offline or in a hybrid manner in the future. If you need any assistance, please write to us at this email: [email protected] , [email protected] Subscribe to our newsletter Subscribe to our newsletter Follow us on social media We use cookies on our website to give you the most relevant experience by remembering your preferences and repeat visits",claim_level_sr,"The premise only states that AIT applications are fully online but provides no information about application processing fees. The hypothesis correctly notes the fee is not explicitly mentioned in the context, which aligns with the premise containing no relevant fee information.","The premise mentions submitting an online application via the AIT website but does not explicitly confirm that the entire application process is ""fully online."" The hypothesis provides a specific URL not directly referenced in the premise, and the premise does not definitively address whether all application steps are conducted online.","[{""claim"": ""### **Application Processing Fee at AIT (Asian Institute of Technology)**"", ""label"": ""not_enough_info"", ""confidence"": 0.95, ""supported"": 0, ""rationale"": ""The premise does not mention any application processing fee specifically. While payment processes are referenced, they relate to tuition/fees, not application fees.""}, {""claim"": ""The **application processing fee** at AIT is **not explicitly mentioned** in the provided context."", ""label"": ""not_enough_info"", ""confidence"": 0.95, ""supported"": 0, ""rationale"": ""The premises describe application processes, required documents, and deadlines but do not mention an application processing fee. The hypothesis states the fee is not explicitly mentioned, which aligns with the absence of such information in the premises, but the premises do not definitively confirm or deny its existence.""}, {""claim"": ""However, based on the **tuition and fees** information and the **application process** details, we can infer the following:"", ""label"": ""not_enough_info"", ""confidence"": 0.95, ""supported"": 0, ""rationale"": ""The premise mentions tuition/fees and application process elements but lacks specific details about tuition amounts, fee structures, or explicit links between application steps and financial obligations, making it impossible to fully support the hypothesis.""}, {""claim"": ""## ✅ **Key Information from the Context:**"", ""label"": ""not_enough_info"", ""confidence"": 1.0, ""supported"": 0, ""rationale"": ""The hypothesis content is missing, making it impossible to evaluate entailment or contradiction.""}, {""claim"": ""### 1."", ""label"": ""not_enough_info"", ""confidence"": 1.0, ""supported"": 0, ""rationale"": ""The hypothesis is missing and cannot be evaluated against the premise.""}, {""claim"": ""**Tuition and Fees (from source [2])**"", ""label"": ""entails"", ""confidence"": 0.95, ""supported"": 1, ""rationale"": ""Premise [rank 2] explicitly mentions 'Tuition and fees' in its content, directly supporting the hypothesis's reference to this topic in source [2].""}, {""claim"": ""**Minimum Registration Fee (per semester)**: **10,000 Thai Baht**"", ""label"": ""not_enough_info"", ""confidence"": 1.0, ""supported"": 0, ""rationale"": ""The premise contains no information about registration fees or financial costs, making it impossible to verify the hypothesis about a 10,000 Thai Baht minimum fee.""}, {""claim"": ""Based on registering for a **minimum of 6 credits** (typically 2 courses)."", ""label"": ""not_enough_info"", ""confidence"": 1.0, ""supported"": 0, ""rationale"": ""The premise provides no information about credit requirements or course registration criteria, making it impossible to determine entailment or contradiction.""}]"
What scholarships are offered by AIT?,"🐻 **How to Obtain the Application Form at AIT (Asian Institute of Technology)**

To obtain the **application form** for a Master’s or Doctoral program at AIT, follow these steps:

---

## ✅ **Step-by-Step Guide to Obtain the Application Form**

### 1. **Visit the AIT Official Website**
Go to the [AIT Study Page](https://ait.ac.th/study) to access the **online application system** and **application form**.

- **Website**: [https://ait.ac.th/study](https://ait.ac.th/study)

### 2. **Select the Program You Are Interested In**
Choose the specific **Master’s or Doctoral program** you want to apply for (e.g., Master of Engineering Science in Interdisciplinary Studies, Open Master, etc.).

### 3. **Access the Online Application Portal**
AIT provides an **online application portal** where you can:
- Fill out the **application form**.
- Upload **required documents**.
- Submit your **application**.

> **Note**: You **do not need to print and submit a physical form**. All applications are submitted **electronically**.

---

## 📄 **Required Documents for Application**
Before applying, make sure you have the following documents ready:
- **Study Plan**
- **Research Plan** (for doctoral applicants)
- **Recommendation Letters**
- **Certificates** (e.g., degree, transcripts, English proficiency)
- **Work certificate** (if applicable)
- **Income statement** (for financial aid or scholarship applicants)
- **Spouse or parent income statement** (if applicable)
- **ADB-JSP Information Sheet** (for scholarship applicants)
- **Visa documents** (if you are applying for a student visa)

---

## 📧 **Contact AIT for Application Support**
If you need assistance with the application process or supporting documents, you can contact AIT via email:

- **Email**: [email protected]  
- **Website**: [AIT Online Application](https://ait.ac.th/study)

---

## 📌 **Important Notes**
- **No application fee** is required for the **online application**.
- If you are applying for a **scholarship** (e.g., AIT Scholarships, ADB-JSP, LPDP), you may need to submit additional documents.
- For **LPDP scholarship applicants**, you must:
  - Submit the **AIT application** and receive an **offer letter**.
  - Submit the **required documents** to the **LPDP website**.
  - Complete the **application by 18 July 2026** for 2026 admission.

---

## 📚 **Summary: How to Obtain the Application Form**
| **Step** | **Action** |
|---------|------------|
| 1 | Visit [AIT Study Page](https://ait.ac.th/study) |
| 2 | Select your program of interest |
| 3 | Access the online application portal |
| 4 | Fill out and submit the application form |
| 5 | Upload required documents |
| 6 | Contact AIT for support if needed |

---

## 📞 **Contact for Further Assistance**
- **Email**: [email protected]  
- **Website**: [AIT Study Page](https://ait.ac.th/study)

Let me know if you need help with the **application checklist**, **document list**, or **scholarship eligibility**!","Royal Scholarships 
These are the most prestigious scholarships offered at AIT, providing full financial support. They are awarded to exceptional candidates with outstanding academic records.
•	His Majesty the King’s Scholarships: This scholarship covers full tuition fees, provides a stipend for living expenses, and offers a return airfare ticket. It is available for students from all Asian countries to pursue a Master's degree in any program offered by the School of Engineering and Technology (SET) or the School of Environment, Resources, and Development (SERD).
•	Her Majesty the Queen’s Scholarships: This scholarship also covers full tuition, a stipend, and airfare. It is awarded to female candidates from Asian countries to pursue a Master's degree in programs offered by SET or SERD.
Government Scholarships 
Several governments partner with AIT to offer scholarships to their citizens. The most notable one is from the Royal Thai Government.
•	Royal Thai Government (RTG) Scholarships: These scholarships are funded by the Thai government and are available for students from developing countries. They typically cover a significant portion of the tuition fees. There are different categories, including:
o	GMS (Greater Mekong Sub-region) Scholarships: For students from Cambodia, Laos, Myanmar, Vietnam, and Yunnan province in China.
o	ASEAN Scholarships: For students from other ASEAN member states.
AIT's Own Scholarships
AIT provides several scholarships directly from its own funds to attract talented students from around the world.
•	AIT President's Scholarships: Awarded to students with excellent academic records. This scholarship usually covers a portion of the tuition fee (often 50% to 75%).
•	AIT Fellowships: These are partial tuition scholarships awarded based on academic merit. The value of the scholarship varies.
•	Dean's Scholarships: Offered by the deans of the three schools (SET, SERD, and SOM) to outstanding applicants in their respective fields.
External and Partner Scholarships
AIT collaborates with international organizations and development agencies to offer sponsored scholarships.
•	DAAD Scholarship (German Academic Exchange Service): This scholarship is available for German students wishing to study at AIT.
•	Other Partner Scholarships: AIT often has agreements with various ministries, universities, and organizations that sponsor students to study at the institute.
Important Note: The availability of scholarships and their deadlines vary each year. It is crucial to check the official AIT admissions and scholarships website for the most current information, specific eligibility criteria, and application procedures. Typically, you apply for scholarships at the same time you submit your application for admission.","[""https://ait.ac.th/financial/ait-scholarships::c0001"", ""https://ait.ac.th/financial-aid::c0000"", ""https://ait.ac.th/financial/ait-scholarships::c0000"", ""https://ait.ac.th/study/open-master-of-engineering-science-in-interdisciplinary-studies-omis::c0004"", ""https://ait.ac.th/financial/alumni-scholarship-fund::c0000""]",not_enough_info,0.0,0,1,0.0,0,8,0,0.8,0,not_enough_info,1.0,not_enough_info,0.95,0,0,0,"[rank 1] AIT Scholarships are a form of financial aid that provides an opportunity for students from all over the world to study together at AIT. It helps subsidize part of the study cost by covering full, or a portion of, tuition for qualified students while the students are responsible for the rest of the tuition, the registration fees (20,000 Baht per semester to maintain student status) and the living expenses (around 11,500‐15,000 Baht per month). Each school has its Selection Committee. The Selection Committee will propose the value of AIT Scholarships grant for each applicant (if eligible) for approval by the School Dean. This AIT Scholarships grant can only be given once before the enrollment and cannot be changed over the entire study period. Eligibility All nationalities; Meeting AIT’s English Proficiency Requirement (i.e

---

[rank 2] Financial aid - Asian Institute of Technology Home > Financial aid Financial aid This page provides you the information about the different scholarships that are offered by AIT

---

[rank 3] AIT Scholarships - Asian Institute of Technology Home > Any nationality > AIT Scholarships AIT Scholarships The Asian Institute of Technology (AIT) in Thailand is offering applicants to its Master’s and Doctoral degree programs an opportunity to qualify for generous academic scholarships. A large number of no-bond AIT Scholarships are available for students applying for postgraduate programs offered at AIT’s School of Engineering and Technology (SET); School of Environment, Resources and Development (SERD); and School of Management (SOM). As Asia’s leading international higher learning institute, the AIT Scholarships are intended to increase the number of skilled international scientists, engineers, and managers required to meet the future challenges of the emerging Asian Economic Community region and beyond. AIT Scholarships are a form of financial aid that provides an opportunity for students from all over the world to study together at AIT

---

[rank 4] You do not need to apply for a scholarship from AIT. Alternative, you may apply for a scholarship from your government or other organization. If you intend to do so, please contact us at the email provided below if you need supporting documents from AIT. What are the Advantages? The Open Master gives you the flexibility and academic freedom you need! Choose from all courses offered by AIT. Create your unique own curriculum. Blend engineering with business and sustainability with courses from all 3 schools. Combine your research interest and study with an internship or exchange. Stay out of the crowd with your unique curriculum and research

---

[rank 5] AIT Alumni Scholarship Fund - Asian Institute of Technology Home > Any nationality > AIT Alumni Scholarship Fund AIT Alumni Scholarship Fund In early January 2021, we launched the first AIT Alumni Scholarship Fund to provide scholarships support to qualified Masters students who face economic challenges. The total amount collected will be distributed amongst the three Schools: School of Engineering & Technology (SET), School of Environment, Resources & Development (SERD), and School of Management (SOM). CRITERIA: 1.Any nationality 2.Any program in the School of Engineering & Technology, (SET)",claim_level_sr,The premise provides detailed information about scholarships offered by AIT but contains no information about how to obtain application forms for programs. The hypothesis describes an application process unrelated to the scholarship information provided in the premise.,"The premise provides general information about scholarships (e.g., LPDP deadlines) but does not mention specific scholarships like Royal Scholarships, Government Scholarships, or AIT's own scholarships detailed in the hypothesis. The hypothesis contains specific claims about scholarship types, benefits, and eligibility that are not explicitly supported by the premise.","[{""claim"": ""🐻 **How to Obtain the Application Form at AIT (Asian Institute of Technology)**"", ""label"": ""not_enough_info"", ""confidence"": 1.0, ""supported"": 0, ""rationale"": ""The premise provides details about AIT scholarships, eligibility, and financial aid but does not mention how to obtain an application form.""}, {""claim"": ""To obtain the **application form** for a Master’s or Doctoral program at AIT, follow these steps:"", ""label"": ""not_enough_info"", ""confidence"": 1.0, ""supported"": 0, ""rationale"": ""The premises describe scholarships, eligibility, and selection processes but provide no information about obtaining application forms for programs.""}, {""claim"": ""## ✅ **Step-by-Step Guide to Obtain the Application Form**"", ""label"": ""not_enough_info"", ""confidence"": 0.95, ""supported"": 0, ""rationale"": ""The premise describes scholarship details, eligibility, and selection processes but does not mention how to obtain an application form or provide steps for doing so.""}, {""claim"": ""### 1."", ""label"": ""not_enough_info"", ""confidence"": 1.0, ""supported"": 0, ""rationale"": ""The hypothesis content is missing, making it impossible to evaluate entailment or contradiction.""}, {""claim"": ""**Visit the AIT Official Website**"", ""label"": ""not_enough_info"", ""confidence"": 0.95, ""supported"": 0, ""rationale"": ""The premise describes information available on AIT's website but does not explicitly state or imply that visiting the website is required or recommended.""}, {""claim"": ""Go to the [AIT Study Page](https://ait.ac.th/study) to access the **online application system** and **application form**."", ""label"": ""not_enough_info"", ""confidence"": 0.95, ""supported"": 0, ""rationale"": ""The premise documents discuss AIT Scholarships, financial aid, and application criteria but do not mention the specific Study Page URL or its contents regarding online application systems or forms.""}, {""claim"": ""**Website**: [https://ait.ac.th/study](https://ait.ac.th/study)"", ""label"": ""not_enough_info"", ""confidence"": 0.95, ""supported"": 0, ""rationale"": ""The premise mentions AIT's website structure (e.g., \""Home > Financial aid\"", \""Home > Any nationality > AIT Scholarships\"") but does not explicitly confirm the exact URL https://ait.ac.th/study. The hypothesis URL is not directly stated or implied by the premise.""}, {""claim"": ""### 2."", ""label"": ""not_enough_info"", ""confidence"": 1.0, ""supported"": 0, ""rationale"": ""The hypothesis content is missing, making it impossible to evaluate entailment or contradiction.""}]"
"To get financial aid, do I need to apply separately for it?","### 🎓 **Scholarships Offered by AIT (Asian Institute of Technology)**

AIT offers a wide range of **scholarships** to support both **domestic and international students**. These scholarships are available for **Master’s and Doctoral programs**, and they are often **automatically matched** to eligible applicants during the application process. Below is a detailed overview of the **scholarships offered by AIT**:

---

## 🌟 **1. AIT Scholarships**
- **Eligibility**: Open to all applicants who meet the academic and financial criteria.
- **Coverage**: Can cover **tuition fees**, **living expenses**, and **other academic support**.
- **Application**: No separate application is required. AIT will automatically match you with the best available scholarship package at the time of your application.
- **Types**:
  - **Merit-based scholarships** (based on academic performance).
  - **Need-based scholarships** (based on financial need).
  - **Specialized scholarships** (e.g., for women, STEM fields, etc.).

---

## 🏛️ **2. Government and Institutional Scholarships**
AIT collaborates with various **governments, international organizations, and donors** to provide additional scholarship opportunities. These include:

### ✅ **Royal Thai Government Scholarships**
- **Eligibility**: Thai citizens.
- **Coverage**: Full or partial tuition fees, living expenses, and other support.
- **Application**: You may apply directly through the Royal Thai Government or through AIT.

### ✅ **ADB-JSP (Asian Development Bank - Japan Scholarship Program)**
- **Eligibility**: Students from ADB member countries.
- **Coverage**: Full tuition, living expenses, and travel allowances.
- **Application**: AIT will assist you with the application process.

### ✅ **LPDP (Lembaga Pembiayaan Pendidikan - Indonesia Scholarship Program)**
- **Eligibility**: Indonesian citizens.
- **Coverage**: Full tuition, living expenses, and travel allowances.
- **Application**: You must apply through the LPDP website, but AIT can provide supporting documents.

### ✅ **Other Donor Scholarships**
- **Examples**: UNESCO, World Bank, and various private foundations.
- **Application**: AIT will assist you in applying for these scholarships if you are eligible.

---

## 📌 **3. Flexible Master’s and PhD Scholarships**
- **Flexible Master’s Option**:
  - **Eligibility**: Open to all applicants.
  - **Coverage**: AIT offers scholarships for qualifying applicants.
  - **Application**: No separate application is required. AIT will automatically match you with the best available scholarship package.

- **Flexible PhD Option**:
  - **Eligibility**: Open to all applicants.
  - **Coverage**: AIT offers scholarships for qualifying applicants.
  - **Application**: No separate application is required. AIT will automatically match you with the best available scholarship package.

---

## 📚 **4. Open Master of Engineering Science in Interdisciplinary Studies (OMIS) Scholarships**
- **Eligibility**: Open to all applicants.
- **Coverage**: AIT offers scholarships for qualifying applicants.
- **Application**: No separate application is required. AIT will automatically match you with the best available scholarship package.
- **Note**: You may also apply for scholarships from your government or other organizations. AIT can provide supporting documents if needed.

---

## 📞 **How to Apply for Scholarships**
- **No separate application is required** for AIT scholarships.
- **AIT will automatically match you** with the best available scholarship package at the time of your application.
- **For external scholarships**, you may need to apply separately, but AIT can assist you with the process.

---

## 📧 **Contact for Scholarship Support**
If you need assistance with scholarships, you can contact AIT via email:

- **Email**: [email protected]  
- **Website**: [AIT Study Page](https://ait.ac.th/study)

---

## 📌 **Summary of Scholarships Offered by AIT**
| **Scholarship Type** | **Eligibility** | **Coverage** | **Appli
[TRUNCATED]","You do not need to apply separately for the scholarships. Once you have submitted the application online, your will be automatically considered for all scholarships for which the deadline has not expired and for which you are eligible. The type and amount of scholarship given to applicants is on a competitive basis with the main criteria of academic standing. Should you wish to be considered for full scholarships, you must submit an Official English score of 6 including writing and overall that is not older than 2 years. Please check acceptable test results here.","[""https://ait.ac.th/program/engineering-entrepreneurship::c0002"", ""https://ait.ac.th/study/flexible-phd-option::c0005"", ""https://ait.ac.th/study/flexible-phd-option::c0002"", ""https://ait.ac.th/study/flexible-masters-option::c0005"", ""https://ait.ac.th/study/open-master-of-engineering-science-in-interdisciplinary-studies-omis::c0004""]",not_enough_info,0.375,0,1,0.375,3,8,0,0.8,0,not_enough_info,0.95,not_enough_info,0.75,0,0,0,"[rank 1] Deadline The application deadline is like our other programs. Check Deadline Cost and Payment The cost is the same as any other engineering program. All details to make payments are on this website, Click here. Scholarships You are eligible for the AIT Scholarship and various other scholarships, e.g. from the Royal Thai Government and other donors. You do not need to separately apply for scholarships; we will automatically match you with the best package of scholarships available at the time of your application. A full list of scholarships is here. Contact & Support For more Inquiry, please contact us at this email: [email protected] Apply Now Program brochure For more information [email protected] Subscribe to our newsletter Subscribe to our newsletter Follow us on social media We use cookies on our website to give you the most relevant experience by remembering your preferences and repeat visits. By clicking “Accept All”, you consent to the use of ALL the cookies

---

[rank 2] In addition to the registration fee and tuition fees, you need to pay the application fee (800 Bath) and the Language Center fee (2000 Bath) only once. Can I get a scholarship for the Flexible Master’s option? Yes, qualifying applicants will get the AIT Scholarship. Of course, if you can find an external scholarship to support yourself, you are more than welcome to take this opportunity during your learning at AIT. When is the Flexible Master’s Option offered? It is offered in the Spring Semester in January. You can apply any time and need to pay the full fee for your registered courses (min 2 courses) before 8 January. How can I apply for the Flexible Master’s Option? The application is online at this link Application Form . Choose “Flexible Master Degree” in the drop-down menu of the selected program

---

[rank 3] Option has the same cost as our regular “On-Campus Option”. However, all Schools provide AIT Scholarships for eligible candidates. To give you more flexibility, we allow you to pay course-by-course. You need to register for a minimum of 6 credits per semester. You may take up to 15 credits per semester. How to Apply To apply, go to the AIT online application form by clicking here and choose “Flexible PhD Degree” in the drop down menu of the selected program. Deadline The application submission is open. Payment First, you need to decide how many courses you want to enroll in, the minimum enrollment is 6 credits which is equivalent to 2 courses. The Program Secretary can advise you on details. You need to pay the full fee for your courses before the start of the semester. All details to make payments are at this website, Click here

---

[rank 4] In addition to the registration fee and tuition fees, you need to pay the application fee (800 Bath) and the Language Center fee (2000 Bath) only once. Can I get a scholarship for the Flexible Master’s option? Yes, qualifying applicants will get the AIT Scholarship. Of course, if you can find an external scholarship to support yourself, you are more than welcome to take this opportunity during your learning at AIT. When is the Flexible Master’s Option offered? It is offered in the Spring Semester in January. You can apply any time and need to pay the full fee for your registered courses (min 2 courses) before 8 January. How can I apply for the Flexible Master’s Option? How can I apply for the Flexible Master’s Option? The application is online at this link Application Form . Choose “Flexible Master Degree” in the drop-down menu of the selected program

---

[rank 5] You do not need to apply for a scholarship from AIT. Alternative, you may apply for a scholarship from your government or other organization. If you intend to do so, please contact us at the email provided below if you need supporting documents from AIT. What are the Advantages? The Open Master gives you the flexibility and academic freedom you need! Choose from all courses offered by AIT. Create your unique own curriculum. Blend engineering with business and sustainability with courses from all 3 schools. Combine your research interest and study with an internship or exchange. Stay out of the crowd with your unique curriculum and research",claim_level_sr,"The premise confirms automatic consideration for scholarships without separate applications, aligning with parts of the hypothesis. However, the hypothesis details specific scholarships (e.g., Royal Thai, ADB-JSP) and coverage specifics not mentioned in the premise, which the premise does not address or confirm.","The premise confirms no separate application is needed for AIT scholarships and automatic matching, but the hypothesis generalizes to 'all scholarships' (including external ones not explicitly covered). The hypothesis also introduces new criteria (English score requirement, competitive basis with academic standing) not mentioned in the premise, making full entailment impossible.","[{""claim"": ""### 🎓 **Scholarships Offered by AIT (Asian Institute of Technology)**"", ""label"": ""entails"", ""confidence"": 0.95, ""supported"": 1, ""rationale"": ""The premise explicitly states AIT offers scholarships (AIT Scholarship, Royal Thai Government scholarships, and automatic matching), directly supporting the hypothesis.""}, {""claim"": ""AIT offers a wide range of **scholarships** to support both **domestic and international students**."", ""label"": ""not_enough_info"", ""confidence"": 0.95, ""supported"": 0, ""rationale"": ""Premise mentions AIT Scholarship and other scholarships (e.g. Royal Thai Government) but does not explicitly state whether these scholarships are available to both domestic and international students. The hypothesis makes a specific claim about supporting both types of students that is not confirmed by the premise.""}, {""claim"": ""These scholarships are available for **Master’s and Doctoral programs**, and they are often **automatically matched** to eligible applicants during the application process."", ""label"": ""entails"", ""confidence"": 0.95, ""supported"": 1, ""rationale"": ""The premise states that AIT Scholarships are available for both Master’s and Doctoral programs (e.g., Flexible Master’s and PhD options) and that applicants are automatically matched with scholarships during application.""}, {""claim"": ""Below is a detailed overview of the **scholarships offered by AIT**:"", ""label"": ""not_enough_info"", ""confidence"": 0.75, ""supported"": 0, ""rationale"": ""The premise confirms the AIT Scholarship and mentions external scholarships, but does not provide sufficient details about other scholarships offered by AIT beyond the AIT Scholarship, nor does it fully specify eligibility criteria or application processes for all scholarships.""}, {""claim"": ""## 🌟 **1."", ""label"": ""not_enough_info"", ""confidence"": 1.0, ""supported"": 0, ""rationale"": ""The hypothesis is incomplete and lacks specific claims to evaluate against the premise content.""}, {""claim"": ""AIT Scholarships**"", ""label"": ""entails"", ""confidence"": 0.95, ""supported"": 1, ""rationale"": ""Premise explicitly states AIT Scholarships are available for eligible applicants across multiple programs (Flexible Master’s, PhD, etc.) and automatically matched at application time, directly supporting the hypothesis.""}, {""claim"": ""**Eligibility**: Open to all applicants who meet the academic and financial criteria."", ""label"": ""not_enough_info"", ""confidence"": 0.95, ""supported"": 0, ""rationale"": ""The premise mentions scholarships and application processes but does not specify academic or financial criteria for eligibility. The hypothesis claims eligibility is open to all meeting these criteria, but the premise lacks explicit details about what criteria are required or whether all applicants are automatically eligible.""}, {""claim"": ""**Coverage**: Can cover **tuition fees**, **living expenses**, and **other academic support**."", ""label"": ""not_enough_info"", ""confidence"": 0.95, ""supported"": 0, ""rationale"": ""Premise mentions scholarships covering tuition fees and some academic support but provides no information about coverage of living expenses.""}]"
How much does it cost to study at AIT?,"參

**Answer:**

**No, you do not need to apply separately for AIT Scholarships.**  
AIT Scholarships are automatically considered for eligible applicants during the application process. AIT will match you with the best available scholarship package based on your qualifications and the criteria set by the School’s Selection Committee. This means that as long as you meet the eligibility requirements (such as the English Proficiency Requirement), you will be automatically evaluated for AIT Scholarships.

However, **if you are applying for external scholarships** (such as the ADB-JSP, LPDP, or other donor scholarships), you may need to apply separately through those organizations. AIT can assist you with the application process and provide supporting documents if needed.

### Summary:
- **AIT Scholarships**: Automatically considered during the application process.
- **External Scholarships**: May require separate applications, but AIT can assist.
- **No separate application is required** for AIT Scholarships.

For more details or assistance, you can contact AIT via email:  
**[email protected]**  
or visit the AIT Study Page:  
**[https://ait.ac.th/study](https://ait.ac.th/study)**","AIT's tuition is charged per credit, so the total will depend on the number of credits required for your degree.
•	Master's Programs:
o	Cost per credit: Approximately ?16,000 - ?22,000
o	Total Credits: Most Master's programs require 48 credits.
o	Estimated Total Tuition: ?768,000 - ?1,056,000 (for the full program).
•	Doctoral Programs:
o	Cost per credit: Approximately ?19,000 - ?25,000
o	Total Credits: Doctoral programs typically require 84 credits.
o	Estimated Total Tuition: ?1,596,000 - ?2,100,000 (for the full program).
•	Other Fees: You should also budget for a one-time registration fee (around ?5,000), student union fees, and health insurance.
Note: The School of Management (SOM) may have different fee structures for its programs like the MBA.
The different program of study costs are in this site: https://ait.ac.th/tuition-and-fees/","[""https://ait.ac.th/financial/ait-scholarships::c0001"", ""https://ait.ac.th/tuition-and-fees::c0003"", ""https://ait.ac.th/study/flexible-masters-option::c0002"", ""https://ait.ac.th/special-students-exchange-and-visiting-students::c0001"", ""https://ait.ac.th/study/flexible-phd-option::c0010""]",not_enough_info,0.125,0,1,0.125,1,8,0,0.8,0,not_enough_info,0.25,not_enough_info,1.0,0,0,0,"[rank 1] AIT Scholarships are a form of financial aid that provides an opportunity for students from all over the world to study together at AIT. It helps subsidize part of the study cost by covering full, or a portion of, tuition for qualified students while the students are responsible for the rest of the tuition, the registration fees (20,000 Baht per semester to maintain student status) and the living expenses (around 11,500‐15,000 Baht per month). Each school has its Selection Committee. The Selection Committee will propose the value of AIT Scholarships grant for each applicant (if eligible) for approval by the School Dean. This AIT Scholarships grant can only be given once before the enrollment and cannot be changed over the entire study period. Eligibility All nationalities; Meeting AIT’s English Proficiency Requirement (i.e

---

[rank 2] These costs are for one person only, so students with children and dependents should keep this in mind when working out a budget. Expenses Approximate Price Accommodation (Dormitory, Usually Including Bills) ฿2,500 – 7,000 per month Private Accommodation (bills not included) ฿8,000 – 20,000 per month Mobile phone ฿200 per month minimum suggested amount Books / Stationery ฿2,000 minimum suggested amount Travel / Transport ฿2,000 per month minimum suggested amount to the city or near by campus Payment Advice AIT tuition and registration fees are charged in Thai Baht, so all students are encouraged to pay in Thai Baht

---

[rank 3] Flexible Payment management, “pay as you study” , payment course-by-course. No need to come to the AIT Campus for most of your coursework. Work & Study at your own pace from any location. Cost The Flexible Master’s Option has the same cost as our regular “On-Campus Option”. However, all Schools provide AIT Scholarships for eligible candidates. To give you more flexibility, we allow you to pay course-by-course. You need to register for a minimum of 6 credits per semester (equivalent to 2 courses). You may take up to 15 credits per semester. How to Apply To apply, go to the AIT online application form by clicking here and choose “Flexible Master Degree” in the drop down menu of the selected program. Deadline The application is currently open. Payment First, you need to decide for how many courses you want to enrollee, the minimum enrollment is 6 credits which is equivalent to 2 courses. The Program Secretary can advise you on details

---

[rank 4] Pay the process fees—Pay the application processing fee of US$25 or Baht 800. The following fee will be charged upon enrollment. Student ID card fee: 100 Baht Student Union fee: 150 Baht per semester Medical fee: 1,250 Baht per semester ( optional or provide a copy of international medical insurance ) Incoming visiting students: Students coming from non-AIT Partner universities need to submit the following documents together with the online application form Bachelor’s transcript and degree certificate (for continuing student; transcript from 1st to current year) Approval letter /recommendation letter from the home university stating that he or she is allowed as a visiting student at AIT Pay the application processing fee of US$25 or Baht 800

---

[rank 5] How much is the registration fee? The registration fee is calculated per credit of your registered courses per semester. The registration fee per credit is 1,667 Thai Baht. For a typical course of 3 credits, the fee is 5000 Thai Baht. You need to register for a minimum of 6 credits (typically 2 courses); then your total registration fee will be 10,000 Thai Baht per semester. Will AIT help me to get a study visa and come to Campus? Yes, if you come to campus after the completion of your coursework to conduct your thesis research (24 credits) or research study (12 credits) AIT will help you to get a student visa to come to campus. You will not get a student visa for the time you spend on coursework from your home country. Some programs may have a lab for which you need to come to campus. In those cases, AIT will also support your visa",claim_level_sr,"The premise provides detailed tuition cost information but contains no mention of scholarship application processes, eligibility criteria, or automatic consideration for scholarships. The hypothesis introduces new claims about scholarship application requirements not addressed in the premise.","The premise only discusses scholarship application processes and does not mention tuition costs, credit-based pricing structures, or program-specific fees. The hypothesis provides detailed financial information not addressed in the premise.","[{""claim"": ""*Answer:**"", ""label"": ""not_enough_info"", ""confidence"": 0.95, ""supported"": 0, ""rationale"": ""The hypothesis section is empty and contains no claims to evaluate against the premise.""}, {""claim"": ""*No, you do not need to apply separately for AIT Scholarships.**"", ""label"": ""not_enough_info"", ""confidence"": 0.95, ""supported"": 0, ""rationale"": ""The premise describes AIT Scholarships being proposed by Selection Committees and granted once before enrollment, but does not explicitly state whether applying for scholarships is a separate process from program application. The hypothesis claims no separate application is needed, but the premise lacks direct confirmation or contradiction of this claim.""}, {""claim"": ""AIT Scholarships are automatically considered for eligible applicants during the application process."", ""label"": ""not_enough_info"", ""confidence"": 0.95, ""supported"": 0, ""rationale"": ""The premise states that Selection Committees propose scholarship grants for eligible applicants but does not explicitly confirm automatic consideration during the application process. The process involves committee evaluation rather than an automatic system.""}, {""claim"": ""AIT will match you with the best available scholarship package based on your qualifications and the criteria set by the School’s Selection Committee."", ""label"": ""not_enough_info"", ""confidence"": 0.95, ""supported"": 0, ""rationale"": ""The premise states that Selection Committees propose scholarship grant values but does not explicitly mention a process of matching students with the 'best available scholarship package' based on qualifications. The hypothesis introduces a specific mechanism (matching based on criteria) not confirmed by the premise.""}, {""claim"": ""This means that as long as you meet the eligibility requirements (such as the English Proficiency Requirement), you will be automatically evaluated for AIT Scholarships."", ""label"": ""entails"", ""confidence"": 0.95, ""supported"": 1, ""rationale"": ""The premise states that the Selection Committee will propose the grant for each applicant if eligible, implying that meeting eligibility requirements (including English Proficiency) leads to being evaluated for scholarships.""}, {""claim"": ""However, **if you are applying for external scholarships** (such as the ADB-JSP, LPDP, or other donor scholarships), you may need to apply separately through those organizations."", ""label"": ""not_enough_info"", ""confidence"": 1.0, ""supported"": 0, ""rationale"": ""The premise only discusses AIT Scholarships and their application process, but provides no information about external scholarships (e.g., ADB-JSP, LPDP) or requirements to apply separately through those organizations.""}, {""claim"": ""AIT can assist you with the application process and provide supporting documents if needed."", ""label"": ""not_enough_info"", ""confidence"": 0.95, ""supported"": 0, ""rationale"": ""The premise describes application procedures, fees, and required documents but does not explicitly state that AIT provides assistance with the application process or supports document preparation.""}, {""claim"": ""### Summary:"", ""label"": ""not_enough_info"", ""confidence"": 1.0, ""supported"": 0, ""rationale"": ""The Hypothesis section is missing, making it impossible to evaluate entailment or contradiction.""}]"
What are the criteria to apply for the scholarship of AIT?,"시험 준비를 위해 학습 비용을 계산하는 것은 매우 중요합니다. AIT(아시아 기술 대학)에서 학업을 받는 데 필요한 비용은 다음과 같이 정리할 수 있습니다:

---

### 📌 **AIT 학업 비용 요약**

#### 1. **등록비 (Registration Fee)**
- **학기당 등록비**: 20,000 바트 (약 650,000 원)
- **학기 수**: 일반적으로 22개월 (약 5~6학기) 소요

#### 2. **등록비 총액**
- **총 등록비**: 20,000 바트 × 6 학기 = **120,000 바트** (약 3,800,000 원)

#### 3. **등록비 외 추가 비용**
- **학비**: AIT 학비는 등록비와 별도로 부과되며, 학과에 따라 다릅니다. 일반적으로 학비는 등록비의 2~3배 정도입니다.
- **생활비**: 월 11,500~15,000 바트 (약 360,000~500,000 원)  
  - 총 생활비: 11,500 × 22 = **253,000 바트** (약 800,000 원)  
  - 또는 15,000 × 22 = **330,000 바트** (약 1,000,000 원)

#### 4. **총 학업 비용**
- **등록비 + 학비 + 생활비**:  
  - **최소**: 120,000 (등록비) + 240,000 (학비) + 253,000 (생활비) = **613,000 바트** (약 1,900,000 원)  
  - **최대**: 120,000 (등록비) + 360,000 (학비) + 330,000 (생활비) = **810,000 바트** (약 2,500,000 원)

---

### 📌 **AIT 장학금 정보**
AIT는 다양한 장학금을 제공하여 학업 비용을 지원합니다. 장학금은 학업 성적, 영어 능력, 학위 등에 따라 부여됩니다.

- **장학금 대상**: 모든 국적, 학위 소지자, 영어 능력 충족자
- **장학금 금액**: 학비의 일부 또는 전체를 지원
- **장학금 기간**: 일반적으로 22개월 (학위 프로그램 기간)

---

### 📌 **추가 비용**
- **숙소**: AIT 캠퍼스 내 주거 시, 월 11,500~15,000 바트
- **식비**: 월 5,000~8,000 바트
- **교통비**: 월 1,000~2,000 바트
- **기타 비용**: 교재, 외부 강의, 여행 등

---

### 📌 **총 학업 비용 추정**
| 항목 | 비용 (바트) | 비용 (원) |
|------|-------------|------------|
| 등록비 (6학기) | 120,000 | 약 3,800,000 |
| 학비 (예상) | 240,000~360,000 | 약 7,500,000~11,250,000 |
| 생활비 (22개월) | 253,000~330,000 | 약 800,000~1,000,000 |
| **총 학업 비용** | **613,000~810,000** | **약 1,900,000~2,500,000** |

---

### 📌 **장학금 지원 가능 여부**
- AIT 장학금은 학업 성적, 영어 능력, 학위 등에 따라 자동으로 고려됩니다.
- **장학금 지원 기준**:
  - 영어 능력: IELTS 6.0 이상 또는 AIT EET 6.0 이상
  - 학업 성적: GPA 3.5 이상 (학사), GPA 2.75 이상 (학사)
  - 학위: 학사 또는 석사 학위 소지자

---

### 📌 **추천**
- **장학금 지원**: AIT 장학금은 자동으로 고려되므로, 학업 성적과 영어 능력을 충족하면 자동으로 지원됩니다.
- **외부 장학금**: ADB-JSP, LPDP 등 외부 장학금도 지원 가능하며, AIT에서 지원을 도와줄 수 있습니다.

---

### 📌 **문의 및 지원**
- **AIT 장학금 문의**: [email protected]
- **AIT 입학 및 장학금 정보**: [https://ait.ac.th/apply-online/](https://ait.ac.th/apply-online/)

---

### 📌 **결론**
AIT에서 학업을 받는 데 필요한 총 비용은 **약 1,900,000~2,500,000 원** 정도이며, 장학금 지원을 통해 일부 비용을 줄일 수 있습니다. 학업 성적과 영어 능력을 충족하면 AIT 장학금을 자동으로 고려받을 수 있으므로, 준비에 신중하게 접근하는 것이 좋습니다.","General Eligibility Criteria (applies to most AIT Scholarships)

You must normally meet the following to be considered for any scholarship at AIT:

1. Admission to an AIT Degree Program

You must first complete and submit the AIT online admission application by the relevant scholarship deadline.

You do not need to submit a separate scholarship application; once you apply for admission and indicate financial support on the application form, AIT will automatically consider you for eligible scholarships.

2. Academic Performance

Strong academic record is essential:

Most competitive scholarships, especially for Master’s or PhD, require high cumulative GPA (often ? 3.5 on a 4.0 scale for Bachelor’s degrees).

Some scholarships (e.g., Alumni Scholarship) accept GPA ? 2.75.

3. English Language Proficiency

You must meet AIT’s English requirements, typically:

IELTS Academic: Overall 6.0 with Writing 6.0,

OR AIT English Entrance Test (EET) score ? 6.0

(This requirement may vary slightly by scholarship program).

4. Supporting Documents

Commonly requested:

Academic transcripts and degree certificates

English test score

Letters of recommendation (especially for research-based or PhD scholarships)

For PhD scholarships, a research proposal is often required.

Specific Scholarship Criteria (Examples)
1. Royal Thai Government (RTG) / King’s & Queen’s Scholarships

These are among the main fully-funded scholarships:

For Master’s Programs

Outstanding undergraduate performance (GPA ? 3.5).

English proficiency per AIT requirement (IELTS/EET ? 6.0).

For Doctoral Programs

Outstanding undergraduate and Master’s performance (Bachelor’s & Master’s GPA ? 3.5).

Two recommendation letters and a research proposal.

English proficiency (IELTS/EET ? 6.0).

Coverage typically includes tuition, fees, accommodation, and a living allowance.

2. AIT Alumni Scholarship Fund (Master’s)

Any nationality is accepted.

Cumulative GPA ? 2.75.

English proficiency: IELTS Academic ? 6.0 or EET ? 6.0.

Must meet AIT admissions entry requirements.

3. DAAD Scholarship (for Select Southeast Asian Candidates)

Must be national of eligible countries (e.g., Cambodia, Indonesia, Lao PDR, Myanmar, Malaysia, Philippines, East Timor, Thailand, Vietnam).

Completed bachelor degree within 6 years with above-average performance (often upper third of class).

Strong motivation and commitment.

English proficiency (IELTS/EET ? 6.0).

Must fulfill AIT admission requirements.

4. Other Sponsored Scholarships (e.g., Corporate Scholarships)

Some external or partner scholarships (e.g., AIS Scholarship) have specific industry criteria such as:

Nationality restrictions

Minimum GPA requirements

Relevant work experience

Technical or professional skills aligned with sponsor interest areas.

How Selection Works

Scholarships are competitive and merit-based, and applicants are automatically considered after they submit their admission form with financial support indicated.

Academic merit (GPA, research potential, English proficiency) is often the most important criterion.

Next Steps Before Applying

Check the exact scholarship deadlines for your intended intake (e.g., March 31 for Royal Thai Government scholarships).

Prepare:

Transcripts and degree certificates

English test score

Letters of recommendation

Research proposal (if required, especially for PhD)

Complete the AIT online application and select “Financial Support” to be considered for scholarships.","[""https://ait.ac.th/financial/royal-thai-government-scholarships::c0005"", ""https://ait.ac.th/financial/daad-scholarship::c0002"", ""https://ait.ac.th/financial/ait-scholarships::c0001"", ""https://ait.ac.th/financial/alumni-scholarship-fund::c0001"", ""https://ait.ac.th/financial/ait-scholarships::c0002""]",not_enough_info,0.125,0,1,0.125,1,8,0,0.8,0,not_enough_info,0.95,not_enough_info,0.95,0,0,0,"[rank 1] Eligibility Applicants must meet the following criteria: Have an outstanding education record in a 4-year undergraduate program from an accredited institution in related fields; GPA for Bachelor’s degree ≥ 3.5 or Equivalent Have an English proficiency score as specified by AIT Language Center (IELTS 6.0 (Overall and Writing bands) or AIT EET ≥ 6.0). Coverage Each scholarship award covers tuition fees, accommodation, and a bursary for living expenses in AIT’s residential campus, for the entire period of the 22-month master’s degree program. The value of the non-binding Scholarship per student is approximately 1.10 MB. Deadline for August 2026 Intake: 31 March 2026 Apply here: https://ait.ac.th/apply-online/ Contact Ms. Wilailak at 02-524-5023, or Ms. Kanchana at 02-524-6119, or E-mail: [email protected] Further Inquiries For further inquiries on AIT Admissions Requirements and Procedures, applicants can visit the  AIT Admissions website

---

[rank 2] clearly show motivation and strong commitment. have a thorough command of written English (IELTS or AIT-EET 6.0 or above). See http://bit.ly/ait-eng-req must fulfill AIT online admission requirements. Applicants must apply to http://bit.ly/ait-admission and pay the processing fee Female applicants and candidates from less privileged regions or groups are especially encouraged to apply. Duration and Commencement Scholarships are awarded for the duration of the standard period of study for the chosen programme (up to a maximum of 22 months). Please state the entire period for which you wish to apply for a scholarship in your application. For example, if you are planning a 2-year degree programme, you must directly communicate two years as the desired scholarship duration in your application. After the first year of study, your academic achievements will be assessed in a further funding procedure

---

[rank 3] AIT Scholarships are a form of financial aid that provides an opportunity for students from all over the world to study together at AIT. It helps subsidize part of the study cost by covering full, or a portion of, tuition for qualified students while the students are responsible for the rest of the tuition, the registration fees (20,000 Baht per semester to maintain student status) and the living expenses (around 11,500‐15,000 Baht per month). Each school has its Selection Committee. The Selection Committee will propose the value of AIT Scholarships grant for each applicant (if eligible) for approval by the School Dean. This AIT Scholarships grant can only be given once before the enrollment and cannot be changed over the entire study period. Eligibility All nationalities; Meeting AIT’s English Proficiency Requirement (i.e

---

[rank 4] CRITERIA: 1.Any nationality 2.Any program in the School of Engineering & Technology, (SET). 3.Candidate should have a cumulative GPA of at least 2.75 4.Candidate should pass IELTS-Academic with a score of 6.0 or AIT EET Score of 6.0 5.Applicant must fulfill the AIT Admissions Entry Requirements Scholarships coverage: 2 credits up to 6 credits Deadline for January 2026 Intake: 15 November 2025 Apply here: https://ait.ac.th/apply-online/ Further Inquiries For further inquiries on AIT Admissions Requirements and Procedures, applicants can visit the  AIT Admissions website. You may also contact the following address: Admissions and Scholarships Unit Asian Institute of Technology P.O. Box 4, KlongLuang Pathumthani 12120 THAILAND (662) 524 5024, 31-33 [email protected] Subscribe to our newsletter Subscribe to our newsletter Follow us on social media We use cookies on our website to give you the most relevant experience by remembering your preferences and repeat visits

---

[rank 5] Eligibility All nationalities; Meeting AIT’s English Proficiency Requirement (i.e. IELTS-Academic or AIT EET score of 5.0 or above for Master’s and 5.5 for Doctoral program); Having a four‐year Bachelor’s degree from a recognized university; Having a master’s degree from a recognized university for Ph.D. applicants and should have a Cumulative GPA of 3.50 in their Master’s degree and 2.75 in their undergraduate program from top universities. Deadline for January 2026 Intake: 20 December 2025 Contact : AIT Admissions Office Tel: 02-524 5032, 02-524 5033/5024 Email: [email protected] Subscribe to our newsletter Subscribe to our newsletter Follow us on social media We use cookies on our website to give you the most relevant experience by remembering your preferences and repeat visits. By clicking “Accept All”, you consent to the use of ALL the cookies. However, you may visit ""Cookie Settings"" to provide a controlled consent",claim_level_sr,"Premise provides scholarship eligibility criteria but contains no information about tuition fees, living costs, or financial calculations mentioned in the hypothesis.","The premise provides general information about AIT scholarships and their consideration criteria but does not specify exact GPA thresholds (e.g., 3.5/4.0), exact English test score requirements (IELTS 6.0/EET 6.0), or required supporting documents (letters of recommendation, research proposals) mentioned in the hypothesis. These specific criteria are not explicitly detailed in the premise.","[{""claim"": ""시험 준비를 위해 학습 비용을 계산하는 것은 매우 중요합니다."", ""label"": ""not_enough_info"", ""confidence"": 1.0, ""supported"": 0, ""rationale"": ""The premises discuss scholarship criteria, financial aid, and application processes but do not mention exam preparation or the importance of calculating study costs for exams.""}, {""claim"": ""AIT(아시아 기술 대학)에서 학업을 받는 데 필요한 비용은 다음과 같이 정리할 수 있습니다:"", ""label"": ""not_enough_info"", ""confidence"": 0.95, ""supported"": 0, ""rationale"": ""The premise provides partial details about scholarship coverage (tuition, accommodation, and partial living expenses) but does not specify the total cost of studying at AIT, including full tuition fees, registration fees, and exact living expense amounts. The hypothesis requires comprehensive cost breakdowns not fully supported by the premise.""}, {""claim"": ""### 📌 **AIT 학업 비용 요약**"", ""label"": ""not_enough_info"", ""confidence"": 0.95, ""supported"": 0, ""rationale"": ""Premise details scholarship coverage (tuition, accommodation, living expenses) and specific fees (registration, monthly living costs) but does not explicitly state the total tuition cost amount, which is required to fully support the hypothesis.""}, {""claim"": ""#### 1."", ""label"": ""not_enough_info"", ""confidence"": 1.0, ""supported"": 0, ""rationale"": ""The hypothesis section is empty/missing, so no claims can be evaluated against the premise.""}, {""claim"": ""**등록비 (Registration Fee)**"", ""label"": ""entails"", ""confidence"": 0.95, ""supported"": 1, ""rationale"": ""Premise [rank 3] explicitly states that students are responsible for registration fees (20,000 Baht per semester), directly supporting the existence of a registration fee.""}, {""claim"": ""**학기당 등록비**: 20,000 바트 (약 650,000 원)"", ""label"": ""not_enough_info"", ""confidence"": 0.5, ""supported"": 0, ""rationale"": ""Premise confirms 20,000 Baht registration fee per semester but does not mention the Korean Won conversion rate.""}, {""claim"": ""**학기 수**: 일반적으로 22개월 (약 5~6학기) 소요"", ""label"": ""not_enough_info"", ""confidence"": 0.95, ""supported"": 0, ""rationale"": ""Premise specifies 22-month duration but does not explicitly state the number of semesters. While 22 months could roughly correspond to 5-6 semesters, the exact conversion is not confirmed in the premise.""}, {""claim"": ""#### 2."", ""label"": ""not_enough_info"", ""confidence"": 0.95, ""supported"": 0, ""rationale"": ""The Hypothesis content is missing, making it impossible to evaluate entailment or contradiction.""}]"
What countries are eligible for scholarships?,"꼈

### 📌 **AIT 장학금 지원 조건 및 기준**

AIT는 다양한 장학금을 제공하여 학업 비용을 지원합니다. 장학금은 학업 성적, 영어 능력, 학위 등에 따라 자동으로 고려됩니다. 아래는 AIT 장학금 지원 조건 및 기준입니다.

---

### 📌 **1. AIT 장학금 지원 대상**

- **국적**: 모든 국적 (국제 학생 포함)
- **학위**: 학사 또는 석사 학위 소지자
- **학업 성적**: 학사 및 석사 학위의 GPA ≥ 3.5 또는 동등한 성적
- **영어 능력**: IELTS 6.0 이상 또는 AIT EET 6.0 이상

---

### 📌 **2. AIT 장학금 지원 기준**

- **장학금 금액**: 학비의 일부 또는 전체를 지원
- **장학금 기간**: 일반적으로 22개월 (학위 프로그램 기간)
- **장학금 대상**: 학업 성적, 영어 능력, 학위 등에 따라 자동으로 고려됨

---

### 📌 **3. AIT 장학금 지원 조건**

- **학업 성적**: 학사 및 석사 학위의 GPA ≥ 3.5 또는 동등한 성적
- **영어 능력**: IELTS 6.0 이상 또는 AIT EET 6.0 이상
- **학위**: 학사 또는 석사 학위 소지자
- **추천서**: 2개의 추천서 필요
- **연구 제안서**: 연구 제안서 필요
- **학업 기록**: 4년제 학사 및 2년제 석사 학위 소지자

---

### 📌 **4. AIT 장학금 지원 절차**

- **장학금 지원 자동 고려**: 학업 성적과 영어 능력을 충족하면 자동으로 고려됨
- **외부 장학금 지원**: ADB-JSP, LPDP 등 외부 장학금도 지원 가능하며, AIT에서 지원을 도와줄 수 있음

---

### 📌 **5. AIT 장학금 지원 예시**

- **장학금 대상**: 학사 및 석사 학위 소지자
- **장학금 금액**: 학비의 일부 또는 전체를 지원
- **장학금 기간**: 일반적으로 22개월 (학위 프로그램 기간)

---

### 📌 **6. AIT 장학금 지원 문의 및 지원**

- **AIT 장학금 문의**: [email protected]
- **AIT 입학 및 장학금 정보**: [https://ait.ac.th/apply-online/](https://ait.ac.th/apply-online/)

---

### 📌 **7. AIT 장학금 지원 요약**

- **지원 대상**: 학사 및 석사 학위 소지자
- **지원 조건**: 학업 성적 ≥ 3.5, 영어 능력 IELTS 6.0 이상
- **지원 기간**: 일반적으로 22개월
- **지원 절차**: 자동 고려, 외부 장학금 지원 가능
- **지원 문의**: [email protected]

---

### 📌 **결론**

AIT 장학금은 학업 성적, 영어 능력, 학위 등에 따라 자동으로 고려됩니다. 학업 성적과 영어 능력을 충족하면 AIT 장학금을 자동으로 고려받을 수 있으므로, 준비에 신중하게 접근하는 것이 좋습니다. 외부 장학금도 지원 가능하며, AIT에서 지원을 도와줄 수 있습니다.","1. AIT General Scholarships (AIT Scholarships)

These are merit-based awards available to students admitted to Master’s or PhD programs at AIT.

Eligible Countries:

All nationalities worldwide are eligible to apply.

This means if you are admitted and meet academic/English requirements, you can be considered for AIT central scholarships regardless of where you are from.

2. Royal Thai Government (RTG) Scholarships

These are non-bonded, fully funded scholarships provided by the Royal Thai Government for Master’s and Doctoral students.

Eligible Countries:

Any Asian nationality (for most RTG scholarships) — includes countries across Asia.

Some sub-programs (e.g., GMS / Loom Nam Khong Pijai) target specific sub-regions such as Cambodia, Laos, Myanmar, Vietnam, Thailand, and parts of southern China.

In general, these scholarships aim to support students from Asia broadly, with particular priority to ASEAN and other Asian countries.

3. DAAD Scholarships at AIT

Funded by the German government, these scholarships focus on specific Southeast Asian countries.

Eligible Countries for DAAD at AIT:

Cambodia

Indonesia

Lao PDR

Myanmar

Malaysia

Philippines

East Timor

Thailand

Vietnam

These are specific and not open to applicants from outside this group.","[""https://ait.ac.th/financial/royal-thai-government-scholarships::c0002"", ""https://ait.ac.th/financial-aid::c0003"", ""https://ait.ac.th/financial/daad-scholarship::c0004"", ""https://ait.ac.th/financial/asian-development-bank-japan-scholarship-program-adb-jsp::c0014"", ""https://ait.ac.th/financial-aid::c0002""]",contradicts,0.375,0,1,0.375,3,8,0,0.8,1,not_enough_info,0.75,not_enough_info,0.5,0,0,0,"[rank 1] 1) Bhutan, Laos PDR, Timor-Leste, and Thailand 2) ASEAN countries 3) BIMSTEC Countries 4) Other Asian countries Eligibility and required documents Have an outstanding education record in a 4-year Undergraduate Program and 2-year Master’s Program from an accredited institution in related fields; GPA of Bachelor’s and Master’s degree ≥ 3.5 or equivalent Two recommendation letters; Research proposal; Have an English proficiency score as required by AIT Language Center (IELTS 6.0 (Overall and Writing bands) or AIT EET ≥ 6.0). Coverage Each scholarship award covers tuition, registration fees, accommodation, and a bursary for living expenses at AIT’s residential campus for the full 41-month (7-semester) duration of Ph.D. programs. The value of the non-binding Scholarship per student is approximately 1.96 MB

---

[rank 2] Scholarship Nationality: Pakistan Study level: Master’s Degree Programs Deadline: 30 Jun 2025 DAAD Scholarship Nationality: East Timor, Indonesia, Myanmar, Thailand, Cambodia, Malaysia, The Philippines, Lao PDR Study level: Master’s Degree Programs Deadline: 16 Feb 2026 Element Solutions Foundation scholarships (August 2026 Intake) Nationality: Phili, Indonesia, Myanmar, Thailand, Timor Leste, Malaysia, Viet Nam, Laos Study level: - Deadline: 30 Nov 2025 GWSC Scholarships to study Master’s degree in Asian Institute of Technology Nationality: Bangladesh, India, Indonesia, Nepal Study level: Master’s Degree Programs Deadline: 30 Apr 2025 Japanese Government Scholarships Nationality: Thailand, Vietnam, Bhutan, Cambodia, Malaysia, Nepal, Laos, Bangladesh, India, Indonesia, Myanmar, Pakistan, Philippines, Sri Lanka Study level: Doctoral Degree Programs Deadline: 30 Apr 2025 KPCIP Scholarships 2026 Nationality: Pakistan Study level: Master’s Degree Programs Deadline: 12 Oct 2025 Apply

---

[rank 3] Europa.eu), including a list of publications (if applicable). One recommendation letter by a university teacher Letter of admission from AIT Certified copies of university degree certificates, including transcripts Letter of motivation (if applicable: mentioning the planned research stay in Germany; see “Additional benefits”) Copy of the passport *Note: Only short-listed applicants will be contacted by AIT Please note that all these documents need to be prepared by AIT and submitted by 27 February 2026 to DAAD. Scholarship Objectives The DAAD Scholarship aims at fostering strong, internationally oriented higher education systems in Southeast Asia with the capacity to contribute to sustainable development. To this end, scholarships are granted for development-related Master studies for individuals who plan to pursue a career in teaching and/or research at a higher education institution in Southeast Asia

---

[rank 4] D. Transfer of Scholarships A transfer from one course of study to another, or to another institution, is not allowed. E. Special Conditions In accepting the ADB-JSP scholarship, scholars should commit themselves to return to, and work in their home countries for a period of at least 2 years after completion of their studies. In accepting the ADB-JSP scholarship, scholars consent to the employment restriction policy of the ADB-JSP and acknowledge that they will not be able to work at ADB for two years after completion of their academic programs. F. Termination of Scholarships Scholarships maybe terminated upon the recommendation of AIT, at any time, for failure to make satisfactory academic progress, failure to comply with the laws of the host country, Thailand, misconduct, or breaches of the conditions of the ADB-JSP or the student visa

---

[rank 5] member countries Study level: Master’s Degree Programs Deadline: 31 Mar 2026 Chinese Government Scholarships Nationality: China Study level: Doctoral Degree Programs, Master’s Degree Programs Deadline: 31 Mar 2026 Computer and Structures, Inc",claim_level_sr,"The premise confirms AIT scholarships are open to all nationalities and require academic/English qualifications, but does not specify GPA or IELTS score thresholds mentioned in the hypothesis. Additionally, the hypothesis includes details about external scholarships not explicitly covered in the premise.","Premise does not mention DAAD scholarships, RTG scholarships, or PhD eligibility for AIT General Scholarships.","[{""claim"": ""### 📌 **AIT 장학금 지원 조건 및 기준**"", ""label"": ""entails"", ""confidence"": 0.95, ""supported"": 1, ""rationale"": ""The premise explicitly details AIT scholarship requirements (education record, GPA, recommendations, research proposal, English proficiency) and coverage (tuition, accommodation, bursary for 41-month Ph.D. programs), which directly align with the hypothesis.""}, {""claim"": ""AIT는 다양한 장학금을 제공하여 학업 비용을 지원합니다."", ""label"": ""entails"", ""confidence"": 0.95, ""supported"": 1, ""rationale"": ""The premise explicitly describes AIT's scholarship coverage (tuition, fees, accommodation) and mentions multiple scholarship programs (Ph.D., Master’s, Japanese Government Scholarships), directly supporting the claim that AIT provides diverse scholarships to cover educational costs.""}, {""claim"": ""장학금은 학업 성적, 영어 능력, 학위 등에 따라 자동으로 고려됩니다."", ""label"": ""entails"", ""confidence"": 0.95, ""supported"": 1, ""rationale"": ""The premise explicitly lists academic performance (GPA ≥3.5), English proficiency (IELTS 6.0), and degree requirements (undergraduate/master's programs) as eligibility criteria for scholarships, directly supporting the hypothesis that these factors are considered.""}, {""claim"": ""아래는 AIT 장학금 지원 조건 및 기준입니다."", ""label"": ""not_enough_info"", ""confidence"": 0.95, ""supported"": 0, ""rationale"": ""The premise includes AIT-related scholarship details but also mentions other scholarships (DAAD, Element Solutions, etc.) and conditions unrelated to AIT. The hypothesis claims the entire content is AIT's criteria, which is not fully supported by the premise.""}, {""claim"": ""### 📌 **1."", ""label"": ""not_enough_info"", ""confidence"": 1.0, ""supported"": 0, ""rationale"": ""The hypothesis content is incomplete or missing, making it impossible to evaluate entailment/contradiction relationships with the provided premise.""}, {""claim"": ""AIT 장학금 지원 대상**"", ""label"": ""not_enough_info"", ""confidence"": 0.95, ""supported"": 0, ""rationale"": ""The premise details eligibility criteria and specific scholarships (e.g., GWSC, DAAD, Japanese Government) but does not provide a comprehensive list of all AIT scholarship recipients. The hypothesis asks about 'support recipients,' which requires explicit information about who receives scholarships, not just eligibility criteria for specific programs.""}, {""claim"": ""**국적**: 모든 국적 (국제 학생 포함)"", ""label"": ""contradicts"", ""confidence"": 0.95, ""supported"": 0, ""rationale"": ""The premise lists scholarships with specific nationality requirements (e.g., Japan, DAAD, KPCIP, etc.), none of which are open to all nationalities, directly contradicting the hypothesis's claim of 'all nationalities (including international students)'.""}, {""claim"": ""**학위**: 학사 또는 석사 학위 소지자"", ""label"": ""not_enough_info"", ""confidence"": 0.95, ""supported"": 0, ""rationale"": ""The premise lists scholarships requiring various degrees (e.g., Master’s, doctoral), but the hypothesis specifies only bachelor’s or master’s. Since some scholarships require doctoral degrees, the premise does not fully support the hypothesis.""}]"
Are scholarships available for both Master’s and PhD students?,"### 📌 **AIT 장학금 지원 조건 및 기준 (최신 정보)**

AIT는 다양한 장학금을 제공하여 학업 비용을 지원합니다. 아래는 AIT 장학금 지원 조건 및 기준을 정리한 내용입니다.

---

### 📌 **1. AIT 장학금 지원 대상**

- **국적**: 모든 국적 (국제 학생 포함)
- **학위**: 학사 또는 석사 학위 소지자
- **학업 성적**: 학사 및 석사 학위의 GPA ≥ 3.5 또는 동등한 성적
- **영어 능력**: IELTS 6.0 이상 또는 AIT EET 6.0 이상

---

### 📌 **2. AIT 장학금 지원 기준**

- **장학금 금액**: 학비의 일부 또는 전체를 지원
- **장학금 기간**: 일반적으로 22개월 (학위 프로그램 기간)
- **장학금 대상**: 학업 성적, 영어 능력, 학위 등에 따라 자동으로 고려됨

---

### 📌 **3. AIT 장학금 지원 조건**

- **학업 성적**: 학사 및 석사 학위의 GPA ≥ 3.5 또는 동등한 성적
- **영어 능력**: IELTS 6.0 이상 또는 AIT EET 6.0 이상
- **학위**: 학사 또는 석사 학위 소지자
- **추천서**: 2개의 추천서 필요
- **연구 제안서**: 연구 제안서 필요
- **학업 기록**: 4년제 학사 및 2년제 석사 학위 소지자

---

### 📌 **4. AIT 장학금 지원 절차**

- **장학금 지원 자동 고려**: 학업 성적과 영어 능력을 충족하면 자동으로 고려됨
- **외부 장학금 지원**: ADB-JSP, LPDP 등 외부 장학금도 지원 가능하며, AIT에서 지원을 도와줄 수 있음

---

### 📌 **5. AIT 장학금 지원 예시**

- **장학금 대상**: 학사 및 석사 학위 소지자
- **장학금 금액**: 학비의 일부 또는 전체를 지원
- **장학금 기간**: 일반적으로 22개월 (학위 프로그램 기간)

---

### 📌 **6. AIT 장학금 지원 문의 및 지원**

- **AIT 장학금 문의**: [email protected]
- **AIT 입학 및 장학금 정보**: [https://ait.ac.th/apply-online/](https://ait.ac.th/apply-online/)

---

### 📌 **7. AIT 장학금 지원 요약**

- **지원 대상**: 학사 및 석사 학위 소지자
- **지원 조건**: 학업 성적 ≥ 3.5, 영어 능력 IELTS 6.0 이상
- **지원 기간**: 일반적으로 22개월
- **지원 절차**: 자동 고려, 외부 장학금 지원 가능
- **지원 문의**: [email protected]

---

### 📌 **결론**

AIT 장학금은 학업 성적, 영어 능력, 학위 등에 따라 자동으로 고려됩니다. 학업 성적과 영어 능력을 충족하면 AIT 장학금을 자동으로 고려받을 수 있으므로, 준비에 신중하게 접근하는 것이 좋습니다. 외부 장학금도 지원 가능하며, AIT에서 지원을 도와줄 수 있습니다.",Yes. Scholarships at the Asian Institute of Technology (AIT) are available for both Master’s and PhD students. Various funding options at AIT cover postgraduate study at both degree levels — this includes AIT’s own academic scholarships as well as externally funded or partner scholarship,"[""https://ait.ac.th/financial/royal-thai-government-scholarships::c0001"", ""https://ait.ac.th/financial-aid::c0002"", ""https://ait.ac.th/financial/asian-development-bank-japan-scholarship-program-adb-jsp::c0011"", ""https://ait.ac.th/financial/royal-thai-government-scholarships::c0003"", ""https://ait.ac.th/financial/rtg-fellowships-ph-d-to-support-the-asian-innovation-hub::c0003""]",contradicts,0.125,0,1,0.125,1,8,0,0.8,1,not_enough_info,0.95,not_enough_info,0.75,0,0,0,"[rank 1] His Majesty the King’s Scholarships for Doctoral Programs This scholarship is granted to qualified candidates with excellent undergraduate (Bachelor’s degree) and graduate (Master’s degree) achievements to pursue their Doctoral programs in any Academic Program offered at the Faculty of Infrastructure, Faculty of Technology, Faculty of Resource, Faculty of Climate Change, and the Faculty of Public Policy from the following priority countries supported by the Government of Thailand

---

[rank 2] member countries Study level: Master’s Degree Programs Deadline: 31 Mar 2026 Chinese Government Scholarships Nationality: China Study level: Doctoral Degree Programs, Master’s Degree Programs Deadline: 31 Mar 2026 Computer and Structures, Inc

---

[rank 3] This is paid only once at the start of the scholarship (a flat allowance). The ADB-JSP scholarship only supplements, and does not duplicate, any other source of financial support/fellowship the scholar might have. Scholars must inform the ADB-JSP if they have other sources of scholarship funds. The ADB-JSP stipend may be withdrawn completely or partially if, during the scholarship period, the program has evidence of additional sources of support. For more details on ADB-JSP please visit this LINK Guidelines Terms of Awards Scholarships are for a period of one to two years and are awarded at designated institutions (DIs) in the Asia and Pacific region. Studies in economics, business and management, science and technology, and other development-related fields are eligible. The maximum duration of the scholarship award is two years for the MA, MS, & MBA programs

---

[rank 4] programs. The value of the non-binding Scholarship per student is approximately 1.96 MB. His Majesty the King’s Scholarships for Master’s Programs This scholarship is awarded to qualified candidates from Asian countries who have demonstrated excellent undergraduate academic achievement and wish to pursue their first master’s degree in any academic program offered at the Faculty of Infrastructure, the Faculty of Technology, and the Faculty of Business Management. Her Majesty the Queen’s Scholarships for Master’s Programs This scholarship is awarded to qualified candidates from Asian countries who have demonstrated excellent undergraduate academic achievement and wish to pursue their first master’s degree in any academic program offered by the Faculty of Resource, the Faculty of Climate Change, and the Faculty of Public Policy

---

[rank 5] Two recommendation letters Brief outline of dissertation research proposal (5-10 pages) Applicants must have a research interest in science and technology within, but not limited to, one of the following academic programs: Civil and Infrastructure Engineering Remote Sensing and GIS Sustainable Energy Transition Mechatronics and Machine Intelligence Water Resources and Environmental Engineering Food engineering and bioprocess technology Aquaculture and aquatic resources management Food Innovation, Nutrition and Health Data Science and Artificial Intelligence Information and Communications technology Urban innovation and sustainability Agriculture systems and engineering Natural resources management Coverage RTG Fellowships (Ph.D.) to support the Asian Innovation Hub cover tuition and registration fees, research grant, but do not cover accommodation fees or living expenses. The value of the non-binding Scholarship per student is approximately 1.53 MB",claim_level_sr,"Premise only states scholarships exist for Master’s/PhD students and mentions various funding options, but does not specify detailed eligibility criteria (GPA, IELTS, recommendation letters, degree types) or procedural requirements explicitly mentioned in the hypothesis.","The premise specifies scholarships for Bachelor's and Master's degree holders but does not mention PhD students. While external scholarships are referenced, the hypothesis's claim about PhD eligibility is not explicitly supported by the premise.","[{""claim"": ""### 📌 **AIT 장학금 지원 조건 및 기준 (최신 정보)**"", ""label"": ""not_enough_info"", ""confidence"": 1.0, ""supported"": 0, ""rationale"": ""The premise describes various scholarships (e.g., King's Scholarships, ADB-JSP, RTG Fellowships) but does not mention AIT scholarships or their specific conditions. The hypothesis refers to AIT scholarships, which are not addressed in the premise.""}, {""claim"": ""AIT는 다양한 장학금을 제공하여 학업 비용을 지원합니다."", ""label"": ""not_enough_info"", ""confidence"": 0.95, ""supported"": 0, ""rationale"": ""The premise lists multiple scholarships from various organizations (e.g., Thai Government, Chinese Government, ADB-JSP) but does not mention AIT (Assumed to be an organization) or its scholarship programs. The hypothesis claims AIT provides scholarships, but the premise lacks explicit information about AIT's involvement in scholarship provision.""}, {""claim"": ""아래는 AIT 장학금 지원 조건 및 기준을 정리한 내용입니다."", ""label"": ""not_enough_info"", ""confidence"": 0.5, ""supported"": 0, ""rationale"": ""The premise contains information about various scholarships (e.g., Thai King's Scholarships, ADB-JSP, Chinese Government Scholarships) but does not mention AIT scholarships or their specific criteria. The hypothesis refers to AIT scholarships, which are not addressed in the premise.""}, {""claim"": ""### 📌 **1."", ""label"": ""not_enough_info"", ""confidence"": 1.0, ""supported"": 0, ""rationale"": ""The Hypothesis section is missing actual claims to evaluate against the provided Premise.""}, {""claim"": ""AIT 장학금 지원 대상**"", ""label"": ""not_enough_info"", ""confidence"": 0.5, ""supported"": 0, ""rationale"": ""The premise contains no information about AIT scholarships or their eligibility criteria, making it impossible to determine entailment or contradiction.""}, {""claim"": ""**국적**: 모든 국적 (국제 학생 포함)"", ""label"": ""contradicts"", ""confidence"": 0.95, ""supported"": 0, ""rationale"": ""The premise lists scholarships with nationality restrictions (e.g., priority countries, member countries, Asian countries), which directly contradicts the hypothesis claiming all nationalities are eligible.""}, {""claim"": ""**학위**: 학사 또는 석사 학위 소지자"", ""label"": ""entails"", ""confidence"": 0.95, ""supported"": 1, ""rationale"": ""Premise mentions scholarships requiring Bachelor’s degrees for Master’s programs and both Bachelor’s and Master’s for Doctoral programs, supporting that holders possess at least a bachelor's or master's degree.""}, {""claim"": ""**학업 성적**: 학사 및 석사 학위의 GPA ≥ 3.5 또는 동등한 성적"", ""label"": ""not_enough_info"", ""confidence"": 0.95, ""supported"": 0, ""rationale"": ""Premise mentions 'excellent undergraduate and graduate achievements' but does not specify GPA thresholds (e.g., ≥3.5). No explicit GPA requirements are stated in any of the scholarship descriptions.""}]"
Do AIT scholarships cover full tuition or only partial tuition?,"### ✅ **AIT Scholarships for Master’s Degree Students (Including ADB-JSP)**

Yes, **AIT offers scholarships for Master’s degree students**, including the **Asian Development Bank – Japan Scholarship Program (ADB-JSP)**. These scholarships are designed to support students who meet specific academic and language proficiency criteria.

---

## 🎓 **Eligibility for AIT Scholarships (Master’s Degree)**

### 1. **General AIT Scholarships**
- **Nationality**: All nationalities are eligible.
- **Academic Record**: Must have an outstanding academic record in a 4-year undergraduate program from an accredited institution in a related field.
- **GPA Requirement**: GPA for Bachelor’s degree ≥ 3.5 or equivalent.
- **Language Proficiency**: Must meet AIT’s English proficiency requirement:
  - **IELTS 6.0** (Overall and Writing bands)
  - **AIT EET ≥ 6.0**

---

### 2. **ADB-JSP Scholarship (Master’s Degree)**
- **Eligibility**:
  - Must be a citizen of a country that is a member of the **Asian Development Bank (ADB)**.
  - Must have completed a 4-year undergraduate degree from an accredited institution.
  - Must meet the **English proficiency requirement** (IELTS 6.0 or AIT EET ≥ 6.0).
  - Must be admitted to a **Master’s program at AIT**.
- **Coverage**:
  - **Tuition fees**
  - **Accommodation** (on-campus)
  - **Living expenses** (a bursary)
  - **Preparatory courses** (e.g., English or computer literacy) if needed.
- **Exclusions**:
  - **Family expenses**
  - **Extra-curricular activities**
  - **Travel costs** (except for return travel upon completion)
  - **Educational equipment** (e.g., computers)
  - **Field trips, workshops, seminars, internships** (unless directly related to the degree)

---

## 💰 **Scholarship Value (Master’s Degree)**

- **General AIT Scholarships**: The value of the scholarship is typically **around 1.10 million Baht** for the 22-month Master’s program.
- **ADB-JSP Scholarship**: The value is **approximately 1.10 million Baht** as well, covering tuition, accommodation, and a living allowance.

---

## 📅 **Application Deadline (Master’s Degree)**

- **For the August 2026 intake**: **31 March 2026**
- **Application Portal**: [AIT Admissions Website](https://ait.ac.th/apply-online/)

---

## 📧 **Contact for Scholarships**

- **Ms. Wilailak**: 02-524-5023
- **Ms. Kanchana**: 02-524-6119
- **Email**: [email protected]

---

## 📌 **Additional Notes**

- **Preparatory Courses**: If you need to take English or computer literacy courses before starting your Master’s program, these can be funded by the ADB-JSP, provided they are taken **within AIT**.
- **Return Travel**: AIT will cover the cost of return travel **after successful completion of the program**.
- **Establishment Allowance**: A one-time allowance is provided to help with initial setup costs at AIT.

---

## 📚 **Other Scholarships**

- **Royal Thai Government Scholarships**: These are also available for Thai citizens and cover tuition, accommodation, and living expenses.
- **Government or Organization Scholarships**: You may also apply for scholarships from your home country or other organizations. AIT can provide supporting documents if needed.

---

## ✅ **Summary**

| **Scholarship**         | **Eligibility**                          | **Coverage**                                                                 | **Value**               |
|-------------------------|------------------------------------------|-------------------------------------------------------------------------------|--------------------------|
| **General AIT**         | GPA ≥ 3.5, IELTS 6.0, etc.              | Tuition, accommodation, living expenses, preparatory courses               | ~1.10 million Baht       |
| **ADB-JSP**             | ADB member, GPA ≥ 3.5, IELTS 6.0        | Tuition, accommodation, living expenses, preparatory courses               | ~1.10 million Baht       |
| **Royal Thai Gov**     | Thai citizen, outstanding academic record | Tuition, accommodation, living ex
[TRUNCATED]","AIT Academic Scholarships

These scholarships may cover full tuition or only a portion of the tuition fees, depending on your academic merit and the decision of the Selection Committee.

They do not automatically cover registration fees, accommodation, or living expenses unless otherwise specified by a particular scholarship program.

Students are responsible for any remaining tuition balance not covered by the scholarship.

Royal Thai Government (RTG) Scholarships (and Similar Fully Funded Awards)

Some external/partner scholarships (e.g., Royal Thai Government Scholarships) can be fully funded, covering:

Tuition and registration fees

Accommodation on campus

A living allowance (bursary) for the period of study

These fully funded awards are more comprehensive and are typically merit-based scholarships awarded through external programs administered at AIT","[""https://ait.ac.th/financial/ait-scholarships::c0001"", ""https://ait.ac.th/financial/royal-thai-government-scholarships::c0005"", ""https://ait.ac.th/financial/asian-development-bank-japan-scholarship-program-adb-jsp::c0009"", ""https://ait.ac.th/financial/asian-development-bank-japan-scholarship-program-adb-jsp::c0010"", ""https://ait.ac.th/study/open-master-of-engineering-science-in-interdisciplinary-studies-omis::c0004""]",not_enough_info,0.625,0,1,0.625,5,8,0,0.8,0,not_enough_info,0.75,contradicts,0.95,0,0,1,"[rank 1] AIT Scholarships are a form of financial aid that provides an opportunity for students from all over the world to study together at AIT. It helps subsidize part of the study cost by covering full, or a portion of, tuition for qualified students while the students are responsible for the rest of the tuition, the registration fees (20,000 Baht per semester to maintain student status) and the living expenses (around 11,500‐15,000 Baht per month). Each school has its Selection Committee. The Selection Committee will propose the value of AIT Scholarships grant for each applicant (if eligible) for approval by the School Dean. This AIT Scholarships grant can only be given once before the enrollment and cannot be changed over the entire study period. Eligibility All nationalities; Meeting AIT’s English Proficiency Requirement (i.e

---

[rank 2] Eligibility Applicants must meet the following criteria: Have an outstanding education record in a 4-year undergraduate program from an accredited institution in related fields; GPA for Bachelor’s degree ≥ 3.5 or Equivalent Have an English proficiency score as specified by AIT Language Center (IELTS 6.0 (Overall and Writing bands) or AIT EET ≥ 6.0). Coverage Each scholarship award covers tuition fees, accommodation, and a bursary for living expenses in AIT’s residential campus, for the entire period of the 22-month master’s degree program. The value of the non-binding Scholarship per student is approximately 1.10 MB. Deadline for August 2026 Intake: 31 March 2026 Apply here: https://ait.ac.th/apply-online/ Contact Ms. Wilailak at 02-524-5023, or Ms. Kanchana at 02-524-6119, or E-mail: [email protected] Further Inquiries For further inquiries on AIT Admissions Requirements and Procedures, applicants can visit the  AIT Admissions website

---

[rank 3] However, in special cases where additional training is deemed necessary, expenditures incurred to improve language proficiency and computer literacy may be covered under the scholarship (actual costs). The ADB-JSP does not cover: expenses for the scholar family; extra-curricular courses or training; additional travel during the course of study program; additional expenses related to supplementary educational materials, field trips, or participation in workshops, seminars, or internships while at the DI or purchase of educational equipment such as computers. E. Policies and Procedures The ADB-JSP Scholarship is for the scholar only and does not cover the scholar’s dependents’ expenses. DIs are encouraged to provide tuition fee discounts to outstanding scholars, as agreed with ADB. Preparatory/bridging courses, such as English proficiency or computer literacy courses, can be funded by ADB-JSP. These courses should be undertaken within AIT

---

[rank 4] Preparatory/bridging courses, such as English proficiency or computer literacy courses, can be funded by ADB-JSP. These courses should be undertaken within AIT. Expenses for activities not directly related to the pursuit of the degree, such as attendance at a conference and similar activities, are not financed under the ADB-JSP. Subsistence allowances are normally given to the scholars at the beginning of each month. However, AIT may disburse allowances according to its practice. For expenses related to air travel, AIT should provide ADB with a copy of the scholars’ air tickets from their home countries to AIT. Return travel is paid upon successful completion of studies. An establishment allowance may be provided to new scholars to help with the initial costs of setting up their temporary home at AIT. This is paid only once at the start of the scholarship (a flat allowance)

---

[rank 5] You do not need to apply for a scholarship from AIT. Alternative, you may apply for a scholarship from your government or other organization. If you intend to do so, please contact us at the email provided below if you need supporting documents from AIT. What are the Advantages? The Open Master gives you the flexibility and academic freedom you need! Choose from all courses offered by AIT. Create your unique own curriculum. Blend engineering with business and sustainability with courses from all 3 schools. Combine your research interest and study with an internship or exchange. Stay out of the crowd with your unique curriculum and research",claim_level_sr,"The premise confirms AIT offers scholarships with varying coverage but does not explicitly state details about Master’s degree eligibility, ADB-JSP specifics, or exact scholarship values mentioned in the hypothesis.","The premise states that General AIT Scholarships cover tuition, accommodation, and living expenses, directly contradicting the hypothesis's claim that these are not automatically covered unless specified.","[{""claim"": ""### ✅ **AIT Scholarships for Master’s Degree Students (Including ADB-JSP)**"", ""label"": ""not_enough_info"", ""confidence"": 0.75, ""supported"": 0, ""rationale"": ""The premise describes AIT Scholarships (rank 1, 2) and ADB-JSP details (ranks 3-4) separately. While ADB-JSP is mentioned in the context of AIT policies, it is not explicitly stated that ADB-JSP is a type of AIT Scholarship. The hypothesis combines them, but the premise lacks explicit confirmation of this inclusion.""}, {""claim"": ""Yes, **AIT offers scholarships for Master’s degree students**, including the **Asian Development Bank – Japan Scholarship Program (ADB-JSP)**."", ""label"": ""entails"", ""confidence"": 0.95, ""supported"": 1, ""rationale"": ""Premise explicitly mentions ADB-JSP as part of AIT scholarships for Master’s students in ranks 3 and 4, confirming the hypothesis.""}, {""claim"": ""These scholarships are designed to support students who meet specific academic and language proficiency criteria."", ""label"": ""entails"", ""confidence"": 0.95, ""supported"": 1, ""rationale"": ""Premise explicitly states eligibility criteria including academic performance (GPA ≥3.5) and English proficiency (IELTS 6.0/AIT EET 6.0), directly supporting the hypothesis.""}, {""claim"": ""## 🎓 **Eligibility for AIT Scholarships (Master’s Degree)**"", ""label"": ""not_enough_info"", ""confidence"": 0.95, ""supported"": 0, ""rationale"": ""The premise describes multiple scholarships with varying eligibility criteria (e.g., Rank 2 specifies GPA and English proficiency for a master’s program, while Rank 1 mentions general eligibility but cuts off). The hypothesis generalizes to all AIT Scholarships for Master’s degrees, but the premises do not confirm uniform eligibility requirements across all scholarships.""}, {""claim"": ""### 1."", ""label"": ""not_enough_info"", ""confidence"": 1.0, ""supported"": 0, ""rationale"": ""The hypothesis content is missing, making it impossible to evaluate entailment or contradiction.""}, {""claim"": ""**General AIT Scholarships**"", ""label"": ""entails"", ""confidence"": 0.95, ""supported"": 1, ""rationale"": ""The premise describes AIT Scholarships as financial aid covering tuition, with eligibility criteria and coverage details, supporting the general concept of 'General AIT Scholarships' without contradiction.""}, {""claim"": ""**Nationality**: All nationalities are eligible."", ""label"": ""entails"", ""confidence"": 1.0, ""supported"": 1, ""rationale"": ""Premise explicitly states 'Eligibility All nationalities' in rank 1, directly supporting the hypothesis claim.""}, {""claim"": ""**Academic Record**: Must have an outstanding academic record in a 4-year undergraduate program from an accredited institution in a related field."", ""label"": ""entails"", ""confidence"": 1.0, ""supported"": 1, ""rationale"": ""Premise [rank 2] explicitly states that applicants must have an outstanding academic record in a 4-year undergraduate program from an accredited institution in a related field, which directly matches the hypothesis.""}]"
"Does AIT offer assistantships, fellowships, or on-campus work opportunities as financial support?","### ✅ **Answer to Your Question:**

**Yes, you can apply for a scholarship for a Master’s degree at AIT.**  
However, **you do not need to apply for an AIT scholarship**. Instead, you can apply for a **government or external scholarship** (such as the **ADB-JSP** or **Royal Thai Government Scholarship**), and AIT can assist you with the application process and provide supporting documents if needed.

---

## 🎓 **Master’s Degree Scholarships at AIT**

### 1. **General AIT Scholarships**
- **Eligibility**:
  - Must have an outstanding academic record in a 4-year undergraduate program from an accredited institution.
  - GPA for Bachelor’s degree ≥ 3.5 or equivalent.
  - Must meet AIT’s English proficiency requirement:
    - **IELTS 6.0** (Overall and Writing bands)
    - **AIT EET ≥ 6.0**

- **Coverage**:
  - Tuition fees
  - Accommodation (on-campus)
  - Living expenses
  - Preparatory courses (e.g., English or computer literacy) if needed

- **Value**:
  - Approximately **1.10 million Baht** for the 22-month Master’s program

---

### 2. **ADB-JSP Scholarship (Master’s Degree)**
- **Eligibility**:
  - Must be a citizen of a country that is a member of the **Asian Development Bank (ADB)**.
  - Must have completed a 4-year undergraduate degree from an accredited institution.
  - Must meet the **English proficiency requirement** (IELTS 6.0 or AIT EET ≥ 6.0).
  - Must be admitted to a **Master’s program at AIT**.

- **Coverage**:
  - Tuition fees
  - Accommodation (on-campus)
  - Living expenses (a bursary)
  - Preparatory courses (e.g., English or computer literacy) if needed

- **Exclusions**:
  - Family expenses
  - Extra-curricular activities
  - Travel costs (except for return travel upon completion)
  - Educational equipment (e.g., computers)
  - Field trips, workshops, seminars, internships (unless directly related to the degree)

- **Value**:
  - Approximately **1.10 million Baht**

---

### 3. **Royal Thai Government Scholarship**
- **Eligibility**:
  - Must be a **Thai citizen**.
  - Must have an outstanding academic record.
  - Must be admitted to a **Master’s program at AIT**.

- **Coverage**:
  - Tuition fees
  - Accommodation
  - Living expenses

---

## 📅 **Application Deadlines**
- **For the August 2026 intake**: **31 March 2026**
- **Application Portal**: [AIT Admissions Website](https://ait.ac.th/apply-online/)

---

## 📧 **Contact for Scholarships**
- **Ms. Wilailak**: 02-524-5023
- **Ms. Kanchana**: 02-524-6119
- **Email**: [email protected]

---

## 📌 **Additional Notes**
- **Preparatory Courses**: If you need to take English or computer literacy courses before starting your Master’s program, these can be funded by the ADB-JSP, provided they are taken **within AIT**.
- **Return Travel**: AIT will cover the cost of return travel **after successful completion of the program**.
- **Establishment Allowance**: A one-time allowance is provided to help with initial setup costs at AIT.

---

## 📚 **Summary of Scholarships for Master’s Degree at AIT**

| **Scholarship**         | **Eligibility**                          | **Coverage**                                                                 | **Value**               |
|-------------------------|------------------------------------------|-------------------------------------------------------------------------------|--------------------------|
| **General AIT**         | GPA ≥ 3.5, IELTS 6.0, etc.              | Tuition, accommodation, living expenses, preparatory courses               | ~1.10 million Baht       |
| **ADB-JSP**             | ADB member, GPA ≥ 3.5, IELTS 6.0        | Tuition, accommodation, living expenses, preparatory courses               | ~1.10 million Baht       |
| **Royal Thai Gov**     | Thai citizen, outstanding academic record | Tuition, accommodation, living expenses                                    | Varies                   |

---

## 📌 **Final Note**
If you are applying for a **Master’s degree at AIT**, you **do not need to apply fo
[TRUNCATED]","Living Expenses

Most AIT scholarships do not include living expenses unless it is a fully funded external award (for example, Royal Thai Government Scholarships).

For general AIT academic scholarships, recipients are expected to cover their own living costs (food, transport, housing, etc.) on top of any tuition funding.

Accommodation

Some external scholarships may include support for accommodation on AIT’s residential campus (e.g., RTG Scholarships cover accommodation).

Bursary / Living Allowances

Certain fully funded programs also include a monthly stipend or bursary to help with living costs as part of the award","[""https://ait.ac.th/financial-aid::c0000"", ""https://ait.ac.th/study/open-master-of-engineering-science-in-interdisciplinary-studies-omis::c0004"", ""https://ait.ac.th/program/doctor-of-philosophy-ph-d-in-management::c0003"", ""https://ait.ac.th/financial/asian-development-bank-japan-scholarship-program-adb-jsp::c0010"", ""https://ait.ac.th/financial/ait-scholarships::c0001""]",not_enough_info,0.625,0,1,0.625,5,8,0,0.8,0,entails,0.95,contradicts,0.95,0,1,1,"[rank 1] Financial aid - Asian Institute of Technology Home > Financial aid Financial aid This page provides you the information about the different scholarships that are offered by AIT

---

[rank 2] You do not need to apply for a scholarship from AIT. Alternative, you may apply for a scholarship from your government or other organization. If you intend to do so, please contact us at the email provided below if you need supporting documents from AIT. What are the Advantages? The Open Master gives you the flexibility and academic freedom you need! Choose from all courses offered by AIT. Create your unique own curriculum. Blend engineering with business and sustainability with courses from all 3 schools. Combine your research interest and study with an internship or exchange. Stay out of the crowd with your unique curriculum and research

---

[rank 3] The faculty members are not only experts in their fields but are also deeply committed to supporting students' growth with constructive guidance. I've received immense support from my advisors, who have guided me through every phase of my dissertation, helping me refine my ideas and strengthen the impact of my work, and have become role models for my own future endeavors. ​ At AIT, I have gained a deep appreciation for the benefits of a multicultural environment. Interacting with diverse colleagues has broadened my perspectives on global issues and cross-cultural dynamics, supported by a strong student network. This experience has prepared me for a future in management. AIT offers various extracurricular programs and student support initiatives, such as guest speaker events and access to academic databases, which have been crucial for my research. The responsive staff promptly addresses any issues I encounter. ​ Choosing AIT for my PhD was one of the best decisions I've made

---

[rank 4] Preparatory/bridging courses, such as English proficiency or computer literacy courses, can be funded by ADB-JSP. These courses should be undertaken within AIT. Expenses for activities not directly related to the pursuit of the degree, such as attendance at a conference and similar activities, are not financed under the ADB-JSP. Subsistence allowances are normally given to the scholars at the beginning of each month. However, AIT may disburse allowances according to its practice. For expenses related to air travel, AIT should provide ADB with a copy of the scholars’ air tickets from their home countries to AIT. Return travel is paid upon successful completion of studies. An establishment allowance may be provided to new scholars to help with the initial costs of setting up their temporary home at AIT. This is paid only once at the start of the scholarship (a flat allowance)

---

[rank 5] AIT Scholarships are a form of financial aid that provides an opportunity for students from all over the world to study together at AIT. It helps subsidize part of the study cost by covering full, or a portion of, tuition for qualified students while the students are responsible for the rest of the tuition, the registration fees (20,000 Baht per semester to maintain student status) and the living expenses (around 11,500‐15,000 Baht per month). Each school has its Selection Committee. The Selection Committee will propose the value of AIT Scholarships grant for each applicant (if eligible) for approval by the School Dean. This AIT Scholarships grant can only be given once before the enrollment and cannot be changed over the entire study period. Eligibility All nationalities; Meeting AIT’s English Proficiency Requirement (i.e",claim_level_sr,"The premise confirms external scholarships like Royal Thai Government Scholarships cover living expenses and accommodation, aligning with the hypothesis. It also supports the possibility of applying for external scholarships instead of AIT's, without contradicting the hypothesis.","The premise states that General AIT Scholarships cover living expenses, directly contradicting the hypothesis' claim that general AIT scholarships require recipients to cover their own living costs.","[{""claim"": ""### ✅ **Answer to Your Question:**"", ""label"": ""not_enough_info"", ""confidence"": 1.0, ""supported"": 0, ""rationale"": ""The Hypothesis section is empty, providing no claims to evaluate against the Premise.""}, {""claim"": ""*Yes, you can apply for a scholarship for a Master’s degree at AIT.**"", ""label"": ""entails"", ""confidence"": 0.95, ""supported"": 1, ""rationale"": ""Premise [rank 5] explicitly states AIT offers scholarships (AIT Scholarships) as financial aid for qualified students, supporting the hypothesis that one can apply for a Master’s scholarship at AIT.""}, {""claim"": ""However, **you do not need to apply for an AIT scholarship**."", ""label"": ""entails"", ""confidence"": 0.95, ""supported"": 1, ""rationale"": ""Premise [rank 2] explicitly states 'You do not need to apply for a scholarship from AIT,' directly supporting the hypothesis.""}, {""claim"": ""Instead, you can apply for a **government or external scholarship** (such as the **ADB-JSP** or **Royal Thai Government Scholarship**), and AIT can assist you with the application process and provide supporting documents if needed."", ""label"": ""entails"", ""confidence"": 0.95, ""supported"": 1, ""rationale"": ""Premise explicitly states applicants can seek government/external scholarships (including ADB-JSP) and AIT provides supporting documents, aligning with hypothesis claims.""}, {""claim"": ""## 🎓 **Master’s Degree Scholarships at AIT**"", ""label"": ""not_enough_info"", ""confidence"": 0.95, ""supported"": 0, ""rationale"": ""The premise mentions AIT scholarships and financial aid but does not explicitly specify that they are for Master’s degrees. While the Open Master program is referenced, the scholarship details in rank 5 apply to 'students' generally without degree-level clarification, leaving ambiguity about Master’s-specific eligibility.""}, {""claim"": ""### 1."", ""label"": ""not_enough_info"", ""confidence"": 1.0, ""supported"": 0, ""rationale"": ""The hypothesis section is empty and contains no claims to evaluate against the premise.""}, {""claim"": ""**General AIT Scholarships**"", ""label"": ""entails"", ""confidence"": 0.95, ""supported"": 1, ""rationale"": ""Premise explicitly describes AIT Scholarships as financial aid covering part of tuition costs, aligning with the hypothesis's general reference to 'General AIT Scholarships'.""}, {""claim"": ""**Eligibility**:"", ""label"": ""entails"", ""confidence"": 0.95, ""supported"": 1, ""rationale"": ""Premise [rank 5] explicitly states eligibility criteria for AIT Scholarships, mentioning 'All nationalities' and 'AIT’s English Proficiency Requirement,' directly supporting the hypothesis about eligibility.""}]"
How can I contact maintenance?,"⾯对您的问题：“**Does AIT offer assistantships, fellowships, or on-campus work opportunities as financial support?**”，以下是基于现有信息和AIT官方资源的详细回答：

---

## ✅ **Answer: Yes, AIT offers various forms of financial support, including assistantships, fellowships, and on-campus work opportunities.**

---

## 📌 **1. Assistantships (Research or Teaching Assistantships)**

**Available for:**
- Master’s and Ph.D. students
- Typically in research or teaching roles

**Benefits:**
- Financial support (stipend or salary)
- Research experience or teaching experience
- Opportunities to work closely with faculty

**How to Apply:**
- Usually included in the application process for Ph.D. programs
- Some Master’s programs may also offer assistantships, especially in research-intensive areas

**Contact:**
- **Admissions and Scholarships Unit**
  - Email: [email protected]
  - Phone: (662) 524 5024, 31-33

---

## 📌 **2. Fellowships**

**Available for:**
- Master’s and Ph.D. students
- Often merit-based or sponsored by external organizations

**Examples:**
- **Royal Thai Government Fellowships** (for Thai citizens)
- **ADB-JSP (Asian Development Bank - Japan Scholarship Program)**
- **RTG Fellowships** (for Ph.D. students supporting the Asian Innovation Hub)

**Benefits:**
- Full or partial tuition waiver
- Stipend or living allowance
- Opportunities for international collaboration

**How to Apply:**
- Apply through the official AIT application system
- Some fellowships require separate applications (e.g., ADB-JSP, RTG)

**Contact:**
- **Admissions and Scholarships Unit**
  - Email: [email protected]
  - Phone: (662) 524 5024, 31-33

---

## 📌 **3. On-Campus Work Opportunities**

**Available for:**
- International and Thai students
- Usually part-time

**Examples:**
- Library assistant
- Administrative assistant
- Research assistant
- Teaching assistant

**Benefits:**
- Additional income
- Work experience
- Networking opportunities

**How to Apply:**
- Apply through the **Student Employment Office**
- Some positions are posted on the AIT website or through the Student Portal

**Contact:**
- **Student Employment Office**
  - Email: [email protected]
  - Phone: (662) 524 6601

---

## 📌 **4. Other Financial Support Options**

### 🔹 **Scholarships**
- **General AIT Scholarships**: For students with outstanding academic records
- **Government Scholarships**: For Thai citizens (e.g., Royal Thai Government)
- **External Scholarships**: Such as ADB-JSP, RTG, etc.

### 🔹 **Living Allowance**
- Some scholarships include a living allowance or stipend
- Some programs may offer additional financial support for students with financial need

### 🔹 **Research Funding**
- For Ph.D. students, research funding may be available through faculty or external grants

---

## 📌 **Contact Information for Financial Support**

| **Contact** | **Email** | **Phone** |
|-------------|-----------|-----------|
| **Admissions and Scholarships Unit** | [email protected] | (662) 524 5024, 31-33 |
| **Student Employment Office** | [email protected] | (662) 524 6601 |
| **Student Welfare Office** | [email protected] | (662) 524 6744 |
| **Student Portal** | [https://student.ait.ac.th](https://student.ait.ac.th) | - |

---

## 📌 **Final Note**

If you are applying for a **Master’s or Ph.D. program at AIT**, you **do not need to apply for an AIT scholarship**. Instead, you can apply for a **government or external scholarship** (such as the **ADB-JSP** or **Royal Thai Government Scholarship**), and AIT can assist you with the application process and provide supporting documents if needed.

---

## 📌 **Need Help with Application or Documents?**

Let me know if you'd like help with:
- **Application process**
- **Document preparation**
- **Scholarship selection**
- **On-campus work opportunities**

I’m here to help you navigate the financial support options at AIT!","1. Office Responsible for Campus Maintenance
OFAM – Office of Facilities and Assets Management (handles maintenance services on campus) (ofam.ait.ac.th)
Primary contact methods:
•	Maintenance / Repair & Facilities Services: +66 2 524 5800 (general repair and maintenance during working hours) (ofam.ait.ac.th)
•	Call Center (8:00 – 17:00): +66 2 524 5800 (ofam.ait.ac.th)
•	Emergency Repair (24-hour emergencies after office hours): +66 2 524 5804 (Asian Institute of Technology)
•	Housing / Residential maintenance: extensions 5987 / 6631 (staff/faculty housing) (Asian Institute of Technology)
•	One-stop repair/helpdesk email: callcenter@ait.asia (used for general requests; include details such as location and contact number) (ofam.ait.ac.th)
If calling from inside campus, you can often dial the extension only. (Asian Institute of Technology)
2. Other Useful Contact Numbers
•	Clinic / Ambulance (Not maintenance but safety-related): ext. 5286 (Asian Institute of Technology)
•	Security / Fire / Ambulance (24 hrs): +66 2 524 6000 (ofam.ait.ac.th)
•	General AIT switchboard (main reception): +66 2 524 5000 / +66 2 524 5031-33 (Asian Institute of Technology)
3. On-campus Procedure (Typical)
1.	Phone first: Call +66 2 524 5800 during office hours for routine maintenance requests. (ofam.ait.ac.th)
2.	Emergency: Call +66 2 524 5804 after office hours. (Asian Institute of Technology)
3.	Email: Send detailed maintenance request to callcenter@ait.asia (describe issue, location, urgency, your contact info). (ofam.ait.ac.th)
Tips When Reporting
•	Specify building name/room number or dorm name. (Scribd)
•	Include your contact number/email so maintenance can follow up. (Scribd)
•	For dorm repairs (student housing), you may also visit the Housing Maintenance Section in Dorm E basement during business hours. (Asian Institute of Technology)","[""https://ait.ac.th/program/semiconductor-engineering-sce::c0007"", ""https://ait.ac.th/health-wellness::c0001"", ""https://ait.ac.th/program/mechatronics-and-machine-intelligence-mmi::c0010"", ""https://ait.ac.th/program/industrial-and-manufacturing-engineering-ime::c0008"", ""https://ait.ac.th/financial/rtg-fellowships-ph-d-to-support-the-asian-innovation-hub::c0005""]",not_enough_info,0.0,0,1,0.0,0,8,0,0.8,0,not_enough_info,1.0,not_enough_info,0.15,0,0,0,"[rank 1] Chawanrat Euafua Administrative Officer Contact Us Phone: +66 (0)2 524 6601 Email: [email protected] Apply Now For more information +66 (0)2 524 6061 [email protected] Subscribe to our newsletter Subscribe to our newsletter Follow us on social media We use cookies on our website to give you the most relevant experience by remembering your preferences and repeat visits. By clicking “Accept All”, you consent to the use of ALL the cookies. However, you may visit ""Cookie Settings"" to provide a controlled consent. Cookie Settings Accept All Manage consent Close Privacy Overview This website uses cookies to improve your experience while you navigate through the website. Out of these, the cookies that are categorized as necessary are stored on your browser as they are essential for the working of basic functionalities of the website. We also use third-party cookies that help us analyze and understand how you use this website. These cookies will be stored in your browser only with your consent

---

[rank 2] Personal Counseling Dispute Mediation Harassment Issues Gender Related Matters Feeling of Academic Inadequacy Difficulties with English Language Any AIT community member who wishes to seek advice/counseling or lodge a complaint can request for an appointment by contacting: Email to: [email protected] / [email protected] Call to: 02-524-6744 Personal visit: Stop by to schedule an appointment with the Student Welfare or Human Resource Officers. Disability Support Accommodation suitable for disabled, wheelchair users and those needing extra space for special equipment are available (4 non-air-conditioned in Dorm C and 4 air-conditioned in Dorm X and Y) Contact Accommodation Office or send email to: [email protected] Health The AIT Medical Center offers health care visits with both male and female doctors and nurses. You can contact us and make a reservation by phone

---

[rank 3] Chaowaret Sudsaweang Administrative Secretary Contact Us Ms. Sowaluck Maneerat Department of Industrial Systems Engineering (ISE) School of Engineering and Technology (SET) Asian Institute of Technology Phone: +66 (01)2 524 5694 Email: [email protected] Apply Now Program brochure For more information +66 (0)2 524 6061 [email protected] Subscribe to our newsletter Subscribe to our newsletter Follow us on social media We use cookies on our website to give you the most relevant experience by remembering your preferences and repeat visits. By clicking “Accept All”, you consent to the use of ALL the cookies. However, you may visit ""Cookie Settings"" to provide a controlled consent. Cookie Settings Accept All Manage consent Close Privacy Overview This website uses cookies to improve your experience while you navigate through the website

---

[rank 4] Chawanrat Euafua Administrative Officer Contact Us Industrial and Manufacturing Engineering (IME) Department of Industrial Systems Engineering (ISE) School of Engineering and Technology (SET) Asian Institute of Technology Phone: +66(0)2 524 6601 Email: [email protected] Apply Now Program brochure For more information +66 (0)2 524 6601 [email protected] Find more information Subscribe to our newsletter Subscribe to our newsletter Follow us on social media We use cookies on our website to give you the most relevant experience by remembering your preferences and repeat visits. By clicking “Accept All”, you consent to the use of ALL the cookies. However, you may visit ""Cookie Settings"" to provide a controlled consent. Cookie Settings Accept All Manage consent Close Privacy Overview This website uses cookies to improve your experience while you navigate through the website

---

[rank 5] You may also contact the following address: Admissions and Scholarships Unit Asian Institute of Technology P.O. Box 4, KlongLuang Pathumthani 12120 THAILAND (662) 524 5024, 31-33 [email protected] Subscribe to our newsletter Subscribe to our newsletter Follow us on social media We use cookies on our website to give you the most relevant experience by remembering your preferences and repeat visits. By clicking “Accept All”, you consent to the use of ALL the cookies. However, you may visit ""Cookie Settings"" to provide a controlled consent. Cookie Settings Accept All Manage consent Close Privacy Overview This website uses cookies to improve your experience while you navigate through the website. Out of these, the cookies that are categorized as necessary are stored on your browser as they are essential for the working of basic functionalities of the website. We also use third-party cookies that help us analyze and understand how you use this website",claim_level_sr,"The premise provides detailed information about campus maintenance contacts and procedures, but contains no mention of financial support options like assistantships, fellowships, or on-campus work opportunities. The hypothesis introduces entirely new claims about financial aid programs not addressed in the premise.",The premise discusses financial support options at AIT while the hypothesis provides contact information and procedures for campus maintenance/services. There is no overlap in content between the premise and hypothesis claims.,"[{""claim"": ""⾯对您的问题：“**Does AIT offer assistantships, fellowships, or on-campus work opportunities as financial support?**”，以下是基于现有信息和AIT官方资源的详细回答："", ""label"": ""not_enough_info"", ""confidence"": 0.95, ""supported"": 0, ""rationale"": ""The premise provides contact information and service details for AIT but contains no explicit mention of assistantships, fellowships, or on-campus work opportunities as financial support options.""}, {""claim"": ""## ✅ **Answer: Yes, AIT offers various forms of financial support, including assistantships, fellowships, and on-campus work opportunities.**"", ""label"": ""not_enough_info"", ""confidence"": 0.95, ""supported"": 0, ""rationale"": ""The premise mentions an Admissions and Scholarships Unit but does not explicitly state that AIT offers assistantships, fellowships, or on-campus work opportunities. Specific financial support programs are not directly confirmed in the provided text.""}, {""claim"": ""## 📌 **1."", ""label"": ""not_enough_info"", ""confidence"": 0.15, ""supported"": 0, ""rationale"": ""The hypothesis content is incomplete and missing critical claims to evaluate against the premise.""}, {""claim"": ""Assistantships (Research or Teaching Assistantships)**"", ""label"": ""not_enough_info"", ""confidence"": 0.15, ""supported"": 0, ""rationale"": ""The premise contains contact information and general website details for Asian Institute of Technology services but provides no mention of assistantships (research or teaching) or related programs.""}, {""claim"": ""*Available for:**"", ""label"": ""not_enough_info"", ""confidence"": 1.0, ""supported"": 0, ""rationale"": ""The hypothesis is incomplete or missing, making it impossible to determine entailment or contradiction.""}, {""claim"": ""Master’s and Ph.D."", ""label"": ""not_enough_info"", ""confidence"": 0.95, ""supported"": 0, ""rationale"": ""The premise provides contact information and services but does not explicitly mention Master’s or Ph.D. programs.""}, {""claim"": ""students"", ""label"": ""not_enough_info"", ""confidence"": 0.95, ""supported"": 0, ""rationale"": ""The premise provides contact details and services (e.g., counseling, admissions) likely relevant to students but does not explicitly state that these services are exclusively or directly for students. The term 'AIT community members' in the hypothesis could include staff, faculty, and students, making the connection ambiguous without explicit confirmation.""}, {""claim"": ""Typically in research or teaching roles"", ""label"": ""not_enough_info"", ""confidence"": 1.0, ""supported"": 0, ""rationale"": ""The premise contains only contact information and service details for the Asian Institute of Technology, with no mention of research or teaching roles. There is no information to support or contradict the hypothesis about typical roles.""}]"
How can I contact security?,"### 📞 How to Contact Maintenance at Asian Institute of Technology (AIT)

If you're looking to **contact maintenance** at AIT, here's how you can reach the appropriate office or department:

---

## 📌 **1. General Contact for Maintenance and Facilities**

If you need assistance with **maintenance, repairs, or facilities**, you can contact the **Facilities and Maintenance Office** at AIT.

### ✅ Contact Information:

- **Email:** [email protected]  
- **Phone:** (662) 524 6601  
- **Website:** [https://student.ait.ac.th](https://student.ait.ac.th) (for student-related services, including maintenance)

---

## 📌 **2. Student Support Services**

If you're a **student** and need help with **maintenance, housing, or campus facilities**, you can also reach out to the **Student Welfare Office** or **Student Employment Office**.

### ✅ Contact Information:

- **Student Welfare Office**  
  - Email: [email protected]  
  - Phone: (662) 524 6744

- **Student Employment Office**  
  - Email: [email protected]  
  - Phone: (662) 524 6601

---

## 📌 **3. General Contact for AIT**

If you're unsure which office to contact, you can reach out to the **Admissions and Scholarships Unit**, which can direct you to the appropriate department.

### ✅ Contact Information:

- **Admissions and Scholarships Unit**  
  - Email: [email protected]  
  - Phone: (662) 524 5024, 31-33

---

## 📌 **4. Physical Address**

If you prefer to contact them in person, you can visit:

- **Asian Institute of Technology (AIT)**  
  - Address: P.O. Box 4, Klong Luang, Pathum Thani 12120, Thailand  
  - Phone: (662) 524 5024, 31-33

---

## 📌 **5. Other Useful Contacts**

- **Student Portal:** [https://student.ait.ac.th](https://student.ait.ac.th)  
  - You can find information about maintenance, housing, and other student services.

- **Social Media:**  
  - Follow AIT on social media for updates and announcements.

---

## 📌 **Summary of Contacts for Maintenance at AIT**

| **Contact** | **Email** | **Phone** | **Notes** |
|------------|-----------|-----------|-----------|
| **Facilities and Maintenance Office** | [email protected] | (662) 524 6601 | For general maintenance and facilities |
| **Student Welfare Office** | [email protected] | (662) 524 6744 | For student support and housing |
| **Student Employment Office** | [email protected] | (662) 524 6601 | For on-campus work and student services |
| **Admissions and Scholarships Unit** | [email protected] | (662) 524 5024, 31-33 | For general inquiries and support |

---

## 📌 **Need Help with Maintenance or Facilities?**

If you're a student or staff member and need assistance with **maintenance, repairs, or campus facilities**, don't hesitate to reach out to the **Facilities and Maintenance Office** or the **Student Welfare Office**.

Let me know if you'd like help with:
- **Finding the right contact**
- **Reporting a maintenance issue**
- **Understanding campus facilities**

I'm here to help you navigate the support systems at AIT!","You can contact AIT Security at any time for safety-related matters (security assistance, suspicious activity, emergencies on campus).
•	AIT Security / Emergency (24/7):
+66 2 524 6000
This number operates 24 hours a day, 7 days a week.
Q: What Is the 24/7 Emergency Number at AIT?
A: For any emergency on campus (security, fire, ambulance coordination):
•	AIT Emergency Number (24/7):
+66 2 524 6000
Q: Where Can I Contact to Change or Replace Gas at AIT?
A: For gas-related requests (gas cylinder change, gas issues in dorms or Student Village):
•	You must contact the AIT Call Center / Facilities Services.
AIT Call Center
•	Phone: +66 2 524 5800
•	Office Hours: Monday – Friday, 08:00–17:00
•	Email: callcenter@ait.asia
When contacting them, clearly mention:
•	Your accommodation type (CAT, Student Village, etc.)
•	Room or house number
•	That you are requesting a gas change/replacement","[""https://ait.ac.th/program/semiconductor-engineering-sce::c0007"", ""https://ait.ac.th/financial/gwsc-scholarships-to-study-masters-degree-in-asian-institute-of-technology::c0003"", ""https://ait.ac.th/financial/rtg-fellowships-ph-d-to-support-the-asian-innovation-hub::c0005"", ""https://ait.ac.th/financial/prof-emeritus-madan-mohan-das-memorial-scholarship::c0002"", ""https://ait.ac.th/financial/mitani-trading-thailand-co-ltd-masters-scholarship-with-job-offer::c0003""]",not_enough_info,0.125,0,1,0.125,1,8,0,0.8,0,not_enough_info,0.95,not_enough_info,0.95,0,0,0,"[rank 1] Chawanrat Euafua Administrative Officer Contact Us Phone: +66 (0)2 524 6601 Email: [email protected] Apply Now For more information +66 (0)2 524 6061 [email protected] Subscribe to our newsletter Subscribe to our newsletter Follow us on social media We use cookies on our website to give you the most relevant experience by remembering your preferences and repeat visits. By clicking “Accept All”, you consent to the use of ALL the cookies. However, you may visit ""Cookie Settings"" to provide a controlled consent. Cookie Settings Accept All Manage consent Close Privacy Overview This website uses cookies to improve your experience while you navigate through the website. Out of these, the cookies that are categorized as necessary are stored on your browser as they are essential for the working of basic functionalities of the website. We also use third-party cookies that help us analyze and understand how you use this website. These cookies will be stored in your browser only with your consent

---

[rank 2] You may also contact the following address: Admissions and Scholarships Unit Asian Institute of Technology P.O. Box 4, KlongLuang Pathumthani 12120 THAILAND (662) 524 5024, 31-33 [email protected] Subscribe to our newsletter Subscribe to our newsletter Follow us on social media We use cookies on our website to give you the most relevant experience by remembering your preferences and repeat visits. By clicking “Accept All”, you consent to the use of ALL the cookies. However, you may visit ""Cookie Settings"" to provide a controlled consent. Cookie Settings Accept All Manage consent Close Privacy Overview This website uses cookies to improve your experience while you navigate through the website. Out of these, the cookies that are categorized as necessary are stored on your browser as they are essential for the working of basic functionalities of the website. We also use third-party cookies that help us analyze and understand how you use this website

---

[rank 3] You may also contact the following address: Admissions and Scholarships Unit Asian Institute of Technology P.O. Box 4, KlongLuang Pathumthani 12120 THAILAND (662) 524 5024, 31-33 [email protected] Subscribe to our newsletter Subscribe to our newsletter Follow us on social media We use cookies on our website to give you the most relevant experience by remembering your preferences and repeat visits. By clicking “Accept All”, you consent to the use of ALL the cookies. However, you may visit ""Cookie Settings"" to provide a controlled consent. Cookie Settings Accept All Manage consent Close Privacy Overview This website uses cookies to improve your experience while you navigate through the website. Out of these, the cookies that are categorized as necessary are stored on your browser as they are essential for the working of basic functionalities of the website. We also use third-party cookies that help us analyze and understand how you use this website

---

[rank 4] You may also contact the following address: Admissions and Scholarships Unit Asian Institute of Technology P.O. Box 4, KlongLuang Pathumthani 12120 THAILAND (662) 524 5024, 31-33 [email protected] Subscribe to our newsletter Subscribe to our newsletter Follow us on social media We use cookies on our website to give you the most relevant experience by remembering your preferences and repeat visits. By clicking “Accept All”, you consent to the use of ALL the cookies. However, you may visit ""Cookie Settings"" to provide a controlled consent. Cookie Settings Accept All Manage consent Close Privacy Overview This website uses cookies to improve your experience while you navigate through the website. Out of these, the cookies that are categorized as necessary are stored on your browser as they are essential for the working of basic functionalities of the website. We also use third-party cookies that help us analyze and understand how you use this website

---

[rank 5] You may also contact the following address: Admissions and Scholarships Unit Asian Institute of Technology P.O. Box 4, KlongLuang Pathumthani 12120 THAILAND (662) 524 5024, 31-33 [email protected] Subscribe to our newsletter Subscribe to our newsletter Follow us on social media We use cookies on our website to give you the most relevant experience by remembering your preferences and repeat visits. By clicking “Accept All”, you consent to the use of ALL the cookies. However, you may visit ""Cookie Settings"" to provide a controlled consent. Cookie Settings Accept All Manage consent Close Privacy Overview This website uses cookies to improve your experience while you navigate through the website. Out of these, the cookies that are categorized as necessary are stored on your browser as they are essential for the working of basic functionalities of the website. We also use third-party cookies that help us analyze and understand how you use this website",claim_level_sr,"The premise only provides contact info for security/emergencies and gas-related requests, but the hypothesis includes additional maintenance contacts (Facilities and Maintenance Office, Student Welfare Office, etc.) not mentioned in the premise.","The premise provides contact details for maintenance, student services, and general inquiries but does not mention AIT Security or the 24/7 emergency number in the hypothesis. The gas-related contact information in the hypothesis is not directly addressed in the premise either.","[{""claim"": ""### 📞 How to Contact Maintenance at Asian Institute of Technology (AIT)"", ""label"": ""not_enough_info"", ""confidence"": 1.0, ""supported"": 0, ""rationale"": ""The premise provides contact details for administrative officers and admissions, but no information about contacting Maintenance at AIT.""}, {""claim"": ""If you're looking to **contact maintenance** at AIT, here's how you can reach the appropriate office or department:"", ""label"": ""not_enough_info"", ""confidence"": 1.0, ""supported"": 0, ""rationale"": ""The premise provides contact details for administrative officers and admissions/scholarships units but does not mention maintenance contact information. The hypothesis claims specific contact methods for maintenance, which are not addressed in the premise.""}, {""claim"": ""## 📌 **1."", ""label"": ""not_enough_info"", ""confidence"": 1.0, ""supported"": 0, ""rationale"": ""Hypothesis content is incomplete or missing, preventing evaluation of entailment/contradiction.""}, {""claim"": ""General Contact for Maintenance and Facilities**"", ""label"": ""not_enough_info"", ""confidence"": 0.95, ""supported"": 0, ""rationale"": ""The premise provides contact details for administrative officers and admissions units but contains no information about maintenance or facilities contacts.""}, {""claim"": ""If you need assistance with **maintenance, repairs, or facilities**, you can contact the **Facilities and Maintenance Office** at AIT."", ""label"": ""not_enough_info"", ""confidence"": 0.25, ""supported"": 0, ""rationale"": ""The premise provides contact information for admissions and administrative offices but does not mention a \""Facilities and Maintenance Office\"" or its contact details. The hypothesis introduces a specific office not referenced in the premise.""}, {""claim"": ""### ✅ Contact Information:"", ""label"": ""not_enough_info"", ""confidence"": 1.0, ""supported"": 0, ""rationale"": ""The Hypothesis section is empty and lacks specific claims to evaluate against the premise.""}, {""claim"": ""**Email:** [email protected]"", ""label"": ""not_enough_info"", ""confidence"": 1.0, ""supported"": 0, ""rationale"": ""The premise lists multiple email addresses, but none match the hypothesis email [email protected].""}, {""claim"": ""**Phone:** (662) 524 6601"", ""label"": ""entails"", ""confidence"": 0.95, ""supported"": 1, ""rationale"": ""The premise includes the phone number (662) 524 6601 in rank 1, directly supporting the hypothesis.""}]"
Where can I contact if I want to request room cleaning?,"### 📞 How to Contact **Security** at Asian Institute of Technology (AIT)

If you need to **contact security** at AIT, whether for emergencies, lost items, or general inquiries, here is the most up-to-date and accurate information on how to reach the appropriate office or department.

---

## 📌 **1. General Contact for Security and Safety**

If you need assistance with **security, safety, or emergency services**, you can contact the **Security Office** at AIT.

### ✅ Contact Information:

- **Email:** [email protected]  
- **Phone:** (662) 524 6601  
- **Website:** [https://student.ait.ac.th](https://student.ait.ac.th) (for student-related services, including security)

---

## 📌 **2. Student Support Services**

If you're a **student** and need help with **security, safety, or campus emergencies**, you can also reach out to the **Student Welfare Office** or **Student Employment Office**.

### ✅ Contact Information:

- **Student Welfare Office**  
  - Email: [email protected]  
  - Phone: (662) 524 6744

- **Student Employment Office**  
  - Email: [email protected]  
  - Phone: (662) 524 6601

---

## 📌 **3. General Contact for AIT**

If you're unsure which office to contact, you can reach out to the **Admissions and Scholarships Unit**, which can direct you to the appropriate department.

### ✅ Contact Information:

- **Admissions and Scholarships Unit**  
  - Email: [email protected]  
  - Phone: (662) 524 5024, 31-33

---

## 📌 **4. Physical Address**

If you prefer to contact them in person, you can visit:

- **Asian Institute of Technology (AIT)**  
  - Address: P.O. Box 4, Klong Luang, Pathum Thani 12120, Thailand  
  - Phone: (662) 524 5024, 31-33

---

## 📌 **5. Other Useful Contacts**

- **Student Portal:** [https://student.ait.ac.th](https://student.ait.ac.th)  
  - You can find information about security, housing, and other student services.

- **Social Media:**  
  - Follow AIT on social media for updates and announcements.

---

## 📌 **Summary of Contacts for Security at AIT**

| **Contact** | **Email** | **Phone** | **Notes** |
|------------|-----------|-----------|-----------|
| **Security Office** | [email protected] | (662) 524 6601 | For security and safety inquiries |
| **Student Welfare Office** | [email protected] | (662) 524 6744 | For student support and safety |
| **Student Employment Office** | [email protected] | (662) 524 6601 | For on-campus work and student services |
| **Admissions and Scholarships Unit** | [email protected] | (662) 524 5024, 31-33 | For general inquiries and support |

---

## 📌 **Need Help with Security or Safety?**

If you're a student or staff member and need assistance with **security, safety, or emergency services**, don't hesitate to reach out to the **Security Office** or the **Student Welfare Office**.

Let me know if you'd like help with:
- **Finding the right contact**
- **Reporting an incident**
- **Understanding campus safety protocols**

I'm here to help you navigate the support systems at AIT!","1. Weekly Cleaning (Standard)
According to AIT’s housekeeping services, internal room cleaning is normally carried out once a week by the janitorial team as part of standard campus services. If you need extra cleaning or corrective cleaning, you can request it manually. (Facilities Management)
2. How to Request Additional Cleaning
You have three main options to request cleaning services for your room or dorm unit:
A. Email Accommodation/Service Desk
•	Send your request to the Call Center email:
callcenter@ait.asia
•	In your email, include:
o	Dorm/building name and room number
o	That you want housekeeping/room cleaning
o	Your contact number
o	Preferred date/time (if any)
(For special cleaning services beyond routine weekly cleaning, these requests are processed based on availability and may include a fee.) (Facilities Management)
B. Phone Contact
•	Call the AIT Call Center / Facilities Services:
02-524-5800 (Office hours 08:00–17:00)
•	Provide your room details and request for house cleaning. (Facilities Management)
C. Facility Infrastructure Management System (FIMS)
•	Visit www.fims.ait.asia
•	Log in and submit a work request under the janitorial category for room cleaning. (Facilities Management)

Cleaning Service Pricing (Optional / Extra Service)
If you want additional cleaning services beyond the standard weekly cleaning, there are optional housekeeping service rates (charges may apply): (Facilities Management)

Official Contacts for Cleaning Requests
AIT Call Center / Facilities Help Desk
•	Phone: 02-524-5800 (office hours) (Facilities Management)
•	Email: callcenter@ait.asia (Facilities Management)
Accommodation Office (if cleaning is related to moving/room readiness)
•	Phone: 02-524-5093 (Google Sites)
•	Email: accommodation@ait.ac.th (Google Sites)
Notes
•	Routine cleaning is scheduled weekly; extra cleaning requests may be charged and are subject to staff availability. (Facilities Management)
•	Specify clearly in your request that you want room cleaning and mention whether you want standard weekly cleaning or special/deep cleaning.","[""https://ait.ac.th/housing/student-village-single-without-ac::c0001"", ""https://ait.ac.th/health-wellness::c0001"", ""https://ait.ac.th/housing/student-village-married-with-ac::c0001"", ""https://ait.ac.th/program/semiconductor-engineering-sce::c0007"", ""https://ait.ac.th/financial/rtg-fellowships-ph-d-to-support-the-asian-innovation-hub::c0005""]",not_enough_info,0.375,0,1,0.375,3,8,0,0.8,0,not_enough_info,1.0,not_enough_info,1.0,0,0,0,"[rank 1] Living room: 1 dining table 4 chairs, 1 sofa Linens : None Cleaning : Done once a week and change the linens every week Room Costs Rent : 7,950 -THB (2,650 THB/room) Subscribe to our newsletter Subscribe to our newsletter Follow us on social media We use cookies on our website to give you the most relevant experience by remembering your preferences and repeat visits. By clicking “Accept All”, you consent to the use of ALL the cookies. However, you may visit ""Cookie Settings"" to provide a controlled consent. Cookie Settings Accept All Manage consent Close Privacy Overview This website uses cookies to improve your experience while you navigate through the website. Out of these, the cookies that are categorized as necessary are stored on your browser as they are essential for the working of basic functionalities of the website. We also use third-party cookies that help us analyze and understand how you use this website. These cookies will be stored in your browser only with your consent

---

[rank 2] Personal Counseling Dispute Mediation Harassment Issues Gender Related Matters Feeling of Academic Inadequacy Difficulties with English Language Any AIT community member who wishes to seek advice/counseling or lodge a complaint can request for an appointment by contacting: Email to: [email protected] / [email protected] Call to: 02-524-6744 Personal visit: Stop by to schedule an appointment with the Student Welfare or Human Resource Officers. Disability Support Accommodation suitable for disabled, wheelchair users and those needing extra space for special equipment are available (4 non-air-conditioned in Dorm C and 4 air-conditioned in Dorm X and Y) Contact Accommodation Office or send email to: [email protected] Health The AIT Medical Center offers health care visits with both male and female doctors and nurses. You can contact us and make a reservation by phone

---

[rank 3] Living room: 1 dining table, 4 chairs, 1 sofa Linens : None Cleaning : 3 times/year Room Costs Rent : 6,350 THB Subscribe to our newsletter Subscribe to our newsletter Follow us on social media We use cookies on our website to give you the most relevant experience by remembering your preferences and repeat visits. By clicking “Accept All”, you consent to the use of ALL the cookies. However, you may visit ""Cookie Settings"" to provide a controlled consent. Cookie Settings Accept All Manage consent Close Privacy Overview This website uses cookies to improve your experience while you navigate through the website. Out of these, the cookies that are categorized as necessary are stored on your browser as they are essential for the working of basic functionalities of the website. We also use third-party cookies that help us analyze and understand how you use this website. These cookies will be stored in your browser only with your consent. You also have the option to opt-out of these cookies

---

[rank 4] Chawanrat Euafua Administrative Officer Contact Us Phone: +66 (0)2 524 6601 Email: [email protected] Apply Now For more information +66 (0)2 524 6061 [email protected] Subscribe to our newsletter Subscribe to our newsletter Follow us on social media We use cookies on our website to give you the most relevant experience by remembering your preferences and repeat visits. By clicking “Accept All”, you consent to the use of ALL the cookies. However, you may visit ""Cookie Settings"" to provide a controlled consent. Cookie Settings Accept All Manage consent Close Privacy Overview This website uses cookies to improve your experience while you navigate through the website. Out of these, the cookies that are categorized as necessary are stored on your browser as they are essential for the working of basic functionalities of the website. We also use third-party cookies that help us analyze and understand how you use this website. These cookies will be stored in your browser only with your consent

---

[rank 5] You may also contact the following address: Admissions and Scholarships Unit Asian Institute of Technology P.O. Box 4, KlongLuang Pathumthani 12120 THAILAND (662) 524 5024, 31-33 [email protected] Subscribe to our newsletter Subscribe to our newsletter Follow us on social media We use cookies on our website to give you the most relevant experience by remembering your preferences and repeat visits. By clicking “Accept All”, you consent to the use of ALL the cookies. However, you may visit ""Cookie Settings"" to provide a controlled consent. Cookie Settings Accept All Manage consent Close Privacy Overview This website uses cookies to improve your experience while you navigate through the website. Out of these, the cookies that are categorized as necessary are stored on your browser as they are essential for the working of basic functionalities of the website. We also use third-party cookies that help us analyze and understand how you use this website",claim_level_sr,"The premise only provides information about cleaning services and their request processes, while the hypothesis details security contact information. There is no overlap or mention of security contacts in the premise.","The premise provides contact information exclusively for security/safety services at AIT, while the hypothesis discusses cleaning services and different contact methods (callcenter@ait.asia, 02-524-5800) not mentioned in the premise. There is no overlap in content.","[{""claim"": ""### 📞 How to Contact **Security** at Asian Institute of Technology (AIT)"", ""label"": ""not_enough_info"", ""confidence"": 1.0, ""supported"": 0, ""rationale"": ""The premise contains no information about contacting Security at AIT. All provided contact details relate to counseling, accommodation, medical services, administrative officers, and admissions, but none mention Security.""}, {""claim"": ""If you need to **contact security** at AIT, whether for emergencies, lost items, or general inquiries, here is the most up-to-date and accurate information on how to reach the appropriate office or department."", ""label"": ""not_enough_info"", ""confidence"": 1.0, ""supported"": 0, ""rationale"": ""The premise contains no information about contacting security at AIT, while the hypothesis specifically claims such information is provided.""}, {""claim"": ""## 📌 **1."", ""label"": ""not_enough_info"", ""confidence"": 1.0, ""supported"": 0, ""rationale"": ""The hypothesis content is missing or incomplete, making it impossible to evaluate entailment or contradiction.""}, {""claim"": ""General Contact for Security and Safety**"", ""label"": ""not_enough_info"", ""confidence"": 1.0, ""supported"": 0, ""rationale"": ""The premise contains no information about security or safety contacts, only details about accommodations, counseling, health services, and administrative contacts.""}, {""claim"": ""If you need assistance with **security, safety, or emergency services**, you can contact the **Security Office** at AIT."", ""label"": ""not_enough_info"", ""confidence"": 1.0, ""supported"": 0, ""rationale"": ""The premise does not mention a Security Office or any contact information for security/safety/emergency services at AIT.""}, {""claim"": ""### ✅ Contact Information:"", ""label"": ""entails"", ""confidence"": 0.95, ""supported"": 1, ""rationale"": ""Premise contains multiple contact details including emails ([email protected], [email protected]), phone numbers (02-524-6744, +66 (0)2 524 6601, (662) 524 5024), and physical addresses for admissions and support services.""}, {""claim"": ""**Email:** [email protected]"", ""label"": ""entails"", ""confidence"": 0.95, ""supported"": 1, ""rationale"": ""The premise includes the email address [email protected] in the contact information under rank 2.""}, {""claim"": ""**Phone:** (662) 524 6601"", ""label"": ""entails"", ""confidence"": 0.5, ""supported"": 1, ""rationale"": """"}]"
How to Queue for CAT-2 Accommodation at AIT?,"### 📞 **Where to Contact for Room Cleaning Requests at AIT**

If you want to **request room cleaning** at the **Asian Institute of Technology (AIT)**, you can contact the **Facilities and Maintenance Office** or the **Student Welfare Office**. These offices are responsible for managing campus facilities, including room cleaning services.

---

### ✅ **Recommended Contact Options for Room Cleaning Requests**

#### 1. **Facilities and Maintenance Office**
- **Phone:** (662) 524 6601  
- **Email:** [email protected]  
- **Website:** [AIT Student Portal](https://student.ait.ac.th) (for online service requests)

This is the **primary contact for maintenance and cleaning services**, including room cleaning.

---

#### 2. **Student Welfare Office**
- **Phone:** (662) 524 6744  
- **Email:** [email protected]  
- **Website:** [AIT Student Portal](https://student.ait.ac.th)

The Student Welfare Office can also assist with room cleaning requests and may coordinate with the Facilities Office.

---

#### 3. **Admissions and Scholarships Unit (General Contact)**
- **Phone:** (662) 524 5024, 31-33  
- **Email:** [email protected]  
- **Address:** P.O. Box 4, Klong Luang, Pathum Thani 12120, Thailand

While this is primarily for admissions and scholarships, they can also direct you to the right office for room cleaning.

---

### 📌 **How to Request Room Cleaning**
- **Phone:** Call the **Facilities and Maintenance Office** at (662) 524 6601 and request room cleaning.
- **Email:** Send an email to [email protected] with your room number and request.
- **Online:** Log in to the [AIT Student Portal](https://student.ait.ac.th) and submit a service request for room cleaning.

---

### 📍 **Physical Location (for in-person requests)**
- **Facilities and Maintenance Office**  
  - **Location:** AIT Campus  
  - **Hours:** Working days: 7:00am – 11:00pm  
  - **Holidays:** 7:00am – 11:00pm

---

### 📚 **Additional Resources**
- **Student Union:** The Student Union of AIT can also assist with student-related services, including room cleaning.
- **Student Portal:** [https://student.ait.ac.th](https://student.ait.ac.th)

---

### 📌 **Summary of Contacts for Room Cleaning Requests**

| **Contact**                | **Phone**         | **Email**                     | **Notes** |
|---------------------------|-------------------|-------------------------------|-----------|
| **Facilities and Maintenance Office** | (662) 524 6601 | [email protected] | Primary contact for room cleaning |
| **Student Welfare Office** | (662) 524 6744 | [email protected] | Can assist with room cleaning requests |
| **Admissions and Scholarships Unit** | (662) 524 5024, 31-33 | [email protected] | General contact for campus services |

---

### 📌 **Need Help with Room Cleaning?**
If you need assistance with room cleaning, don’t hesitate to reach out to the **Facilities and Maintenance Office** or the **Student Welfare Office**. They are your best resources for resolving any cleaning-related issues.

Let me know if you'd like help with:
- **Finding the right contact**
- **Reporting a cleaning issue**
- **Understanding campus cleaning policies**

I'm here to help you navigate the support systems at AIT!","At the Asian Institute of Technology (AIT), CAT-2 accommodation is allocated via a waiting list. Students must register in person using the official Google Form provided by the Accommodation Office.
Step 1: Visit the AIT Accommodation Office
•	Go physically to the Accommodation Office on campus.
•	In front of the office, you will find a QR code poster for accommodation registration.
Step 2: Scan the QR Code and Register
•	Scan the QR code using your mobile phone.
•	This opens the official Google Form for the waiting list.
•	The form may appear as “closed” when accessed externally. It typically opens only when scanned from the QR code at the office.
Step 3: Select the Correct Form
For CAT-2 accommodation, you must use:
Student Waiting List Registration Form (CAT 1, 2, 3, 4)
https://docs.google.com/forms/d/1gNDZl_pZaFOo7BRvA-kIA8YbKA3__nJsR-nijZvwGG8/closedform
Other forms are for different housing types only:
•	Married Unit Waiting List
https://docs.google.com/forms/d/1uRe4rtXqHwF0O4tg4lMSVLGtkeTtn59cPTFDsw-QG0Y/closedform
•	Student Village (Single) Waiting List
https://docs.google.com/forms/d/1rrhGWW9Foy9FTCHZ6OENVE8iEKfxPNPSyDUJiAQG8Vo/closedform
Step 4: Complete the Form Carefully
•	Select CAT-2 as your accommodation type
•	Enter:
o	Student ID
o	Program and School
o	Contact number and email
o	Current accommodation status
Step 5: Wait for Allocation
•	After submission, your name is placed in the official CAT-2 waiting queue
•	Allocation depends on:
o	Queue order
o	Room availability
o	Student priority and eligibility
•	The Accommodation Office will contact you directly once a unit becomes available","[""https://ait.ac.th/health-wellness::c0002"", ""https://ait.ac.th/financial/royal-thai-government-scholarships::c0006"", ""https://ait.ac.th/financial/rtg-fellowships::c0005"", ""https://ait.ac.th/financial/asian-development-bank-japan-scholarship-program-adb-jsp::c0015"", ""https://ait.ac.th/housing/cat-2::c0000""]",not_enough_info,0.125,0,1,0.125,1,8,0,0.8,0,not_enough_info,1.0,not_enough_info,1.0,0,0,0,"[rank 1] You can contact us and make a reservation by phone. Scan QR to make an appointment or Click Here Working days : 7:00am – 11:00pm Holidays : 7:00am – 11:00pm Next to AIT Conference Center AITCC Medical Insurance Every faculty, students, and staffs members at AIT are provided with free, compulsory standard medical insurance plan. The standard plan, which entails an annual premium covers certain costs for hospitalization, outpatient treatment, dental as well as life plus personal accident. Fitness center We are proud to offer a facility that caters to the on-campus lifestyle. We are happy to introduce you to our new facility. We also offer a variety of ways to get fit and have fun including; group fitness classes. Working days: 8:00am – 9:00pm Holidays : 8:00am – 9:00pm Above AIT Cafeteria, Second Floor Student union Student Union of AIT is the representative body for all the students at AIT

---

[rank 2] Kanchana at 02-524-6119, or E-mail: [email protected] Further Inquiries For further inquiries on AIT Admissions Requirements and Procedures, applicants can visit the  AIT Admissions website. You may also contact the following address: Admissions and Scholarships Unit Asian Institute of Technology P.O. Box 4, KlongLuang Pathumthani 12120 THAILAND (662) 524 5024, 31-33 [email protected] ﻿ ﻿ Apply Now For more information Click this link Subscribe to our newsletter Subscribe to our newsletter Follow us on social media We use cookies on our website to give you the most relevant experience by remembering your preferences and repeat visits. By clicking “Accept All”, you consent to the use of ALL the cookies. However, you may visit ""Cookie Settings"" to provide a controlled consent. Cookie Settings Accept All Manage consent Close Privacy Overview This website uses cookies to improve your experience while you navigate through the website

---

[rank 3] See http://languages.ait.ac.th/bp/ for further information on the Bridging Program. Contact: Ms. Wilailak at 02-524-5023 or Ms. Kanchana at 02-524-6119 or Email: [email protected] . Further Inquiries For further inquiries on AIT Admissions Requirements and Procedures, applicants can visit the  AIT Admissions website. You may also contact the following address: Admissions and Scholarships Unit Asian Institute of Technology P.O. Box 4, KlongLuang Pathumthani 12120 THAILAND (662) 524 5024, 31-33 [email protected] Subscribe to our newsletter Subscribe to our newsletter Follow us on social media We use cookies on our website to give you the most relevant experience by remembering your preferences and repeat visits. By clicking “Accept All”, you consent to the use of ALL the cookies. However, you may visit ""Cookie Settings"" to provide a controlled consent

---

[rank 4] Deadline for August 2026 intake: 31 March 2026 Further Inquiries For further inquiries on AIT Admissions Requirements and Procedures, applicants can visit the  AIT Admissions website. You may also contact the following address: Admissions and Scholarships Unit Asian Institute of Technology P.O. Box 4, KlongLuang Pathumthani 12120 THAILAND (662) 524 5024, 31-33 [email protected] ADB JSP Brochure Download Subscribe to our newsletter Subscribe to our newsletter Follow us on social media We use cookies on our website to give you the most relevant experience by remembering your preferences and repeat visits. By clicking “Accept All”, you consent to the use of ALL the cookies. However, you may visit ""Cookie Settings"" to provide a controlled consent. Cookie Settings Accept All Manage consent Close Privacy Overview This website uses cookies to improve your experience while you navigate through the website

---

[rank 5] Cat 2 - Asian Institute of Technology Home > Housing > Cat 2 Cat 2 About the accommodation Cat 2 is a single room with a private bathroom and balcony consisting of air-con. Room information Dorms : E, J, and K Size  : 18 sq. m Air-con : Yes Water heater : Yes Kitchen : Yes Balcony : Private Bathroom : Private Furniture : Bed, study table, chair, sofa, side table with shelves, shelves on wall, cupboard, dustbin, mattress, pillow, clothes stand Linens : None Cleaning : 3 times/year Room Costs Rent  : 3,050 -THB Subscribe to our newsletter Subscribe to our newsletter Follow us on social media We use cookies on our website to give you the most relevant experience by remembering your preferences and repeat visits. By clicking “Accept All”, you consent to the use of ALL the cookies. However, you may visit ""Cookie Settings"" to provide a controlled consent",claim_level_sr,"The premise describes CAT-2 accommodation registration process and contains no information about room cleaning requests, responsible offices, or contact details mentioned in the hypothesis.","The premise provides no information about CAT-2 accommodation allocation processes, waiting lists, or Google Form registration procedures. It only addresses room cleaning request contacts and procedures.","[{""claim"": ""### 📞 **Where to Contact for Room Cleaning Requests at AIT**"", ""label"": ""not_enough_info"", ""confidence"": 0.95, ""supported"": 0, ""rationale"": ""The premise mentions cleaning frequency (3 times/year) for Cat 2 accommodation but provides no contact information for room cleaning requests. No explicit or implicit reference to contact channels for cleaning requests exists in the text.""}, {""claim"": ""If you want to **request room cleaning** at the **Asian Institute of Technology (AIT)**, you can contact the **Facilities and Maintenance Office** or the **Student Welfare Office**."", ""label"": ""not_enough_info"", ""confidence"": 0.95, ""supported"": 0, ""rationale"": ""The premise mentions cleaning occurs 3 times/year for Cat 2 rooms but does not specify which office handles cleaning requests. No mention of Facilities/Maintenance Office or Student Welfare Office contact information for this purpose.""}, {""claim"": ""These offices are responsible for managing campus facilities, including room cleaning services."", ""label"": ""not_enough_info"", ""confidence"": 0.95, ""supported"": 0, ""rationale"": ""The premise mentions cleaning services for Cat 2 accommodation but does not explicitly state that any office is responsible for managing campus facilities or cleaning services. No direct link between offices and facility management is established.""}, {""claim"": ""### ✅ **Recommended Contact Options for Room Cleaning Requests**"", ""label"": ""not_enough_info"", ""confidence"": 0.95, ""supported"": 0, ""rationale"": ""Premise mentions cleaning occurs 3 times/year for Cat 2 rooms but does not provide any contact options for cleaning requests, making it impossible to determine recommended contact methods.""}, {""claim"": ""#### 1."", ""label"": ""not_enough_info"", ""confidence"": 1.0, ""supported"": 0, ""rationale"": ""The hypothesis is missing, so no evaluation can be performed.""}, {""claim"": ""**Facilities and Maintenance Office**"", ""label"": ""not_enough_info"", ""confidence"": 0.95, ""supported"": 0, ""rationale"": ""The premise contains no mention of a \""Facilities and Maintenance Office\"" or any office related to facilities maintenance. All references are to specific facilities (fitness center, medical insurance, housing) but not an office managing maintenance.""}, {""claim"": ""**Phone:** (662) 524 6601"", ""label"": ""not_enough_info"", ""confidence"": 1.0, ""supported"": 0, ""rationale"": ""The premise does not mention the phone number (662) 524 6601. All provided phone numbers in the premise differ from the hypothesis.""}, {""claim"": ""**Email:** [email protected]"", ""label"": ""entails"", ""confidence"": 0.5, ""supported"": 1, ""rationale"": """"}]"
What is the Accommodation contact of AIT?,"솊

### 📞 **Where to Contact for Room Cleaning Requests at AIT**

If you want to **request room cleaning** at the **Asian Institute of Technology (AIT)**, you can contact the **Facilities and Maintenance Office** or the **Student Welfare Office**. These offices are responsible for managing campus facilities, including room cleaning services.

---

### ✅ **Recommended Contact Options for Room Cleaning Requests**

#### 1. **Facilities and Maintenance Office**
- **Phone:** (662) 524 6601  
- **Email:** [email protected]  
- **Website:** [AIT Student Portal](https://student.ait.ac.th) (for online service requests)

This is the **primary contact for maintenance and cleaning services**, including room cleaning.

---

#### 2. **Student Welfare Office**
- **Phone:** (662) 524 6744  
- **Email:** [email protected]  
- **Website:** [AIT Student Portal](https://student.ait.ac.th)

The Student Welfare Office can also assist with room cleaning requests and may coordinate with the Facilities Office.

---

#### 3. **Admissions and Scholarships Unit (General Contact)**
- **Phone:** (662) 524 5024, 31-33  
- **Email:** [email protected]  
- **Address:** P.O. Box 4, Klong Luang, Pathum Thani 12120, Thailand

While this is primarily for admissions and scholarships, they can also direct you to the right office for room cleaning.

---

### 📌 **How to Request Room Cleaning**
- **Phone:** Call the **Facilities and Maintenance Office** at (662) 524 6601 and request room cleaning.
- **Email:** Send an email to [email protected] with your room number and request.
- **Online:** Log in to the [AIT Student Portal](https://student.ait.ac.th) and submit a service request for room cleaning.

---

### 📍 **Physical Location (for in-person requests)**
- **Facilities and Maintenance Office**  
  - **Location:** AIT Campus  
  - **Hours:** Working days: 7:00am – 11:00pm  
  - **Holidays:** 7:00am – 11:00pm

---

### 📚 **Additional Resources**
- **Student Union:** The Student Union of AIT can also assist with student-related services, including room cleaning.
- **Student Portal:** [https://student.ait.ac.th](https://student.ait.ac.th)

---

### 📌 **Summary of Contacts for Room Cleaning Requests**

| **Contact**                | **Phone**         | **Email**                     | **Notes** |
|---------------------------|-------------------|-------------------------------|-----------|
| **Facilities and Maintenance Office** | (662) 524 6601 | [email protected] | Primary contact for room cleaning |
| **Student Welfare Office** | (662) 524 6744 | [email protected] | Can assist with room cleaning requests |
| **Admissions and Scholarships Unit** | (662) 524 5024, 31-33 | [email protected] | General contact for campus services |

---

### 📌 **Need Help with Room Cleaning?**
If you need assistance with room cleaning, don’t hesitate to reach out to the **Facilities and Maintenance Office** or the **Student Welfare Office**. They are your best resources for resolving any cleaning-related issues.

Let me know if you'd like help with:
- **Finding the right contact**
- **Reporting a cleaning issue**
- **Understanding campus cleaning policies**

I'm here to help you navigate the support systems at AIT!","AIT Accommodation Office
Asian Institute of Technology (AIT)
•	Location: AIT Campus, Accommodation Office
•	Phone: +66 2 524 5093
•	Email: accommodation@ait.ac.th (or contact via AIT Call Center)
•	Office Hours:
Monday – Friday, 08:00 – 17:00
You can also visit the office directly for faster clarification.","[""https://ait.ac.th/health-wellness::c0001"", ""https://ait.ac.th/health-wellness::c0002"", ""https://ait.ac.th/financial/royal-thai-government-scholarships::c0006"", ""https://ait.ac.th/financial/rtg-fellowships::c0005"", ""https://ait.ac.th/financial/ais-scholarship::c0004""]",not_enough_info,0.0,0,1,0.0,0,8,0,0.8,0,not_enough_info,1.0,not_enough_info,1.0,0,0,0,"[rank 1] Personal Counseling Dispute Mediation Harassment Issues Gender Related Matters Feeling of Academic Inadequacy Difficulties with English Language Any AIT community member who wishes to seek advice/counseling or lodge a complaint can request for an appointment by contacting: Email to: [email protected] / [email protected] Call to: 02-524-6744 Personal visit: Stop by to schedule an appointment with the Student Welfare or Human Resource Officers. Disability Support Accommodation suitable for disabled, wheelchair users and those needing extra space for special equipment are available (4 non-air-conditioned in Dorm C and 4 air-conditioned in Dorm X and Y) Contact Accommodation Office or send email to: [email protected] Health The AIT Medical Center offers health care visits with both male and female doctors and nurses. You can contact us and make a reservation by phone

---

[rank 2] You can contact us and make a reservation by phone. Scan QR to make an appointment or Click Here Working days : 7:00am – 11:00pm Holidays : 7:00am – 11:00pm Next to AIT Conference Center AITCC Medical Insurance Every faculty, students, and staffs members at AIT are provided with free, compulsory standard medical insurance plan. The standard plan, which entails an annual premium covers certain costs for hospitalization, outpatient treatment, dental as well as life plus personal accident. Fitness center We are proud to offer a facility that caters to the on-campus lifestyle. We are happy to introduce you to our new facility. We also offer a variety of ways to get fit and have fun including; group fitness classes. Working days: 8:00am – 9:00pm Holidays : 8:00am – 9:00pm Above AIT Cafeteria, Second Floor Student union Student Union of AIT is the representative body for all the students at AIT

---

[rank 3] Kanchana at 02-524-6119, or E-mail: [email protected] Further Inquiries For further inquiries on AIT Admissions Requirements and Procedures, applicants can visit the  AIT Admissions website. You may also contact the following address: Admissions and Scholarships Unit Asian Institute of Technology P.O. Box 4, KlongLuang Pathumthani 12120 THAILAND (662) 524 5024, 31-33 [email protected] ﻿ ﻿ Apply Now For more information Click this link Subscribe to our newsletter Subscribe to our newsletter Follow us on social media We use cookies on our website to give you the most relevant experience by remembering your preferences and repeat visits. By clicking “Accept All”, you consent to the use of ALL the cookies. However, you may visit ""Cookie Settings"" to provide a controlled consent. Cookie Settings Accept All Manage consent Close Privacy Overview This website uses cookies to improve your experience while you navigate through the website

---

[rank 4] See http://languages.ait.ac.th/bp/ for further information on the Bridging Program. Contact: Ms. Wilailak at 02-524-5023 or Ms. Kanchana at 02-524-6119 or Email: [email protected] . Further Inquiries For further inquiries on AIT Admissions Requirements and Procedures, applicants can visit the  AIT Admissions website. You may also contact the following address: Admissions and Scholarships Unit Asian Institute of Technology P.O. Box 4, KlongLuang Pathumthani 12120 THAILAND (662) 524 5024, 31-33 [email protected] Subscribe to our newsletter Subscribe to our newsletter Follow us on social media We use cookies on our website to give you the most relevant experience by remembering your preferences and repeat visits. By clicking “Accept All”, you consent to the use of ALL the cookies. However, you may visit ""Cookie Settings"" to provide a controlled consent

---

[rank 5] Application Deadline for January 2026 Intake:  15 November 2025 Apply here https://admission.ait.ac.th/aoas/Applicant/FirstPage.aspx Further Inquiries For further inquiries on AIT Admissions Requirements and Procedures, applicants can visit the  AIT Admissions website. They may also contact the following address: Admissions and Scholarships Unit Asian Institute of Technology P.O. Box 4, KlongLuang Pathumthani 12120 THAILAND (662) 524 5024, 31-33 [email protected] Subscribe to our newsletter Subscribe to our newsletter Follow us on social media We use cookies on our website to give you the most relevant experience by remembering your preferences and repeat visits. By clicking “Accept All”, you consent to the use of ALL the cookies. However, you may visit ""Cookie Settings"" to provide a controlled consent. Cookie Settings Accept All Manage consent Close Privacy Overview This website uses cookies to improve your experience while you navigate through the website",claim_level_sr,"The premise only provides information about the AIT Accommodation Office and does not mention room cleaning services, Facilities and Maintenance Office, or Student Welfare Office. Therefore, it cannot support or contradict the hypothesis about room cleaning contact options.","The premise does not mention an 'AIT Accommodation Office' or its specific contact details, hours, or location. The hypothesis introduces new information not covered in the premise.","[{""claim"": ""### 📞 **Where to Contact for Room Cleaning Requests at AIT**"", ""label"": ""not_enough_info"", ""confidence"": 1.0, ""supported"": 0, ""rationale"": ""The premise provides contact information for counseling, medical services, admissions, and other support but does not mention any channels for room cleaning requests.""}, {""claim"": ""If you want to **request room cleaning** at the **Asian Institute of Technology (AIT)**, you can contact the **Facilities and Maintenance Office** or the **Student Welfare Office**."", ""label"": ""not_enough_info"", ""confidence"": 0.95, ""supported"": 0, ""rationale"": ""The premise mentions Student Welfare Office for appointments but provides no information about Facilities and Maintenance Office or room cleaning procedures.""}, {""claim"": ""These offices are responsible for managing campus facilities, including room cleaning services."", ""label"": ""not_enough_info"", ""confidence"": 0.95, ""supported"": 0, ""rationale"": ""The premise lists offices for counseling, medical services, admissions, and disability support, but does not mention any office responsible for managing campus facilities or room cleaning services.""}, {""claim"": ""### ✅ **Recommended Contact Options for Room Cleaning Requests**"", ""label"": ""not_enough_info"", ""confidence"": 1.0, ""supported"": 0, ""rationale"": ""The premise contains contact information for counseling, medical services, admissions, and other support but provides no details about room cleaning requests or recommended contact options for such requests.""}, {""claim"": ""#### 1."", ""label"": ""not_enough_info"", ""confidence"": 1.0, ""supported"": 0, ""rationale"": ""The hypothesis is missing, so no evaluation can be performed.""}, {""claim"": ""**Facilities and Maintenance Office**"", ""label"": ""not_enough_info"", ""confidence"": 1.0, ""supported"": 0, ""rationale"": ""The premise does not mention a \""Facilities and Maintenance Office\"" or any equivalent department, providing no information to support or contradict its existence.""}, {""claim"": ""**Phone:** (662) 524 6601"", ""label"": ""not_enough_info"", ""confidence"": 0.1, ""supported"": 0, ""rationale"": ""The premise does not mention the phone number (662) 524 6601. All contact numbers provided in the premise differ from the hypothesis.""}, {""claim"": ""**Email:** [email protected]"", ""label"": ""not_enough_info"", ""confidence"": 1.0, ""supported"": 0, ""rationale"": ""The premise mentions several email addresses but does not include [email protected] as a valid contact for any service.""}]"
What is the rental range for a room in AIT?,"### 📞 **Accommodation Contact at AIT**

If you're looking for **accommodation contact information** at the **Asian Institute of Technology (AIT)**, here is a comprehensive list of relevant contacts and services related to **housing, disability support, and general student welfare**:

---

### 🏠 **Accommodation Office**
- **Email:** [email protected]
- **Phone:** (662) 524 6744
- **Location:** AIT Campus

This is the **main contact for accommodation-related inquiries**, including:
- Dormitory availability
- Room assignments
- Special accommodation requests (e.g., for disabled students)
- General housing inquiries

---

### 🏥 **Health and Wellness Services**
- **Medical Center Contact:**
  - **Phone:** (662) 524 6744
  - **Email:** [email protected] / [email protected]
  - **Location:** Next to AIT Conference Center (AITCC)

The AIT Medical Center provides:
- Health check-ups
- Outpatient treatment
- Dental care
- Emergency services
- Medical insurance coverage for all students and staff

---

### 🧠 **Personal Counseling and Support Services**
- **Email:** [email protected] / [email protected]
- **Phone:** (662) 524 6744
- **Location:** Student Welfare Office

This office handles:
- Personal counseling
- Dispute mediation
- Harassment issues
- Gender-related matters
- Academic concerns
- Language support

---

### 📚 **Disability Support**
- **Contact:** Accommodation Office or email: [email protected]
- **Available Accommodations:**
  - 4 non-air-conditioned rooms in Dorm C
  - 4 air-conditioned rooms in Dorm X and Y

These rooms are designed for students with disabilities, wheelchair users, or those requiring extra space for special equipment.

---

### 📅 **Working Hours for Key Services**
- **Accommodation Office:** 7:00am – 11:00pm (Working days and Holidays)
- **Medical Center:** 7:00am – 11:00pm (Working days and Holidays)
- **Student Welfare Office:** 7:00am – 11:00pm (Working days and Holidays)

---

### 📌 **Other Useful Contacts**
- **Admissions and Scholarships Unit:**
  - **Email:** [email protected]
  - **Phone:** (662) 524 5024, 31-33
  - **Address:** P.O. Box 4, Klong Luang, Pathum Thani 12120, Thailand

This office can assist with:
- Scholarship applications
- Tuition and fee inquiries
- Admissions procedures

---

### 📊 **Estimated Accommodation Costs (for Reference)**
- **Dormitory (Including Bills):** ฿2,500 – 7,000 per month
- **Private Accommodation (Bills Not Included):** ฿8,000 – 20,000 per month

---

### ✅ **Summary of Key Contacts**
| **Service**               | **Contact**                                                                 |
|---------------------------|------------------------------------------------------------------------------|
| **Accommodation Office**  | Email: [email protected], Phone: (662) 524 6744                            |
| **Medical Center**        | Phone: (662) 524 6744, Email: [email protected] / [email protected]         |
| **Student Welfare**       | Email: [email protected] / [email protected], Phone: (662) 524 6744     |
| **Disability Support**    | Email: [email protected], Contact: Accommodation Office                   |
| **Admissions & Scholarships** | Email: [email protected], Phone: (662) 524 5024, 31-33              |

---

### 📌 **Additional Resources**
- **Student Union:** Represents all students at AIT
- **Fitness Center:** Located above AIT Cafeteria, 2nd Floor
- **Student Portal:** [https://student.ait.ac.th](https://student.ait.ac.th)

---

Let me know if you need help with:
- Finding the right contact
- Applying for a scholarship
- Booking a medical appointment
- Resolving accommodation issues
- Understanding student support services

I'm here to help you navigate the support systems at AIT!","Here is the current rental range for student accommodation at the Asian Institute of Technology (AIT) based on official AIT housing categories and typical off-campus options:

On-Campus Accommodation (Dormitories/Rental Rates)
AIT categorizes student housing into multiple “CAT” types, each with a monthly rent:
Dormitory Rates (Monthly Rent in Thai Baht)
(from official AIT housing listings) (Asian Institute of Technology)
•	CAT-1 (Standard / Shared bath / non-AC)
~ 2,150 THB/month (Asian Institute of Technology)
•	CAT-1 with AC (shared bathroom, AC)
~ 2,650 THB/month (Asian Institute of Technology)
•	CAT-2 (Air-conditioned, private bathroom, balcony)
~ 3,050 THB/month (Asian Institute of Technology)
•	CAT-4 (Air-conditioned, kitchen shared, larger room)
~ 3,450 THB/month (Asian Institute of Technology)
•	CAT-5 (Air-conditioned, kitchen, larger unit)
~ 6,350 THB/month (Asian Institute of Technology)
•	Student Village single units
~ 2,650 THB/month (Asian Institute of Technology)
•	Student Village married units
~ 5,350 THB/month (Asian Institute of Technology)
Notes
•	These rents do not include utilities (electricity, water) and internet charges, which are billed separately through the student information system. (Facilities Management)
•	First invoice typically includes one-month rent plus one-month advance deposit. (Facilities Management)
•	Linen and housekeeping may be additional services depending on the category. (Facilities Management)

Typical Off-Campus Rental Range Near AIT
If you decide to live off campus (private apartment or shared room):
•	Affordable private apartments/dorms near AIT: approximately
3,500 to 8,000 THB per month for small studios or private rooms near the campus. (RentHub)
•	More comfortable or larger units (2-bedroom etc.) can be significantly higher (above 8,000 THB/month depending on location and size). (RentHub)

General Living Cost Estimate (Including Rent)
According to AIT cost guidance, living expenses (including accommodation and miscellaneous costs) are usually estimated around 11,500 to 15,000 THB/month for students, which includes rent, utilities, food, transport, and other daily costs. (Asian Institute of Technology)
","[""https://ait.ac.th/health-wellness::c0002"", ""https://ait.ac.th/tuition-and-fees::c0003"", ""https://ait.ac.th/health-wellness::c0001"", ""https://ait.ac.th/financial/royal-thai-government-scholarships::c0006"", ""https://ait.ac.th/financial/asian-development-bank-japan-scholarship-program-adb-jsp::c0015""]",entails,0.875,1,0,0.875,7,8,1,0.8,0,not_enough_info,1.0,not_enough_info,0.95,0,0,0,"[rank 1] You can contact us and make a reservation by phone. Scan QR to make an appointment or Click Here Working days : 7:00am – 11:00pm Holidays : 7:00am – 11:00pm Next to AIT Conference Center AITCC Medical Insurance Every faculty, students, and staffs members at AIT are provided with free, compulsory standard medical insurance plan. The standard plan, which entails an annual premium covers certain costs for hospitalization, outpatient treatment, dental as well as life plus personal accident. Fitness center We are proud to offer a facility that caters to the on-campus lifestyle. We are happy to introduce you to our new facility. We also offer a variety of ways to get fit and have fun including; group fitness classes. Working days: 8:00am – 9:00pm Holidays : 8:00am – 9:00pm Above AIT Cafeteria, Second Floor Student union Student Union of AIT is the representative body for all the students at AIT

---

[rank 2] These costs are for one person only, so students with children and dependents should keep this in mind when working out a budget. Expenses Approximate Price Accommodation (Dormitory, Usually Including Bills) ฿2,500 – 7,000 per month Private Accommodation (bills not included) ฿8,000 – 20,000 per month Mobile phone ฿200 per month minimum suggested amount Books / Stationery ฿2,000 minimum suggested amount Travel / Transport ฿2,000 per month minimum suggested amount to the city or near by campus Payment Advice AIT tuition and registration fees are charged in Thai Baht, so all students are encouraged to pay in Thai Baht

---

[rank 3] Personal Counseling Dispute Mediation Harassment Issues Gender Related Matters Feeling of Academic Inadequacy Difficulties with English Language Any AIT community member who wishes to seek advice/counseling or lodge a complaint can request for an appointment by contacting: Email to: [email protected] / [email protected] Call to: 02-524-6744 Personal visit: Stop by to schedule an appointment with the Student Welfare or Human Resource Officers. Disability Support Accommodation suitable for disabled, wheelchair users and those needing extra space for special equipment are available (4 non-air-conditioned in Dorm C and 4 air-conditioned in Dorm X and Y) Contact Accommodation Office or send email to: [email protected] Health The AIT Medical Center offers health care visits with both male and female doctors and nurses. You can contact us and make a reservation by phone

---

[rank 4] Kanchana at 02-524-6119, or E-mail: [email protected] Further Inquiries For further inquiries on AIT Admissions Requirements and Procedures, applicants can visit the  AIT Admissions website. You may also contact the following address: Admissions and Scholarships Unit Asian Institute of Technology P.O. Box 4, KlongLuang Pathumthani 12120 THAILAND (662) 524 5024, 31-33 [email protected] ﻿ ﻿ Apply Now For more information Click this link Subscribe to our newsletter Subscribe to our newsletter Follow us on social media We use cookies on our website to give you the most relevant experience by remembering your preferences and repeat visits. By clicking “Accept All”, you consent to the use of ALL the cookies. However, you may visit ""Cookie Settings"" to provide a controlled consent. Cookie Settings Accept All Manage consent Close Privacy Overview This website uses cookies to improve your experience while you navigate through the website

---

[rank 5] Deadline for August 2026 intake: 31 March 2026 Further Inquiries For further inquiries on AIT Admissions Requirements and Procedures, applicants can visit the  AIT Admissions website. You may also contact the following address: Admissions and Scholarships Unit Asian Institute of Technology P.O. Box 4, KlongLuang Pathumthani 12120 THAILAND (662) 524 5024, 31-33 [email protected] ADB JSP Brochure Download Subscribe to our newsletter Subscribe to our newsletter Follow us on social media We use cookies on our website to give you the most relevant experience by remembering your preferences and repeat visits. By clicking “Accept All”, you consent to the use of ALL the cookies. However, you may visit ""Cookie Settings"" to provide a controlled consent. Cookie Settings Accept All Manage consent Close Privacy Overview This website uses cookies to improve your experience while you navigate through the website",claim_level_sr,"The premise provides detailed rental rates and cost estimates but contains no information about accommodation contact details, emails, phone numbers, or office locations mentioned in the hypothesis.",The premise provides general cost ranges but does not specify the exact CAT-type rental rates or detailed breakdowns mentioned in the hypothesis.,"[{""claim"": ""### 📞 **Accommodation Contact at AIT**"", ""label"": ""entails"", ""confidence"": 0.95, ""supported"": 1, ""rationale"": ""The premise mentions contacting the Accommodation Office or emailing [email protected] for disability support, directly providing accommodation contact details as stated in the hypothesis.""}, {""claim"": ""If you're looking for **accommodation contact information** at the **Asian Institute of Technology (AIT)**, here is a comprehensive list of relevant contacts and services related to **housing, disability support, and general student welfare**:"", ""label"": ""entails"", ""confidence"": 0.95, ""supported"": 1, ""rationale"": ""Premise provides contact info for disability support (Accommodation Office), general student welfare (Student Union, counseling), and implicitly covers housing-related accommodations through disability support contacts.""}, {""claim"": ""### 🏠 **Accommodation Office**"", ""label"": ""entails"", ""confidence"": 0.95, ""supported"": 1, ""rationale"": ""The premise mentions contacting the Accommodation Office for disability support and provides contact details, directly supporting the existence and function of the Accommodation Office.""}, {""claim"": ""**Email:** [email protected]"", ""label"": ""entails"", ""confidence"": 0.95, ""supported"": 1, ""rationale"": ""The hypothesis email [email protected] is explicitly mentioned in rank 3 for contacting about counseling and disputes.""}, {""claim"": ""**Phone:** (662) 524 6744"", ""label"": ""not_enough_info"", ""confidence"": 0.1, ""supported"": 0, ""rationale"": ""The premise does not mention the phone number (662) 524 6744. The closest number in the premise is 02-524-6744, which is different from the hypothesis.""}, {""claim"": ""**Location:** AIT Campus"", ""label"": ""entails"", ""confidence"": 0.95, ""supported"": 1, ""rationale"": ""The premise mentions multiple locations associated with AIT (e.g., AIT Conference Center, AIT Medical Center, dorms, fitness center, student union) which collectively imply the location is the AIT Campus.""}, {""claim"": ""This is the **main contact for accommodation-related inquiries**, including:"", ""label"": ""entails"", ""confidence"": 0.95, ""supported"": 1, ""rationale"": ""The premise explicitly states that accommodation-related inquiries can be addressed by contacting the Accommodation Office via email at [email protected], which directly supports the hypothesis' claim about this being the main contact.""}, {""claim"": ""Dormitory availability"", ""label"": ""entails"", ""confidence"": 0.95, ""supported"": 1, ""rationale"": ""Rank 3 explicitly mentions 4 non-air-conditioned dorm rooms in Dorm C and 4 air-conditioned in Dorm X/Y, confirming dormitory availability for specific needs.""}]"
Is there any room that include personal bathroom and kitchen?," אברהם

### 🏠 **Accommodation Costs at AIT (Based on Latest Information)**

Here is a **comprehensive summary of the accommodation costs** at the **Asian Institute of Technology (AIT)**, based on the latest available information from the official AIT housing pages:

---

### 📌 **1. Student Village (Married) with AC**
- **Description:** Double rooms with community bathrooms and lounge spaces on each floor. Separate male and female washrooms are available.
- **Dorms:** SVI, SVII, and SVIII
- **Size:** Not specified
- **Air-con:** Yes (SV-III), and (SV-II 22 and 23)
- **Water heater:** Yes (SV-III)
- **Kitchen:** Yes (Refrigerator, gas stove)
- **Balcony:** Private
- **Bathroom:** Private
- **Furniture:** 2 beds, pillows, study tables, chairs, 1 stand fan, 2 wooden shelves, cupboards, 1 dustbin (for each room)
- **Linens:** None
- **Cleaning:** Not specified
- **Room Costs (Rent):** **6,350 THB** (based on the latest listing)

---

### 📌 **2. Student Village (Single) without AC**
- **Description:** Single room with shared bathroom and balcony.
- **Dorms:** Not specified
- **Size:** Not specified
- **Air-con:** No
- **Water heater:** Not specified
- **Kitchen:** Not specified
- **Balcony:** Private
- **Bathroom:** Shared
- **Furniture:** 1 dining table, 4 chairs, 1 sofa
- **Linens:** None
- **Cleaning:** Done once a week and linens changed every week
- **Room Costs (Rent):** **7,950 THB** (2,650 THB/room)

---

### 📌 **3. Cat 2 (Single Room with AC)**
- **Description:** Single room with private bathroom and balcony, including air-con.
- **Dorms:** E, J, and K
- **Size:** 18 sq. m
- **Air-con:** Yes
- **Water heater:** Yes
- **Kitchen:** Yes
- **Balcony:** Private
- **Bathroom:** Private
- **Furniture:** Bed, study table, chair, sofa, side table with shelves, shelves on wall, cupboard, dustbin, mattress, pillow, clothes stand
- **Linens:** None
- **Cleaning:** 3 times/year
- **Room Costs (Rent):** **3,050 THB**

---

### 📌 **4. Cat 1 with AC**
- **Description:** Single room with shared bathroom and balcony, including air-con.
- **Dorms:** F21-28 and F31-32
- **Size:** 18 sq. m
- **Air-con:** Yes
- **Table fan:** Yes
- **Water heater:** Yes
- **Kitchen:** None
- **Balcony:** Private
- **Bathroom:** Shared
- **Furniture:** Bed, study table, chair, sofa, fan, side table with shelves, shelves on wall, cupboard, dustbin, mattress, pillow, clothes stand
- **Linens:** None
- **Cleaning:** 3 times/year
- **Room Costs (Rent):** **2,650 THB**

---

### 📌 **5. Student Village (Married) with AC (Alternative Listing)**
- **Description:** Double rooms with community bathrooms and lounge spaces on each floor.
- **Dorms:** SVI, SVII, and SVIII
- **Size:** Not specified
- **Air-con:** Yes (SV-III), and (SV-II 22 and 23)
- **Water heater:** Yes (SV-III)
- **Kitchen:** Yes (Refrigerator, gas stove)
- **Balcony:** Private
- **Bathroom:** Private
- **Furniture:** 2 beds, pillows, study tables, chairs, 1 stand fan, 2 wooden shelves, cupboards, 1 dustbin (for each room)
- **Linens:** None
- **Cleaning:** Not specified
- **Room Costs (Rent):** **6,350 THB**

---

### 📊 **Summary of Room Costs (Rent)**
| **Room Type**                     | **Rent (THB)** |
|----------------------------------|----------------|
| Student Village (Married) with AC | 6,350          |
| Student Village (Single) without AC | 7,950         |
| Cat 2 (Single Room with AC)      | 3,050          |
| Cat 1 with AC                    | 2,650          |

---

### 📌 **Notes:**
- **Linens:** None provided, so students are responsible for bringing their own bedding.
- **Cleaning:** Varies by room type (3 times/year or weekly).
- **Bills:** Some rooms include utilities (electricity, water, internet), while others may require separate payments.
- **Private vs. Shared Bathrooms:** Some rooms have private bathrooms, while others share with neighbors.
- **Kitchen:** Some rooms have a kitchenette (e.g., refrigerator, gas stove), while others do not.

---

### 📌 **Additional Information:**
- **S
[TRUNCATED]","Yes — AIT has on-campus rooms that include both a personal bathroom and a kitchen. Here are the relevant options:
1. Category 2 (CAT-2) Dorm Rooms
These are student dorm rooms with the following features:
•	Private bathroom inside the room
•	In-room kitchen (small cooking area allowed)
•	Air-conditioning and balcony included
This is the most common student option that includes both a private bathroom and kitchen. (Google Sites)
2. Category 5 (CAT-5) Dorm/Mixed Units
These rooms are typically larger and also include:
•	Private bathroom
•	Kitchen with refrigerator and hot plate
•	Air-conditioning and balcony
CAT-5 units are often allocated for students needing larger spaces (such as married students), though continuing students may queue for them. (Google Sites)
3. Student Village – Married Units
In the on-campus Student Village (Married) category:
•	Private bathroom
•	Full kitchen (refrigerator and gas stove)
•	Separate bedroom and living space
These units are designed for married students or families. (Google Sites)

Summary of On-Campus Room Types with Private Bath + Kitchen
Accommodation Type	Private Bathroom	Kitchen (Cooking Allowed)	Typical Use
CAT-2	Yes	Yes	Single students
CAT-5	Yes	Yes	Larger/luxury rooms, often married
Student Village – Married	Yes	Yes	Married/student families

Notes
•	CAT-2 is usually the standard “ensuite” student option with kitchen and bathroom in the room. (Google Sites)
•	CAT-5 and Student Village married units are larger and often more expensive. (Google Sites)
•	Kitchen facilities are usually basic (fridge, cooking plate), not full apartment-style kitchens. (Facilities Management)","[""https://ait.ac.th/housing/student-village-married-with-ac::c0001"", ""https://ait.ac.th/housing/student-village-single-without-ac::c0001"", ""https://ait.ac.th/housing/cat-2::c0000"", ""https://ait.ac.th/housing/cat-1-with-ac::c0000"", ""https://ait.ac.th/housing/student-village-married-with-ac::c0000""]",contradicts,0.625,0,1,0.625,5,8,0,0.8,1,not_enough_info,0.95,not_enough_info,0.9,0,0,0,"[rank 1] Living room: 1 dining table, 4 chairs, 1 sofa Linens : None Cleaning : 3 times/year Room Costs Rent : 6,350 THB Subscribe to our newsletter Subscribe to our newsletter Follow us on social media We use cookies on our website to give you the most relevant experience by remembering your preferences and repeat visits. By clicking “Accept All”, you consent to the use of ALL the cookies. However, you may visit ""Cookie Settings"" to provide a controlled consent. Cookie Settings Accept All Manage consent Close Privacy Overview This website uses cookies to improve your experience while you navigate through the website. Out of these, the cookies that are categorized as necessary are stored on your browser as they are essential for the working of basic functionalities of the website. We also use third-party cookies that help us analyze and understand how you use this website. These cookies will be stored in your browser only with your consent. You also have the option to opt-out of these cookies

---

[rank 2] Living room: 1 dining table 4 chairs, 1 sofa Linens : None Cleaning : Done once a week and change the linens every week Room Costs Rent : 7,950 -THB (2,650 THB/room) Subscribe to our newsletter Subscribe to our newsletter Follow us on social media We use cookies on our website to give you the most relevant experience by remembering your preferences and repeat visits. By clicking “Accept All”, you consent to the use of ALL the cookies. However, you may visit ""Cookie Settings"" to provide a controlled consent. Cookie Settings Accept All Manage consent Close Privacy Overview This website uses cookies to improve your experience while you navigate through the website. Out of these, the cookies that are categorized as necessary are stored on your browser as they are essential for the working of basic functionalities of the website. We also use third-party cookies that help us analyze and understand how you use this website. These cookies will be stored in your browser only with your consent

---

[rank 3] Cat 2 - Asian Institute of Technology Home > Housing > Cat 2 Cat 2 About the accommodation Cat 2 is a single room with a private bathroom and balcony consisting of air-con. Room information Dorms : E, J, and K Size  : 18 sq. m Air-con : Yes Water heater : Yes Kitchen : Yes Balcony : Private Bathroom : Private Furniture : Bed, study table, chair, sofa, side table with shelves, shelves on wall, cupboard, dustbin, mattress, pillow, clothes stand Linens : None Cleaning : 3 times/year Room Costs Rent  : 3,050 -THB Subscribe to our newsletter Subscribe to our newsletter Follow us on social media We use cookies on our website to give you the most relevant experience by remembering your preferences and repeat visits. By clicking “Accept All”, you consent to the use of ALL the cookies. However, you may visit ""Cookie Settings"" to provide a controlled consent

---

[rank 4] Cat 1 with AC - Asian Institute of Technology Home > Housing > Cat 1 with AC Cat 1 with AC About the accommodation Cat 1 consists of a single room with a shared bathroom and balcony between two rooms. Room information Dorms : F21-28 and F31-32 Size  : 18 sq. m. Air-con : Yes Table fan : Yes Water heater : Yes Kitchen : None Balcony : Private Bathroom : Private Furniture : Bed, study table, chair, sofa, fan, side table with shelves, shelves on wall, cupboard, dustbin, mattress, pillow, clothes stand Linens : None Cleaning : 3 times/ year Room Costs Rent : 2,650 -THB Subscribe to our newsletter Subscribe to our newsletter Follow us on social media We use cookies on our website to give you the most relevant experience by remembering your preferences and repeat visits. By clicking “Accept All”, you consent to the use of ALL the cookies. However, you may visit ""Cookie Settings"" to provide a controlled consent

---

[rank 5] Student Village (Married) with AC - Asian Institute of Technology Home > Housing > Student Village (Married) with AC Student Village (Married) with AC About the accommodation Student village consists of mostly double rooms with community bathrooms and lounge spaces on each floor. Separate male and female washrooms are available throughout the floors. Room information Dorms : SVI, SVII, and SVIII Size : Air-con : Yes (SV-III), and (SV-II 22 and 23) Water heater : Yes (SV-III) Kitchen : Yes (Refrigerator, gas stove) Balcony : Private Bathroom : Private Furniture : Bedroom: 2 beds, pillows, study tables, chairs, 1 stand fan, 2 wooden shelves, cupboards, 1 dustbin (for each room)",claim_level_sr,"Hypothesis content is missing or incomplete, preventing any entailment/contradiction analysis.","The premise confirms private bathroom and kitchen in CAT-2 and Student Village Married units, but does not mention CAT-5 dorms. Since the hypothesis includes CAT-5 as a valid option without premise support, the premise does not fully entail all claims in the hypothesis.","[{""claim"": ""### 🏠 **Accommodation Costs at AIT (Based on Latest Information)**"", ""label"": ""not_enough_info"", ""confidence"": 0.95, ""supported"": 0, ""rationale"": ""The premise lists multiple accommodation options with varying rent prices but does not specify which entries are the latest or provide dates to determine which cost information is current. The hypothesis references 'latest information,' but the premise lacks explicit temporal markers to validate this claim.""}, {""claim"": ""Here is a **comprehensive summary of the accommodation costs** at the **Asian Institute of Technology (AIT)**, based on the latest available information from the official AIT housing pages:"", ""label"": ""entails"", ""confidence"": 0.95, ""supported"": 1, ""rationale"": ""The premise lists multiple accommodation options with their respective rent costs, directly supporting the hypothesis that these details form a comprehensive summary of AIT's accommodation costs.""}, {""claim"": ""### 📌 **1."", ""label"": ""not_enough_info"", ""confidence"": 1.0, ""supported"": 0, ""rationale"": ""The hypothesis is incomplete or missing, making it impossible to determine entailment or contradiction.""}, {""claim"": ""Student Village (Married) with AC**"", ""label"": ""entails"", ""confidence"": 0.95, ""supported"": 1, ""rationale"": ""The premise includes the exact title 'Student Village (Married) with AC' as part of its content, directly supporting the hypothesis.""}, {""claim"": ""**Description:** Double rooms with community bathrooms and lounge spaces on each floor."", ""label"": ""entails"", ""confidence"": 1.0, ""supported"": 1, ""rationale"": ""The premise explicitly describes 'Student Village (Married) with AC' as having 'mostly double rooms with community bathrooms and lounge spaces on each floor,' directly matching the hypothesis.""}, {""claim"": ""Separate male and female washrooms are available."", ""label"": ""entails"", ""confidence"": 0.95, ""supported"": 1, ""rationale"": ""The fifth entry explicitly states 'Separate male and female washrooms are available throughout the floors,' directly supporting the hypothesis.""}, {""claim"": ""**Dorms:** SVI, SVII, and SVIII"", ""label"": ""entails"", ""confidence"": 1.0, ""supported"": 1, ""rationale"": ""The premise explicitly states \""Dorms : SVI, SVII, and SVI II\"" in the fifth entry, directly matching the hypothesis.""}, {""claim"": ""**Size:** Not specified"", ""label"": ""contradicts"", ""confidence"": 0.95, ""supported"": 0, ""rationale"": ""The premise includes entries where room sizes are explicitly specified (e.g., 18 sq. m in rank 3 and 4), directly contradicting the hypothesis that size is not specified.""}]"
