text,source
"About AIT AIT is an international English-speaking postgraduate institution, focusing on engineering, environment, and management studies. In this section About AIT Facts and figures Rankings Leadership People Meet our faculty members Meet our staff members Location Welcome to AIT The Asian Institute of Technology (AIT), founded in 1959, is a not-for-profit international English-speaking postgraduate institution located on a green campus north of Bangkok, Thailand. AIT offers the opportunity to study at an institution in Asia which possesses a global reputation. Going forward, AIT will be stressing its global connections, injection of innovation into research and teaching, its relevance to industry, and its nurturing of entrepreneurship, while continuing to fulfill its social impact and capacity building role. Sitting on a beautiful green campus located just north of Bangkok, Thailand, AIT operates as a multicultural community where a cosmopolitan approach to living and learning is the rule. You will meet and study with people from all around the world. Today, AIT’s internationally recognized engineering, environment, and management graduates are highly sought after by employers in their home countryand elsewhere. Across many walks of life in Asia, AIT alumni have distinguished themselves as CEO’s of private and state enterprises, as business owners, as well-respected researchers and faculty, and as senior university and government officials. Charter of the AIT AIT Enabling Act AIT Bye-Laws What we offer We believe our university is enriched by having students and staff from a wide variety of backgrounds. Higher education should be open to everyone who has the ability and potential to benefit from it Masters degrees MBA, MEng, MSc Executive Master Degree Programs Doctoral Degrees DEng, DTechSc, PhD, DBA Certificate and Special Program Intensive English & academic bridging program Non-degree continuing education courses Education for SDGs Awards and Recognition 1987 Science and Technology for Development Award presented to AIT by the United States Agency for International Development and the National Research Council for effectively transferring industrial technology and skills to the developing world, by training scientists and engineers from Asian countries. 1989 Ramon Magsaysay Award for International Understanding presented to AIT for shaping a new generation of engineers and managers committed to Asia, in an atmosphere of academic excellence. Read more at this link: http://rmaward.asia/awardees/asian-institute-of-technology/ 1994 Development Management Award presented to AIT by the Asian Management Awards for fostering manpower development, technological change and sustainable growth in the region, through advanced education and research. 1996 DAAM International Vienna Awards presented by the Danube Adria Association and Manufacturing (DAAM) International Vienna, Austria, to express appreciation to AIT and its high-technology experts from the Industrial Systems Engineering Program of the School of Advanced Technologies for their significant contribution in the field of technical sciences and international scientific cooperation within the framework of DDAM, on the occasion of the 7 th DAAM international symposium to celebrate the 1000 th anniversary of Austria. 2006 Friendship Order was awarded to AIT in the area of international relations that have contributed to human resource training for Vietnam and to the development of friendly relations between Vietnam and other countries. 2016 Gold medal in Thai Research Fund Ratings aawarded the gold medal from the Thai Research Fund (TRF) for bagging the most perfect scores (seven scores of ‘5’ each) among all universities in Thailand. 2024 International Green Gown Award in the ‘2030 Climate Action’ category for its transformative project, “Net Zero Campus Initiative: A Leap Towards Sustainable Climate Action.” Supported by the UN Environment Programme and Allianz Global Investors, the award celebrates exemplary sustainability efforts in higher education worldwide. Read more at this link . Vision and Mission Vision Transforming AIT to be a respectable international graduate institution whose research and education contribute to the development of Asia, by making AIT more global, more innovative, more entrepreneurial, and more economically relevant–while leveraging on its social impact core strengths. Mission The mission of AIT in the context of the emerging environment is “to develop highly qualified and committed professionals who will play a leading role in the sustainable development of the region and its integration into the global economy”. Guided by the above clear, timeless vision and mission, the dedicated students, faculty and staff of AIT are set to steer the Institute along its path of becoming: A trailblazer in advanced education in the region, with leadership in IT and new types of multidisciplinary programs An exemplary institution, with an emphasis on academic quality in terms of courses and other aspects of operation A leader in professional development programs A hub for the implementation of regional and transnational research projects, and a research facility for academic professionals. A nexus for networking with other academic and research institutions in the region and the world A model international citizen A collaborator and partner of national postgraduate institutions A financially viable, self-sustaining institution, able to draw support from donors the private sector and individuals, with good governance and strong leadership A strong partner to its alumni, who are principal stakeholders through the AIT Alumni Association (AITAA) Milestones 1957 1958 1959 1961 1967 1968 1973 1979 1984 1993 1999 2009 1957 The Southeast Asia Treaty Organization (SEATO), initiate establishment of a regional graduate school of engineering, with principal support to be provided by SEATO member countries (Australia, France, New Zealand, the U.K., and the U.S.), with additional support from other regional member countries (Pakistan, the Philippines and Thailand). 1958 The SEATO Graduate School of Engineering project is approved by the SEATO Council of Ministers at a meeting in Manila. 1959 The SEATO Council of Ministers’ Meeting in Wellington, New Zealand, in April, approves the establishment of the school by September 1959. On 30 July, His Majesty King Bhumibol Adulyadej of Thailand signs the Royal Decree establishing the SEATO Graduate School of Engineering. The school opens on 8 September. 1961 The first graduation ceremony is held in March. 1967 The Constituent Assembly of Thailand approve legislation for the Charter of the newly named Asian Institute of Technology in October. The Asian Institute of Technology Enabling Act is published in the Royal Thai Government Gazette in November. AIT becomes independent of SEATO as an institution of higher learning empowered to grant degrees. 1968 His Majesty King Bhumibol Adulyadej of Thailand graciously presides over the Eighth Annual Graduation in May, the first for the newly named Asian Institute of Technology. 1973 His Majesty King Bhumibol Adulyadej of Thailand graciously presides over the opening of the new campus in Pathumthani in February. 1979 The 20th anniversary is celebrated with a donors meeting. Financial support is provided by 27 governments and over 20 organizations, foundations, and industries. 1984 The Institute marks its 25th anniversary in September with a donors’ meeting, where the 1985-88 Academic Plan is unveiled, aimed at achieving a balance between classical engineering and management fields. The plan emphasizes consolidating thirteen existing priority fields of study and research that meet the criteria of relevance to Asian needs and of practicability. 1993 AIT and the Government of Vietnam signs an M.O.U. in February to establish the AIT Centre Vietnam in Hanoi. The Institute undergoes academic re-structuring in which smaller academic units are grouped together in Schools toward achieving greater synergy. 1999 The 40th anniversary is celebrated with numerous special events including the AIT Stakeholders Forum 9-10 September, focusing on the challenges ahead. A round-table discussion is held including AIT’s trustees, donors, faculty, staff, students, and alumni in addition to representatives of international organizations, NGOs, and the private sector. 2009 AIT’s 50th anniversary is celebrated not only in Thailand, but also in various other countries. Campus flyer Download a campus flyer to learn more about our campus. About About AIT Facts and figures Rankings Leadership People Meet our faculty members Meet our staff members Location",https://www.ait.ac.th/about/
"Rankings AIT maintains its position as a leader in addressing sustainable development and social impact in the region by meeting the UN’s Sustainable Development Goals (SDGs). In this section About AIT Facts and figures Rankings Leadership People Meet our faculty members Meet our staff members Location AIT Achieves Record Performance in Times Higher Education Impact Rankings 2025 The Asian Institute of Technology (AIT) proudly announces its best-ever performance in the Times Higher Education (THE) Impact Rankings 2025, reaffirming its global leadership in driving the United Nations Sustainable Development Goals (SDGs). AIT achieved an all-time high overall score of 89.4 out of 100, placing it in the Top 101–200 out of a record 2,318 participating institutions worldwide. AIT participated in 12 out of the 17 SDGs this year, securing Top 50 ranks in four SDGs and Top 100 in four others, reflecting the Institute’s commitment to impactful research, inclusive education, and sustainability leadership. The Impact Rankings 2025 # 18 SDG2 Zero Hunger # 19 SDG16 Peace, Justice and Strong Institutions # 33 SDG 17 Partnerships For The Goals # 47 SDG1 No Poverty # 62 SDG 14 Life Below Water # 80 SDG 8 Decent Work and Economic Growth # 96 SDG 15 Life on Land # 98 SDG 6 Clean Water and Sanitation AIT ascends in THE Impact Rankings 2024 The Asian Institute of Technology ranks in the global top 200 in the Times Higher Education Impact Rankings 2024 for its work to address humanity’s sustainability challenges. The THE rankings assess universities’ performance against the United Nations’ 17 Sustainable Development Goals (SDGs) based on indicators of research, stewardship, outreach and teaching. The UN has 17 global sustainable development goals for 2030. This year AIT participated in 12 out of the 17 SDGs and was ranked 12th for SDG 2, 31st for SDG 16, and 50th for SDG 1 globally. AIT ranked as the number 1 institution in Thailand for SDG 10 (Reduced Inequalities). The Impact Rankings 2024 # 12 SDG2 Zero Hunger # 31 SDG16 Peace, Justice and Strong Institutions # 50 SDG1 No Poverty # 101-200 SDG 6 Clean Water and Sanitation # 101-200 SDG 8 Decent Work and Economic Growth # 101-200 SDG 12 Responsible Consumption and Production # 101-200 SDG 13 Climate Action # 101-200 SDG 14 Life Below Water # 101-200 SDG 15 Life on Land AIT’s MBA and BADT Programs Achieve Top Ranking in Thailand: Globally Recognized in QS Rankings Read more AIT demonstrated its commitment in Times Higher Education (THE) Impact Rankings 2023 The THE Impact Rankings measure how universities worldwide are performing against the United Nations’ Sustainable Development Goals (SDGs). AIT obtained a overall rank of 201-300 out of 1,591 universities from 112 countries/regions. The UN has 17 global sustainable development goals for 2030. This year AIT participated in 13 out of the 17 SDGs and was ranked within 100 for SDG 1, SDG 2 , and SDG 16. The Impact Rankings 2023 # 76 SDG1 No Poverty # 53 SDG2 Zero Hunger # 88 SDG16 Peace, Justice and Strong Institutions # 101-200 SDG6 Clean Water and Sanitation # 101-200 SDG10 Reduced Inequalities # 101-200 SDG12 Responsible Consumption and Production # 101-200 SDG13 Climate Action # 101-200 SDG14 Life Below Water # 101-200 SDG15 Life on Land AIT’s MBA Program Ranks No 1 for Three Consecutive Years Asian Institute of Technology (AIT)’s Master’s in Business Administration (MBA) program, under the School of Management (SOM), has been ranked #1 in Thailand and #21 in Asia in the latest QS Global MBA Rankings 2023, released on September 29. The program has also been ranked #10 in Asia and #71-80 in Career Specialization Rankings 2023: Entrepreneurship. Read more AIT maintains an overall high rank in Times Higher Education (THE) Impact Rankings The THE Impact Rankings measure how universities worldwide are performing against the United Nations’ Sustainable Development Goals (SDGs). Despite the increasing number of competing universities from 1,107 in the previous year, AIT maintained its overall rank of 100-200 out of 1,406 universities from 106 countries/regions. The UN has 17 global sustainable development goals for 2030. This year AIT participated in 13 of them and ranked in the Top 100 in 4 and 100-200 in 6. Out of all participating universities, AIT is placed in the Top Worldwide band in 9 SDGs this year, up from 6 last year. AIT’s overall ranking has gone up every year The Impact Rankings 2022 # 43 SDG1 No Poverty # 86 SDG2 Zero Hunger # 68 SDG10 Reduced Inequalities # 72 SDG16 Peace, Justice and Strong Institutions # 100-200 SDG 6 Clean Water and Sanitation # 100-200 SDG 7 Affordable and Clean Energy # 100-200 SDG 8 Decent Work and Economic Growth # 100-200 SDG 14 Life below Water # 100-200 SDG 15 Life on Land # 100-200 SDG 17 Partnership for the Goals AIT Receives Five-Star Ratings in All Core Categories by QS University Rankings 2022 Read more AIT Ranks 15th Globally by Times Higher Education for SDG 1 “No Poverty” Work 2021 The Asian Institute of Technology (AIT) in Bangkok ranks 15th in the world in the prestigious Times Higher Education (THE) Impact Rankings 2021 for its work to end poverty, in line with the United Nations Sustainable Development Goal: SDG1 – No Poverty. Work on four other SDGs also positions the institute in the global top 100. The THE Impact Rankings measure how universities worldwide are performing against the United Nations’ Sustainable Development Goals (SDGs). With over 1,200 universities from 98 countries participating, the overall results place AIT in the global top 101-200, with five individual goals in the top 100, as follows: The Impact Rankings 2021 # 15 SDG1 No Poverty # 58 SDG17 Partnership for the Goals # 64 SDG14 Life Below Water # 67 SDG2 Zero Hunger # 80 SDG 15 Life on Land MBA program ranks #14 in Asia and #1 in Thailand, according to QS In the latest QS Global MBA Rankings 2021, released on September 23, the AIT Master of Business Administration (MBA) program ranks 14th in Asia and 1st in Thailand. Featuring over 250 business schools in 40 countries, the prestigious QS Global MBA Rankings 2021 provides a comprehensive list of the best academic institutions in the world to study for an MBA degree. The QS rankings are based on five indicators: Entrepreneurship and Alumni Outcomes, Return on Investment, Thought Leadership, Employability, and Diversity. Of these, the AIT MBA ranks 7th in Asia in Diversity and 18th in the World in Return on Investment. QS Global MBA Rankings 2021 # 1 QS global mba rankings no.1 in thailand # 14 Ranked 14th in Asia in 2021 # 7 Ranked 7th in Asia diversity # 18 18 in the world in return on inverstment AIT Ranks 19th in World in SDG1 in Times Higher Education Impact  in 2020 AIT ranks 86th in the world for SDG2—Zero Hunger, which indicates a recognition of our education and research on food and food security.  In addition, AIT finished in the Top 200 in the world President Eden Woon said: “To be 19th in the world in SDG1—No Poverty in this prestigious Times Higher Education Impact Rankings 2020 on sustainability work and commitment by top global universities is a tribute to the dedication of our students and faculty and staff to address the poverty issue in Asia. The Impact Rankings 2020 # 19 Ranked 19th in the world for SDG1 # 86 Ranked 86th in the world for SDG2 # 200 Ranked 200th in the world in three other SDGs AIT rankings by subject according to QS QS world university rankings Broad Subject Area Ranking # 336 Ranked 336th in the engineering & technology # 376 Ranked 376th in the social science Broad Subject Area Ranking # 101-150 Engineering civil & technology # 101-150 Architecture & built environment # 201-251 Agriculture & Forest # 201-251 Environmental Sciences # 301-350 Business & Management Studies # 351-400 Engineering – Electrical & Electronic # 351-400 Engineering – Machanical Aeronautical & Manufacturing # 451-500 Economics & Econometrics # 501-550 Computer Science MBA programs ranking MBA programs ranked among global leaders, tops in Thailand according to eduniversal masters rankings 2018 Program / Category Thailand Ranking World Ranking Master in Natural Resources Management
** Energy and Natural Resources ** 1 7 Master in Climate Change and Sustainable Development
** Environmental Security ** 1 12 Master in Engineering
** Industrial and Operations Management ** 1 12 Master of Agribusiness Management
** Agribusiness / Food Industry Management ** 1 26 MBA in Energy Business
** Energy and Natural Resources ** 2 9 Executive Master of Business Administration (EMBA)
** Executive MBA ** 2 22 Professional Masters in Banking and Finance
** Corporate Finance ** – 18 About About AIT Facts and figures Rankings Leadership People Meet our faculty members Meet our staff members Location",https://ait.ac.th/about/rankings/
"Leadership The president is the chief executive and educational officer of the university and is charged with responsibility for providing general supervision. In this section About AIT Facts and figures Rankings Leadership People Meet our faculty members Meet our staff members Location Board of Trustees Executive Committee Audit Committee Executive Team Prof. Pai-Chi Li President, Asian Institute of Technology (AIT) Prof.
Manukid Parnichkun Vice President for Academic and Research (VPAR) Prof.
Siddharth K. Jabade Vice President for Administration and Development (VPAD) Deans Dr. Ekbordin Winijkul Dean Dr.
Sarawut Ninsawat Dean Prof.
Anil Kumar Anal Dean Prof.
Jai Govind Singh Dean Assoc.
Prof.
Dr.
Thi Phuoc Lai Nguyen Dean Prof. Yuosre Badir Interim Dean About About AIT Facts and figures Rankings Leadership People Meet our faculty members Meet our staff members Location",https://ait.ac.th/about/leadership/
"Meet our faculty AIT's faculty profile pages are professional pages that present faculty members' education and research interests to prospective students, the campus community, peer institutions and the public. In this section About AIT Facts and figures Rankings Leadership People Meet our faculty members Meet our staff members Location Show filters Faculty Department Position Clear Filter Prof.
Ajit P. Annachhatre Dr.
Alan O’Niell Dr.
Amararatne Yakupitiyage Mr.
Andrew Macintosh Prof.
Anil Kumar Anal Dr.
Anish Ghimire Dr.
Arlene Lu-Gonzales Dr.
Atikorn Panya Prof.
ATM Nurul Amin Prof.
Attaphongse Taparugssanagorn Dr.
Avirut Puttiwongrak Prof.
Avishek Datta About About AIT Facts and figures Rankings Leadership People Meet our faculty members Meet our staff members Location",https://ait.ac.th/about/meet-our-faculty/
"Academic Programs /Areas of Specialization Explore broadly, then specialize in a focused degree program. In this section Academic calendar Academic Programs / Areas of Specialization Study options Student opportunities Faculties Show filters Area of study Study option Faculty Clear Filter All Programs Agri-Business Management (ABM) Agricultural Systems And Engineering (ASE) Agricultural Systems, Engineering, and Agribusiness (ASEA) Aquaculture and Aquatic Resources Management (AARM) Artificial Intelligence of Things and Signal Processing (AIoT) Biomedical Engineering (BME) Climate Change and Sustainable Development (CCSD) Climate Change, Disaster and Urban Sustainability (CCDUS) Computer Science and Communication Technology (CSCT) Computer Science and Software Engineering (CSSE) Construction, Engineering and Infrastructure Management (CEIM) Data Science and AI (DSAI) Development and Sustainability (DS) Development Innovation and Sustainability (DIS) Development Planning Management and Innovation (DPMI) Digital Technology and Enterprise Information Management (DTEIM) Disaster Preparedness Mitigation and Management (DPMM) Doctor of Business Administration (DBA) Doctor of Philosophy (Ph.D.) in Management Dual Degree Master’s Program with Telecom Sud Paris (France) Dual Degree Master’s Program in Data Science and AI with Brunel University London (UK) Dual Degree Master’s Program in Geotechnical and Earth Resources Engineering with Colorado State University (USA) Dual Degree Master’s Program in Semiconductor Engineering with the National Taipei University of Technology (Taipei Tech), Taiwan Dual Degree Master’s Program in Water Engineering and Management with Colorado State University (USA) Academics Academic calendar Academic Programs / Areas of Specialization Study options Student opportunities Faculties",https://ait.ac.th/academics/programs/
"Food Innovation, Bioprocessing, Nutrition and Health (FIBNH) Introduction / Background The Food Innovation, Bioprocessing, Nutrition and Health (FIBNH) program is an interdisciplinary academic program designed for students interested in food science, food technology, food engineering, nutrition, and health. The program focuses on developing sustainable, safe, and nutritious food systems by integrating food innovation, bioprocessing technologies, and evidence-based nutrition. Students in the FIBNH program gain practical knowledge in food processing, value addition, functional foods, nutrition and public health, and modern bioprocessing methods. With a strong emphasis on sustainability, food safety, and health outcomes, the program prepares graduates for careers in the food and beverage industry, food innovation and R&D, nutrition and health organizations, regulatory agencies, and for advanced study in food science and related fields. Areas of Specialization Food Innovation, Nutrition and Health (FINH) Food Engineering and Bioprocess Technology (FEBT) Focus Areas Food Innovation, Design Thinking and Healthy Food Product Development Nutrition, Diet and Health Food Waste Valorization and Bio-circular Green Economy. Traditional Foods, Bioprocessing and Biotransformations Functional Foods and Neutraceuticals Nutrigenomics and Personalized Foods Food Safety Management Systems Nanotechnology in Food Product Design and Delivery Systems Delivery and pharmacokinetics of bioactive molecules Food Engineering Postharvest Technology Novel Food Processing Technologies Chemical Sensors, Biosensors and Sensing Technology for Food Safety Application Innovative and Sustainable Packaging SystemsBiotransformation of Agro-industrial Waste and Value Additions Molecular Biotechnology and Food Safety Advance Bioprocessing and Tissue Culture Nanobiotechnology Microbial Physiology and Metabolic Engineering. Preferred Background Students can be from: Food Science, Food Technology, Food Engineering Nutrition Science Biotechnology, Bioprocess Engineering and Technology Chemical Engineering and Biochemical Engineering Industrial Technology Science in Microbiology Science in Animal Produce Food Safety Pharmacy Science in Agriculture, Fisheries and Livestock. Science in Food Safety Veterinary Medicine Agriculture, Fisheries and Animal Science related Degree. Medicine Science in Microbiology Science in Animal Produce Food Safety Course Structure Food Engineering and Bioprocess Technology (FEBT) Food Innovation, Nutrition and Health (FINH) Concerned Faculty Members Prof.
Anil Kumar Anal Dean Dr.
Sandi Darniadi Assistant Professor Dr.
Atikorn Panya Adjunct Faculty Dr.
Chaiwut Gamonpilas Adjunct Faculty Dr.
Wai Prathumpai Adjunct Faculty Dr.
Muanmai Apintanapong Adjunct Faculty Concerned Staff Members Melada Supakijnoraset Lab Supervisor Songkla Mungpayabarn Technical Staff Julakkarachai Akkarasirikul Technical Staff Ms.
Phanticha Timkoontod Administrative Staff Contact Information phanticha@ait.ac.th frsadmistions@ait.ac.th 02-524-5488 Apply Now For more information 02-524-5488 dean_frs@ait.ac.th

Important Links:
Apply Now: https://ait.ac.th/apply-online/",https://ait.ac.th/program/food-innovation-bioprocessing-nutrition-and-health-fibnh/
"Natural Resources Management (NRM) Introduction / Background The Natural Resources Management (NRM) academic program focuses on the sustainable management of terrestrial and coastal ecosystems, integrating social sciences and physical sciences to address complex environmental challenges. Through a combination of coursework and applied research, the program equips students with the knowledge and skills needed to manage natural resources sustainably in the context of climate change, biodiversity conservation, and development. The NRM program also emphasizes capacity building, professional training, and outreach, offering students opportunities to engage with real-world projects and regional partnerships. With a strong track record of collaboration with universities and institutions across tropical Asia and beyond, NRM contributes to strengthening academic programs and advancing sustainable natural resource management at local, regional, and global levels. Areas of Specialization Ecology Land Resource Management Economics and Policy Forestry Nature-based Solutions Focus Areas Forestry Forest carbon accounting REDD+ Biodiversity Conservation Ecosystem Services Valuation of ecosystem services Land resource management Land degradation neutrality NRM economics and policy Nature-based solutions (NbS) to climate change Community-based NRM Application of modern technologies for NRM Assessment of natural resources using conventional and modern geospatial techniques. Preferred Background Master Program- Undergraduate degree in any field of study Ph.D Program Master degree in any field of study with good GPA Undergraduate degree in any field of study from a reputed university – International experience and English proficiency Course Structure Master of Science (2 years) in Natural Resources Management August 2025 intake Research Study Options Component Thesis Options Research w/ Exchange Research w/ Minor Research w/o Minor Internship Total Coursework 26 36 36 36 36 • Required Courses 8 8 8 8 8 • Elective Courses 18 16 16 28 28 • Minor/Exchange Credits 0 12 12 0 0 Thesis/Research/Internship 22 12 12 12 12 ##Total Credits## ##48## ##48## ##48## ##48## ##48## Fall (Aug-Nov) 2025 Semester Course Code Course Title Credits Status ED76.21 Biodiversity and Ecosystem Services 3(45-0) Required ED76.24 Forestry and REDD+ 3(45-0) Elective ED76.22 Natural Resources Management Field Lab I (modular) 1(0-45) Elective ED76.25 Resources Assessment and Mapping (modular) 2(30-0) Elective ED52.9006 Quantitative Research Methods I (modular) 2(15-30) Elective ED52.9007 Quantitative Research Methods II (modular) 2(22.5-22.5) Elective ED52.9008 Qualitative Research Methods (modular) 2(15-30) Elective ##Total## ##12-13## Spring (Jan-Apr) 2026 Semester Course Code Course Title Credits Status ED76.16 Land Resources Management 3(45-0) Required ED76.18 Natural Resources Planning & Policy (modular) 2(30-0) Required ED76.20 Natural Resource Economics (modular) 2(30-0) Elective ED76.9016 Nature-based Solutions for Sustainable Resource Management (modular) 2(15-30) Elective ED76.23 Natural Resource Management Field Lab II (modular) 1(0-45) Elective Any other course or special study 2 Submission of Research Option and Title (by 24th April 2026) ##Total## ##12-13## Inter-semester 2026 Course Code Course Title Credits Status ED76.9017 Natural Resources Management Workshop 1 (7.5-15) Required / Elective ##Total## ##1## Fall (Aug-Nov) 2026 Semester Data Collection & Regular Meetings (Thesis Students) 11 Coursework (Research & Internship Students)
or Exchange (Research Students) 10-12 Spring (Jan-Apr) 2027 Semester Progress Defense & Final Defense (Thesis Students) 11 Proposal Defense, Data Collection, Progress Defense, Final Defense (Research Students) 12 Proposal Defense, Internship, Progress Defense, Final Defense (Internship Students) 12 Detailed timeline after the first two semesters of coursework Timing / Deadline Action (Thesis Option) Action (RS/Internship Option)* Before 24th Apr 2026 Students decide among the thesis (Th), research study (RS), and internship (Int) options.
Deliberate on a research topic. Students decide among the thesis (Th), research study (RS), and internship (Int) options.
Deliberate on a research topic. 24th Apr 2026 Submit the option and a tentative topic Submit the option and a tentative topic Early May 2026 Thesis/Research/Internship advisors are assigned.
(may or may not be the same as the academic advisor). Thesis/Research/Internship advisors are assigned.
(may or may not be the same as the academic advisor). Mid May 2026` NRM Farewell NRM Farewell Mid May
to Mid Jul 2026 Develop a thesis proposal. +
NRM workshop course. NRM workshop course, intersem courses, preliminary proposal development, searching for internship, etc. End July 2026 Proposal defense NRM workshop course, intersem courses, preliminary proposal development, searching for internship, etc. End July to Mid Aug 2026 Finalize/revise proposal Preliminary proposal development, searching for internship, etc. Mid Aug
to End Sep 2026 Start data collection Coursework, Minor, Exchange End Sep to Mid Oct 2026 Data entry and organization. EL, RS/Int proposal development, internship Mid Oct to Mid Dec 2026 Analysis and writing EL, RS/Int proposal development, internship 11th Dec 2026 Pre-progress presentation (plenary) Pre-progress presentation (plenary) 22nd Dec 2026 Show the draft proposal to advisors Mid Jan 2027 Work closely with advisors. Proposal defense
Revise the proposal. End Feb 2027 Thesis progress defense (with a draft of the whole thesis) RS: Data collection. Begin the analysis. Write the results. End Mar 2027 Thesis final defense Progress defense
RS: With a draft of the full report Int: Report the update Early Apr 2027 Final revisions Revise the report Early Apr to End Apr 2027 Formatting the article (optional) Final defense
Final revisions May 2027 Graduation Graduation *Timeline can be flexible based on the internship host organization, exchange schedule, etc. Table above is just an example. Concerned Faculty Members Prof.
Rajendra P. Shrestha Professor Dr.
Takuji W. Tsusaka Associate Professor Dr.
Lonn Pichdara Assistant Professor Dr.
Arlene Lu-Gonzales Visiting Faculty Prof.
Nophea Sasaki Adjunct Faculty Dr.
Sharaniya Vijitharan Adjunct Faculty Concerned Staff Members Jittima Noyneam Administrative Officer Contact Information Email: jittima@ait.ac.th . Phone: +66 524 6113 Apply Now For more information 02-524-6113 dean_frs@ait.ac.th

Important Links:
Apply Now: https://ait.ac.th/apply-online/",https://ait.ac.th/program/natural-resources-management/
"Disaster Preparedness Mitigation and Management (DPMM) Area of Specialization under the Climate Change, Disaster and Urban Sustainability (CCDUS) Program To visit the academic program page, click here Disaster Preparedness Mitigation and Management – recent intense occurrences of disasters all over the earth leading to massive loss of life and destruction of infrastructure have grabbed the attention of the world. Receiving less attention is disaster risk management – the know-how to prepare for such disasters and to reduce their effects. The academicians and practitioners at AIT, and its partner institutions are determined to contribute more toward bringing this know-how to disaster managers and engineers. The aim of this academic program is to instill the necessary interdisciplinary capacities to manage and minimize the effects of disasters in people on the front lines of disaster response and applicants with engineering, architecture, natural and social science, as well as management backgrounds. PROGRAM VIDEO FOCUS AREAS Disaster Risk Reduction Resilience Community Based DRR Risk-Knowledge Networking Economics of Disasters Multi-hazard Risk Assessment Earthquake Disaster Floods and Droughts Disaster Risk Governance Early Warning System GIS and Remote Sensing for DRR PREFERRED BACKGROUND Certificate This program is designed for those with interest in disaster-related activities. Students can transfer the credits to professional masters or regular master degree program in DPMM as well as to programs in appropriate fields of study. Bachelor’s degree is the minimum requirement of the course. Professional Master’s Degree Those who are currently working in disaster-related institutions, and would like to expand their knowledge base to meet the present and future performance challenges are the target group of this degree. Credits earned in this degree can be transferred to regular master degree program in DPMM if the requirements are met. Master’s Degree The target groups of Master’s Degree Program are those who are looking for a career in disaster preparedness, mitigation and management, along with the faculty and staff of universities and research institutions. After completing the Master’s Program, students have the advantage of doing further studies in the doctoral program in DPMM. Doctoral Degree Faculty and staff of universities, researchers, senior staff of government and international agencies, and NGOs/INGOs are the appropriate candidates for this program. COURSE STRUCTURE List of courses Course Course Title Credits Remark Semester IN84.01 Managing Disasters 3 Required Fall IN84.02 Remote Sensing and GIS for Disaster Mitigation 3 General Fall IN84.03 Climate Hazards and Early Warning Systems 3 General Spring IN84.04 Community Based Disaster Risk Reduction and Management – Theory and Practice 3 Required Spring IN84.05 Disaster Governance, Policy and Risk Management 3 General Spring IN84.06 Disaster Response and Emergency Management 3 General Spring IN84.11 Mitigation of Earthquake Disasters 3 General Spring IN84.12 Floods and Droughts 3 General Spring IN84.31 Human Conflicts and Humanitarian Emergency Management 3 General Spring IN84.9007 API Course in Disaster Management and Humanitarian Assistance 2 General Fall IN84.9008 Multi-stakeholder Engagement for Disaster Risk Reduction 1 General Fall IN84.9009 Economics of Disasters 1 General Fall IN84.9010 Multi-hazard Risk Assessment: Methods, Tools, and Techniques 2 Required Fall IN84.9011 Disaster Risk Management and Governance 2 General Spring IN84.9012 Early Warning Systems and Climate Hazards 2 General Spring CONCERNED FACULTY Dr.
Indrajit Pal Associate Professor and Chair of Disaster Preparedness, Mitigation and Management Prof.
Mokbul Morshed Ahmad Professor Prof.
Pennung Warnitchai Professor Dr.
Sarawut Ninsawat Dean Dr.
Takuji W. Tsusaka Associate Professor Dr.
Govindarajalu Srinivasan Adjunct Faculty Apply Now For more information +66 (0) 2524 6387 dpmm@ait.ac.th

Important Links:
Apply Now: https://admission.ait.ac.th/aoas/Applicant/FirstPage.aspx

Additional Resources Found:
Context: To visit the academic program page,click here -> URL: https://dpmm.ait.ac.th/",https://ait.ac.th/program/disaster-preparedness-mitigation-and-management
"Doctor of Business Administration [DBA] Our Doctor of Business Administration (DBA) program equips professionals with strategic thinking and research insights to tackle business challenges.  Whether you seek career advancement, transforming your business, or academic contribution, you will learn from distinguished faculty through a rigorous curriculum. Joining our program at AIT provides an international experience where students from various backgrounds come together to exchange idea, broaden perspectives, and connect globally. Download Brochure Apply Now Why  Choose SOM's DBA 1 Flexible Program Program Duration: 3 years, with an option to extend up to 6 years. Program Delivery: Delivered in a weekend format to accommodate working professionals. Bangkok Campus (7 minutes walking distance from BTS Asoke & MRT Sukhumvit) 2 Designed for Executives Tailored for senior professionals with a minimum of 10 years of working experience. Applied Research Focus: Tackle real-world business problems using evidence-based research methods. 3 Asia-Focused Insights Multicultural Ecosystem: Based in Bangkok, at the heart of SE Asia’s dynamic business landscape. With a deep understanding of regional business dynamics, our programs equip leaders with the agility to navigate Asia’s complex economic and cultural landscape. Program Structure Admission and Fees Required Course DBA students complete the required coursework before beginning the dissertation. The DBA curriculum requires 9 credits of research methodology courses (1.5 credits each) and 6 credits of knowledge building (management-related) courses of your choice from our MBA/MSc courses. Doctoral-Level Methodology Courses (1.5 credits each): Foundations of management research Management research methods and writing Data strategies & hypotheses testing Building models that link to theory Approaches of qualitative research Methods of qualitative research Knowledge Building Courses: Students select a total of 6 credits (2 courses, 3 credits each) from our MBA & MSc courses. Special Study DBA students take a research specialization study of 3 credits (SS) toward the end of their coursework. The student works with his/her supervisor on a topic of interest. It will be tailor-made to the student’s research focus and require understanding and a critical review of the theories and research in the field of specialization. The student will be required to prepare a review paper (a report) based on published research. Dissertation The dissertation is self-study and does not involve any formal coursework. Students are expected to meet with their supervisor and the committee members regularly during the dissertation development. To be eligible for admission to the DBA program, an applicant must:​ ​ Hold a bachelor's degree (generally from a four-year program) or its equivalent in an appropriate field of study from an institution of good standing acceptable to AIT;​ Have undergraduate grades significantly above average; the minimum cGPA requirement is 2.75 or equivalent.​ English Proficiency Requirement: AIT-EET:6 or IELTS-Academic:6 (writing 6) or TOEFL IBT: 80 (writing 21-23) or PTE Academic: 62-73 (Writing Score)​ A minimum of seven years of experience .​ ​​​ Intake Two entry/Year (January & August) Application Deadline: 30 June (for overseas applicants, requiring an educational visa) and 25 July (for other applicants) ​ Fees ​​ 1st Year Registration & Tuition Fees                : 600,000 Thai Baht 2nd Year Registration & Tuition Fees              :  600,000 Thai Baht ​​​ Tuition fees upon Thesis commencement   : 300,000 Thai Baht ​ Total Fees: 1,500,000 Thai Baht (84 Credits) Graduate Perspectives

Important Links:
Apply Now: https://ait.ac.th/apply-online/
Apply Now: https://ait.ac.th/apply-online/",https://ait.ac.th/program/doctorate-of-business-administration-dba
"Food Innovation, Nutrition and Health (FINH) Area of Specialization under the Food Innovation, Bioprocessing, Nutrition and Health (FIBNH) program The academic program is created and developed within the framework of the project Erasmus+ Capacity Building-MSc Food Processing and Innovation (FOODI), reference number 598987 with co-funding from the EU. This program encompasses particularly unraveling the food-health nexus and addresses the issues that have not been addressed up to now. This program will develop students’ higher-level thinking skills to gain a deep understanding of the multi-dimensional and multi-sectoral nature of the food security, food safety, and nutrition challenges and to be able to identify the innovative solutions to these challenges, such as the necessity to maximize the utilization of resources and to global supply chain strategy and to integrate the food and nutrition security, food safety homogeneously in all the region. This course aims to address in a sustainable manner to develop the modules as Professional Master Program (1 year), Full Master Degree Program (2 Years), and Doctoral Degree Program (3.5 years) in “Food Innovation, Nutrition, and Health (FINH)” to cater the graduates with the holistic knowledge. The course will provide the students with the skills necessary to function in roles in the food industry, public health sector, and food regulatory agencies. Graduates will develop enhanced knowledge, skills, and competencies in relation to food and nutrition security, particularly in areas of innovative food product development, policy analysis and implementation in food safety, product design, implementation and management, and impact assessment. These skills will be situated in an understanding of the multi-sectoral nature of the challenges of food insecurity, malnutrition, and designer foods (Superfoods). Within the industry, graduates will work in areas such as research and development, product innovation, hygienic design, technical sales, product quality enhancement with the distinct advantage of bringing a nutrition perspective to all aspects of the food industry including product development, marketing, and sales. Within public health and regulatory agencies, graduates will work in the areas of nutrition and health promotions, food labeling regulations, and/or safety and Quality Standardization. FOCUS AREAS Food Innovation, Design Thinking and Healthy Food Product Development Nutrition, Diet and Health Food Waste Valorization and Bio-circular Green Economy. Traditional Foods, Bioprocessing and Biotransformations Functional Foods and Neutraceuticals Nutrigenomics and Personalized Foods Food Safety Management Systems Nanotechnology in Food Product Design and Delivery Systems Delivery and pharmacokinetics of bioactive molecules PREFERRED BACKGROUND What is the background a student must have to attend the program Food Science, Food Technology, Food Engineering Nutrition Science Biotechnology, Bioprocess Engineering and Technology Chemical Engineering and Biochemical Engineering Industrial Technology Science in Microbiology Science in Animal Produce Food Safety Pharmacy Science in Agriculture, Fisheries and Livestock. Science in Food Safety Veterinary Medicine Agriculture, Fisheries and Animal Science related Degree. Medicine COURSE STRUCTURE Course Code Course Number of Credits Description/Course Objective Semester ED87.01 Food Safety Standardizations, Risk Management, and Traceability Systems 4 (4-0) The course emphasizes food quality control as the mechanism for the prevention of food spoilage at the “farm-to-fork” level and food-borne illness, thus securing good public health.
This subject helps the student to understand how food science and business stakeholders will be able to control the food safety hazards associated with the food including minimization of risk by understanding the food safety management systems, food quality management systems, hygienic design and processes and innovations in traceability systems. Aug Sem ED87.02 Gut Physiology, Metabolic Diseases, and Health 3 (3-0) This course aims to explain how humans can extract energy from macronutrients (i.e. carbohydrates, proteins and lipids) with the progression from their digestion, absorption and transportation. Selected metabolic pathways, their regulatory mechanism and interaction of the metabolic pathways and their effects on human health.This course enables the students to understand the complex relationship between gut and health in a simple manner. Aug Sem ED87.03 Sustainable Food Process Design 3 (3-0) This course aims to provide the scientific knowledge of food manufacturing and its link with the sustainable and innovative food processing technology by emphasizing on the principles and design of the systems including minimal thermal processing and green technology. In this subject, students will be exposed to the latest technologies and will focus on process control, food quality and safety, food packaging, and sustainable food processing. Aug Sem ED87.04 Molecular Nutrition, Food Toxicology, and Health 3 (3-0) This course aims to provide knowledge on the molecular interactions of food macromolecules and micromolecules and their effects on processing, formation of hazardous, non-hazardous compounds and nutritional attributes in complex food systems and their effects on human health.
In this subject, the students will be able to learn to understand the principles and mechanisms at molecular and cellular levels, to discover the mechanism driving the relationship between food nutrition and health. Jan Sem ED87.05 Design Thinking, and Innovations in Healthy Food Product Development 2 (2-3) This course will offer an immersive experience in Design Thinking as a tool for innovative ideas and strategy development in Food Processing. Students will start in the field, where they discover the needs of the industry as a challenge. The students will be able to iterate application/ industrial oriented ideas to develop a range of promising possible solutions, create rough prototypes to take back out into the field and try to test it with real people in the target audience. Jan Sem ED87.06 Properties of Food Biomaterials and Nutrients 3 (1-6) This course familiarizes students with various physicochemical properties of foods, biomaterials and nutrients. At the end of the course, students will be able to:
1. Identify the properties of foods and biomaterials
2. Describe and perform related measurement methods
3. Relate engineering properties of food and biological material to process design and quality control. Jan Sem ED87.07 Sustainable Food Production 3 (3-0) This course has been designed with a rationale to identify and formulate the global challenges of sustainable food production and consumption. Alongside, it aims to define sustainable food production from multiple perspectives through critical thinking skills. The students are expected to take an active role in dealing with the challenges of our time through envisioning opportunities and challenging values of food production. Aug Sem ED87.08 Consumer Behaviour, Diet Preferences, and Marketing 3 (3-0) This subject helps students to understand the consumer behavioral patterns of food demand and helps students develop an in-depth understanding of dietary preferences and marketing of the food industry. Aug Sem ED87.09 Food Supply Chain Management and Sustainability 3 (3-0) This subject helps students to provide advanced knowledge of various management issues related to food supply chains, including farm to post-harvest management, and on innovative concepts of sustainability and traceability for maintaining the food quality during processing, storage, and distribution. Jan Sem ED73.15 Processing Effects on Functional Components of Foods 3 (3-0) This subject helps students to provide knowledge on the molecular interactions of components and their effects on processing, nutritional attributes in complex food systems. Jan Sem ED80.10 Statistical Methods for Research 3 (3-0) This subject aims to impart knowledge on the essential statistical methods for designing, conduct, data analysis, and interpretations of both experimental and observational data. This course will provide the students with statistical skills and techniques to apply them to data analysis and interpretation. Jan Sem Thesis/ Dissertation 24/72 Internship 0 PROGRAM BROCHURE Download Brochure PROGRAM VIDEO CONCERNED FACULTY Prof.
Vinod Jindal Emeritus Professor Prof.
Anil Kumar Anal Dean Dr.
Uracha Ruktanonchai Adjunct Faculty Dr.
Wai Prathumpai Adjunct Faculty Dr.
Wonnop Vissesanguan Adjunct Faculty For more information 02 524-5488 chaon@ait.ac.th",https://ait.ac.th/program/food-innovation-nutrition-and-health-finh
"Aquaculture and Aquatic Resources Management (AARM) Introduction / Background AARM is committed to improving regional institutional capacity in aquaculture and aquatic resources management through innovative approaches that integrate education, research, and outreach. These activities support the sustainable development of aquatic food systems and contribute to food security, nutrition, and socio-economic resilience in the region. Asia contributes over 90% of global aquaculture production and plays a key role in the development of appropriate cultural systems and technologies. Aquaculture production accounts for almost half of the world’s fish supply and continues to increase. Further development of aquaculture is also expected to help us move away from dependence on overexploited capture fisheries resources and to enhance and conserve aquatic habitats and biodiversity, but this expansion should not exceed the carrying capacity of water resources. Wild aquatic resources are essential sources of nutrition for rural populations. Any degradation of these resources from over-fishing, use of illegal fishing gears, the introduction of exotic fish, misuse of chemicals, agro-industrial waste discharge, deforestation, breeding ground degradation and dam construction that can lead to blocking of migratory pathways will have dramatic impacts on the nutritional and health status of rural people. Population growth, poverty, resource use conflicts, illegal activities, pollution, biodiversity conservation, policy, and institutional gaps, and conflicts are the major issues and problems in coastal management. A management approach that integrates sectors (government agencies, non-government organizations, community, etc.), disciplines (science, engineering, and management), land- and sea-based activities (agriculture, livestock, aquaculture, fisheries, tourism, etc.) is important to address the various issues and problems in the coastal area. Areas of Specialization The areas of specialization offered by AIT Aquaculture that integrate cross-sectoral and multidisciplinary themes are: Sustainable Asian Aquaculture Technology (SAAT) Appropriate systems and technologies for inland and coastal aquaculture Management of Asian aquaculture systems Artificial breeding technology for finfish and shellfish Genetic improvement of finfish and shellfish Aquatic Animal Health Management (AAH) Diagnosis, prevention, and management of aquatic animal diseases Vaccine technologies and delivery systems Functional Immunostimulants Sustainable alternatives to antibiotics Aquatic Resources and Ecosystem Management (AREM) Management of coastal and inland aquatic ecosystems and fisheries resources Combating over-fishing and indiscriminate fishing practices Impact of exotic fish, agro-industrial waste discharge, dam constructions Integrated Coastal Management (ICM) Sustainable resource use considering competing claims Multisectoral and multidisciplinary management approach Combating climate change impacts on fisheries and aquaculture Focus Areas Genetics and Stock Enhancement for Aquaculture Aquatic Animal Health Management Development of Vaccine & Functional Immunostimulants Sustainable Alternatives to Antibiotics Sustainable Aquaculture and Production Systems Aquatic Resource Management & Governance Climate Change Adaptation in Aquaculture Preferred Background Should hold a Bachelor’s degree in an appropriate field of study (for Master’s courses), and Masters with course work and thesis study (for PhD). Eligible undergraduate degrees include: Fisheries Science, Aquaculture, Mariculture, Agricultural sciences, Biology, Marine Biology, Life Science, Geography, Environmental Sciences, Computer Science, Agricultural/Civil engineering, or Social Sciences. Minimum GPA – 2.75 or equivalent at Bachelors level (for Master’s courses) and 3.5 or equivalent at Masters level (for PhD). Course Structure Course Code Course Number of Credits Description/Course Objective Semester ED71.04 Aquatic Seed Production 3 The objective of this course is to enable students to acquire a sound knowledge of the reproductive biology, breeding behaviour and larval development of the important cultivable finfish and shellfish in aquaculture. The course will familiarize them with specific hatchery techniques including broodstock management, larval rearing, feeding and nursery rearing protocols. The course also endeavours to provide skills necessary for hatchery managers through practicum and on-field training. Aug Sem ED71.36 Aquaculture Nutrition and Feed Technology 3 The objective of this course is to provide a thorough knowledge on the scientific principles of aquaculture nutrition and the application of that scientific knowledge (feed technology) to produce nutritious, water-stable, and aquatic-pollution-minimizing fish feeds. Students will also develop hands-on skills on formulating fish feeds, manufacturing techniques, feed storage, designing appropriate feeding systems, and conducting nutritional experimentation. Aug Sem ED71.52 Research Workshop 2 This course provides students with theoretical knowledge and practical skills to identify research problems in food production systems and to conceptualize research projects to resolve them. The students get familiar with various research planning approaches, proposal development tools, and writing and presentation of a research proposal and thesis/ dissertation. Jan Sem ED71.55 Statistics for Aquaculture and Fisheries Management 3 Research issues in aquaculture and fisheries are diverse which may range from conducting laboratory experiments under controlled environment to field surveys to collect data and analyze complex interactions of socio-economic and environmental factors. Students need in-depth knowledge and skill on both scientific experimentation and survey designs in order to generate or collect reliable data. After acquiring required data, they need both theoretical knowledge and practical competency in using relevant statistical tools. They also need skills on analyzing and interpreting both qualitative information and quantitative data to find solutions to the research problems. Therefore, this course provides theoretical knowledge to the students and helps them develop required skills to become experienced researchers. Jan Sem ED71.9021 Selected Topic: Applied Genetics in Aquaculture 3 The application of genetics and biotechnological tools to improve aquaculture production has advanced greatly over the past few decades. These include the characterization of wild genetic diversity and genetic improvement of cultured stocks. However, such applications are still lagging behind agriculture and livestock sectors as most of the cultured fish are still genetically similar to their wild counterparts. More emphasis on domestication of the stocks with high performance traits and adopting appropriate broodstock management strategies could help overcome the negative effects of inbreeding and unintentional selection. This course is aimed to provide students with the basic concepts of applied genetics and selective breeding with emphasis on sustainable management of fish stocks, and conservation of genetic resources for aquaculture. Aug Sem ED71.9022 Selected Topic: Cleaner Aquaculture Systems 3 Demand for fish as food is projected to increase manifold in the decades to come and so intensification of aquaculture production has been one of the major priorities worldwide. The primary goal is to boost outputs from aquaculture in tune with the increasing demand for fish as safe and nutritious food for a booming global population without compromising the environmental capacity to sustain production. The objective of this course is to provide students with knowledge on the emerging approaches that have potential to boost aquaculture outputs without compromising environmental sustainability, in our pursuit to produce cleaner, safe and nutritious food from aquatic environments. Aug Sem ED71.9023 Selected Topic: Sustainable Seafood and Nutrition Security 3 Rapidly increasing human population is creating food security problems. Over 2 billion people are suffering from one or more forms of malnutrition. Even where food might be adequate, without balanced food, people cannot be healthy. Poorer countries and communities are encountering malnutrition due to lack of food or inadequate macro nutrients such as energy and protein, and micronutrient deficiencies such as Vitamins A, D, and minerals e.g. Calcium, Iron, Zinc, etc.). At the same time, in rich countries and among rich people obesity is another problem caused by imbalanced diet. From health point of view, seafood or aquatic food is the best source of protein, which contains a good profile of essential amino acids. However, many people are not aware of this fact and seafood is still not consumed due to different taboos and traditional/cultural barriers. As a result, it has been difficult to reduce malnutrition in some countries. Aug Sem ED71.9024 Selected Topic: Sustainable Seafood Business 3 Seafood products are highly traded items in both the local and global markets. Seafood production, processing and trading have been highly commercial and globalized activities, which have resulted in a competition tougher than before. More recently, regulatory requirements are becoming stricter and often more complex. This course provides students with practical Seafood business management tools in the production, processing, quality control, and marketing of Seafood products in both the local and global markets to ensure the long-run sustainability of seafood production. Jan Sem ED71.9025 Selected Topic: Sustainable Seafood and SDGs 3 Rapidly increasing human population is creating food security problems. Over 2 billion people are suffering from one or more forms of malnutrition or hunger. Hunger is one of the most important goal amongst the UN’s 17 Sustainable Development Goals. Even where food production might be adequate, but accessibility, affordability and utilization can be the problems. Nutritionally balanced and safe diet is necessary for healthy life. Poorer countries and communities are encountering malnutrition due to lack of food or inadequate macro nutrients i.e. energy and protein, and micronutrients such as Vitamins A, D, and minerals e.g. Calcium, Iron, Zinc, etc. On the other hand, in rich countries and among rich people obesity is the main problem caused by imbalanced diets. From health point of view, seafood or aquatic food is the best source of protein, which contains a good profile of essential amino acids. However, many people are not aware of this fact and seafood is still not consumed and its potential has not been realized due to different taboos and traditional/cultural barriers. As a result, it has been difficult to reduce malnutrition in some countries. Aug Sem ED71.9026 Selected Topic: Aquaculture Health Management 3 Increasing intensity and output from aquaculture in response to the growing demand for fish as food also brings in a number of challenges, particularly concerned with diseases. Proper understanding of the pathogenic organisms and their effective control measures is essential to overcome the adverse impact of aquatic animal diseases on aquaculture production. This course is intended for students to understand the basic principles of aquatic health management, and to impart knowledge on preventive and remedial measures for maintaining healthy aquaculture stocks. The course will also introduce the concepts of biosecurity in farm management and the significance of quarantine measures that govern the transboundary movement of aquatic animals. Aug Sem ED71.xxxx Selected topic: Applied Microbiology and Biotechnology in Aquaculture 3 Microbiology and biotechnology are widely applied in modern aquaculture. This course is designed specifically for postgraduate students under the Aquaculture and Aquatic Resources Management (AARM) program, which aims to introduce the students to how microbiology and biotechnology can be applied in the field of aquaculture. The course also centers on recent advanced technologies in aquaculture and farm management. Besides lectures, laboratory sessions emphasize on demonstrations and practical experiences for students. Jan Sem Minor details:  Please find the courses listed below, identified for being offered as ‘Minor’ in the AARM Academic Program. Course code Course title Credit Semester ED71.9021 Selected Topic: Applied Genetics in Aquaculture 3(30-45) August ED71.36 Aquaculture Nutrition and Feed Technology 3(30-45) August ED71.9024 Selected Topic: Sustainable Seafood Business 3(45-0) January ED71.xxxx Selected Topic: Applied Microbiology and Biotechnology in Aquaculture 3(30-45) January Concerned Faculty Members Dr.
Krishna R. Salin Associate Professor Dr.
Ram C. Bhujel Research Associate Professor and Director of Aqua-Centre Dr.
Ha Thanh Dong Associate Professor Dr.
Amararatne Yakupitiyage Adjunct Faculty Concerned Staff Members Supattra Sukasem Administrative Staff Suntree Pumpuang Lab Supervisor Contact Information Tel: +66 25245489 E-mail: aarm@ait.ac.th frs-admistions@ait.ac.th supattra@ait.ac.th Apply Now For more information +66 2524-5489 aarm@ait.ac.th

Important Links:
Apply Now: https://ait.ac.th/apply-online/",https://ait.ac.th/program/aquaculture-and-aquatic-resources-management
"Agricultural Systems, Engineering, and Agribusiness (ASEA) Introduction / Background The Agricultural Systems, Engineering and Agribusiness (ASEA) program is an interdisciplinary program that integrates agricultural science, engineering, and agribusiness to address the challenges of modern and sustainable food systems. The program equips students with technical knowledge and practical skills across agricultural production, bio-processing, value chains, and agribusiness management. With a strong focus on sustainability, climate resilience, and innovation, ASEA prepares graduates for careers in agriculture and agribusiness sectors, agri-technology, food industries, digital agriculture and development sectors, as well as for advanced study and research in agriculture and related fields. The program aligns closely with international development priorities, including climate-smart agriculture, sustainable intensification, digital agriculture, and the United Nations Sustainable Development Goals (SDGs)—particularly SDG 2 (Zero Hunger), SDG 12 (Responsible Consumption and Production), and SDG 13 (Climate Action). Areas of Specialization Agribusiness Management (ABM) Agricultural Economics (AgEcon) Soil and Water Conservation Engineering (SWCE) Digital Agriculture (D-Agri) Agronomy Horticulture Soil Science Focus Areas The ASEA program integrates three critical focus areas: Agricultural Systems – emphasizing crop and natural resource systems within socio-economic and environmental contexts; Agricultural Engineering and Technology – focusing on precision agriculture, irrigation systems, mechanization, automation, sensing, modeling, and digital agriculture solutions; and Agribusiness Management – covering value chains, agri-entrepreneurship, market analysis, supply chain logistics, and policy frameworks. Preferred Background The applicant should hold a minimum GPA of 2.75 or equivalent at the Bachelor’s level (for Master’s program) and 3.5 or equivalent at the Master’s level (for Ph.D.). Eligible undergraduate degrees include: Bachelor of Science and Biological Sciences Bachelor of Agricultural/Electronics/Biotechnology/Mechanical Engineering Bachelor of Computer Science/or Any Relevant Engineering Discipline Bachelor of Science in Agriculture Bachelor of Food Science and Technology Bachelor of Dairy Technology Bachelor of Science in Biochemistry Bachelor of Science in Biotechnology Bachelor of Agricultural Sciences, Environmental Sciences, Management Sciences or Social Sciences Course Structure Course Code Course Number of Credits Description/Course Objective Semester ED70.03 Agricultural Systems Analysis 3 Agricultural systems with biological components interacting with social and economic elements are extremely complex in nature. This course is designed to introduce concepts and techniques of systems analysis in an agricultural context and to illustrate the value of holistic approach through a number of quite different case studies. The manager or the administrator of such a system constantly looks forward to those techniques or methods, which helps him in planning, scheduling and controlling the activities in the system. The course should help students in identifying rational ways to improve the efficiency of agricultural systems. Jan Sem ED70.05 Design and Testing of Agricultural Equipment 3 This course is essential for practicing design engineers, providing combined theoretical and practical techniques as well as using computer graphic design that can improve the design efficiency and improvement in performance of agricultural equipment through standard testing and evaluation. Students will have their opportunities to use engineering principle, innovation and computer aided design to develop selected machine and tool that appropriated to agricultural production in most of Asia. Aug Sem ED70.07 Agricultural Environments 3 Increased food production depends on judicious use of the changes of the environment, how they could be modified by land-management practices, and their consequences for land productivity. available agro-ecological resources. Therefore, maintenance of vegetation, management of pests, conservation and efficient management of soil, water and nutrients, and plant-residue management are essential components of appropriate land utilization. The selection of suitable crops and cropping systems and their management require knowledge of the climatic, physical and biotic determinants of plant growth, both in terms of their magnitude and quality. This course provides information on short-term and long-term. Aug Sem ED70.08 Crop Productivity Management 3 Crop productivity depends on eco-physiological conditions and crop management practices, and their interactions. Crops respond differently to soil and climatic conditions. The selection of suitable crops and crop-management practices for given geographical locations is critical for the sustainability of crop productivity. Crop productivity management demands a systems approach. Hence, understanding soil and aerial environments and their variability, performance of crops under such changing conditions while maintaining soil parameters that govern soil productivity are important in the overall management of crop productivity. This course provides students with an understanding of soil productivity, the dynamics of soil processes and their relevance for biomass production of crops. Aug Sem ED70.11 Farm Management Economics 3 To provide a framework for better understanding the operation and management of farming system by the subsistence and semi-subsistence farm household in the Asian region by (i) incorporation of the use of tools of farm management analysis in solving local problems, (ii) demonstration of the relationship of farm management research to policy formulation and its impact on farmers’ income; and, (iii) development of the students’ awareness of farm problems in different countries. Aug Sem ED70.12 Precision Agriculture 3 Precision agriculture is a new concept in production. The course aims to educate students to deal with the comprehensive approach to crop production planning and implementation. It deals with three key elements: information and advanced agricultural technologies, and management. Jan Sem ED70.13 Agricultural Soil Mechanics 3 Knowledge of soil-water interactions is necessary to understand the crop water response to inputs. Similarly, to design the mechanisms or systems and tools used in for off-road conditions and in soils knowledge of tillage and traction theories is essential. This course is designed to upgrade students with related theories and practices. Jan Sem ED70.14 Instrumentation and Measurement Techniques 3 There is no substitute for careful experimentation as well as analyses techniques interpreting experimental data in many areas of basic research and applied product development. It is mandatory to use reliable instruments and to follow standard procedures to obtain accurate results in experimental research. This course is designed to give students a sufficient background of analytical and experimental considerations of various instruments and how to use them for the measurement of various parameters some of which they might come across in their thesis research and further professional activities. Jan Sem ED70.16 Controlled Environment Agriculture 3 Intensive agricultural production in controlled environment is becoming popular to overcome limitations of agricultural land and vagaries of nature, especially for the production of high value crops. The objective of the course is to provide understanding of the factors involved in greenhouse and nursery production of high value crops and plants. Aug Sem ED70.17 Crop Eco-physiology and Modeling 3 Crop responses to physical, biotic and management parameters determine the magnitude and quality of yield. Physiological parameters determine the net assimilation in a crop system. Knowledge of physical, biotic and management parameters and their interactions will help ensure optimal productivity of cropping systems. Computer simulation models of the soil/crop/atmosphere system help understand the processes determining crop responses to changes in system components, predict crop performance under different location-specific conditions, and guide management decisions. Jan Sem ED70.18 Integrated Pest Management 3 Integrated pest management (IPM) has become the conceptual basis for small- and large-scale plant protection programs, throughout Asia. This course emphasizes the ecological basis of pest management, the techniques and experiences involved and place them in context with socio-economic aspects. Therefore, this course will be offered to provide guidance on how to approach pest management in its entirety and how to practically handle a case using a learning cycle approach, experimentation based on science. Jan Sem ED70.21 Agricultural Sector and Policy Analysis 3 To develop an understanding of the role of agriculture sector on economic growth and its policy impact on food security, income distribution and environmental improvement which are essential for sustainable development. Aug Sem ED70.24 Sustainable Agriculture: Production, Operations & Systems 3 Agricultural production systems differ widely in terms of their operations and performance. Selection of appropriate production system is largely influenced by (and vice-versa, affects to) the region’s prevailing demography, environment, economy and infrastructure which eventually determines the status of poverty and food security. This course provides broad knowledge of the various farm production activities carried out by suitable agricultural machines and equipment – in the broader context of sustainability. Energy input-output analysis approach is followed to meter and compare different operations and systems on sustainability yardstick. Aug Sem ED70.25 Sustainable Agriculture and Ecological Farming 3 To impart knowledge on major and emerging issues and viewpoints confronting modern, high-input industrialized agriculture and society in relation to conservation of the soil, environment and sustainable development through effective management of agricultural resources. Aug Sem ED70.9003 Smart Irrigation System 3 Smart irrigation systems can save a huge amount of water and help to achieve
agricultural sustainability. A significant amount of water is wasted if traditional
irrigation methods are used due to inefficiencies in irrigation, evaporation, and
overwatering. Smart irrigation systems use the latest technologies such as
sensors/models/IoT devices for real-time or historical data monitoring to provide
efficient irrigation schedules. The course provides students with an understanding
of applications of smart irrigation technologies to optimize water use for crops.
Students will also become familiar with variable rate irrigation (VRI) technology
and cropping system modeling. The course aims to educate students to better
understand and deal with sensor- and crop-model-based decision support tools for
efficient irrigation management using smart irrigation technologies. Aug Sem ED70.9004 Remote Sensing & GIS Applications in Agriculture 3 For optimum utilization of available agricultural land resources on a sustainable
basis, timely and reliable information regarding their nature, extent, spatial
distribution, potential and limitations are very important. The efficiency and
accuracy of data are improved when remote sensing data products and Geographic
Information Systems (GIS) are used. The course provides students with an
understanding of applications of spatial tools such as Remote Sensing, GIS, and
GPS for storing and analyzing spatial data that can help in decision-making in
agriculture. Students will also become familiar with applications of Remote
Sensing and GIS in the context of agriculture in the assessment of crop area extent,
identification of pest infestation, management of water resources, yield assessment
studies, agriculture disaster management, and precision agriculture. The course
aims to educate students to apply their new skills to one of several case studies in
topics on agriculture, pest management, crop monitoring, water resource
management, and risk assessment among others. Jan Sem Concerned Faculty Members Prof.
Avishek Datta Professor Dr.
Hayat Ullah Senior Research Specialist and Affiliated Faculty Dr.
Sushil Kumar Himanshu Associate Professor Dr.
Muhammad Yaseen Assistant Professor Dr.
Farhad Zulfiqar Adjunct Faculty Concerned Staff Members Manyuda Udomvatchararasamee Administrative Staff Phantipa Plangklang Lab Supervisor Choengchay Thuntarucks Technical Staff Boontham Phothong Technical Staff Contact Information Ms Manyuda Udomvatchararassmee manyuda@ait.ac.th Apply Now For more information (+66-2) 524-5450 manyuda@ait.ac.th

Important Links:
Apply Now: https://ait.ac.th/apply-online/",https://ait.ac.th/program/agricultural-systems-engineering-and-agribusiness-asea
"Food Engineering and Bioprocess Technology (FEBT) Area of Specialization under the Food Innovation, Bioprocessing, Nutrition and Health (FIBNH) program Food Engineering and Bioprocess Technology (FEBT) at AIT is a unique program as it combines engineering concepts with bioprocess technology for real-world applications. The program focuses on two major areas of specialization: Food Process Engineering and Bioprocess Technology . Food Process Engineering focuses on the application of engineering principles to the design of postharvest and food processing equipment; changes that may occur within products during handling, processing, and storage; measuring and controlling the quality of raw food materials; food safety; the handling and utilization of wastes generated during on-farm processing. Bioprocess Technology is dedicated to the developments in biotechnology and its applications in agro/food, functional food, biopolymers, dairy and meat science, cosmetics and pharmaceuticals. Industrial bioprocess technology for the conversion of raw agricultural products to useful food products, biomaterials with specific growth-promoting properties are developed for application in organic farming. To strengthen the applicability of microorganisms for specific purposes, courses are given in the genetic engineering of microorganisms. DNA with interesting properties is transferred to produce strains for industrial applications. Students spend the first year with relevant courses as listed below and the final year with a thesis based on pure research according to their interests. FOCUS AREAS Food Engineering Postharvest Technology Novel Food Processing Technologies Chemical Sensors, Biosensors and Sensing Technology for Food Safety Application Innovative and Sustainable Packaging Systems Biotransformation of Agro-industrial Waste and Value Additions Molecular Biotechnology and Food Safety Advance Bioprocessing and Tissue Culture Nanobiotechnology Microbial Physiology and Metabolic Engineering. PREFERRED BACKGROUND Science in Microbiology Science in Animal Produce Food Safety Pharmacy Science in Agriculture Food Science and Technology Food Technology Science in Food Safety Biotechnology ,Food science ,Food management, Food and nutrition, Nutrition science COURSE STRUCTURE Course Code Course Number of Credits Description/Course Objective Semester ED73.01 Food Process Engineering 3 To provide students with engineering principles in food processing operations and technologies to enhance the quality, safety and sustainable processing of foods. Aug Sem ED73.02 Postharvest Engineering 3 To impart knowledge on pre and postharvest engineering practices necessary to minimize the postharvest losses in cereals, horticultural crops and ensure the safety and quality of processed food. Aug Sem ED73.03 Bioprocess Technology 3 To provide the students with current concepts and the basic principles for the quantitative analysis of biotechnology and its applications in the food, feed, environmental and pharmaceutical industries. Aug Sem ED73.04 Bioreactor Design and Control 3 To impart knowledge on different configurations of bioreactors, optimization and fermentation process control, which are required for novel bioprocess applications such as in food, environment, pharmaceutics and tissue culture systems. Aug Sem ED73.06 Food Engineering Operations 3 To equip students with the basic scientific knowledge of food manufacturing and its link with food engineering operations by emphasizing on the principles and design of the systems for food processing and preservation. Jan Sem ED73.08 Numerial Computations in Food Process Engineering 3 To introduce students important numerical methods which can be applied to solve a wide variety of problems in food process engineering. Jan Sem ED73.09 Engineering Properties of Food Materials 3 To provide knowledge on the principles involved in the measurement of physical characteristics, mechanical, thermal, electrical, and optical properties of food materials. Students also learn the analysis, interpretation and application of experimental data in relation to handling, processing, storage and quality evaluation of foods. Jan Sem ED73.10 Food Process Engineering Laboratory 3 To train students with the practical engineering aspects of the processes and equipments used for handling, processing, and distribution of food materials and products. Aug Sem ED73.11 Bioseparation Processes 3 To develop ability of students to analyze and design the separation and purification of bio-molecules. Jan Sem ED73.12 Advanced Bioprocess Technology Applications 3 To impart knowledge on new and efficient biotechnological methods for wide range of applications in food and agriculture, health care and environment management. Jan Sem ED73.13 Bioprocess Practica 3 To familiarize and provide practical experiences on microbiology, genetic engineering and biochemistry. Jan Sem ED73.15 Processing Effects on Functional Components of Foods 3 To provide knowledge on the molecular interactions of components and their effects on processing, nutritional attributes in complex food systems. Aug Sem ED73.16 Sustainable and Safer Food Processing 3 To impart knowledge on the modern concepts of sustainability and safety applied in food conversion. Understanding the entire product life cycle and its carbon footprint is a key to improve product quality and to enhance industrial production of food and biomaterials.  This course provides the theoretical basis of sustainability and its application in various food processing operations. Jan Sem ED73.17 Industrial Microbiology 3 To develop the students’ ability to apply the techniques used in the different phases of applied microbiology including principles and practices in the industrial production of foods, pure chemicals, proteins and other useful products. Aug Sem ED73.18 Enzyme and DNA Technology 3 To provide knowledge on the concepts and techniques of DNA technology in a rapidly developing field. As well as, this course deals with the enzymes that enable the cells to produce variety of compounds and the molecular properties of cellular genetic materials. Aug Sem ED73.9001 Selected Topic: Dairy and Meat Biotechnology 3 Overview and concern on food security and food production; Role of agricultural and animal biotechnology in food production; Advanced technology in farm animal production for enhanced productivity and in role of poverty alleviation; Chemistry and biochemistry of dairy and meat processing; dairy and meat technology; safety of dairy and meat products. Jan Sem ED73.9003 Selected Topic: Innovations in Safety and Quality in Food Production Systems 4 To provide the students with knowledge on the need for greater quality assurance, and standardization in the food production systems. The course emphasizes food quality control as the mechanism for the prevention of food-borne illness and food spoilage at the “farm-to-fork” level. Aug Sem ED73.9004 Selected Topic: Methods in Bioprocessing and Molecular Biology 2 To familiarize and provide practical experiences on microbiology, bioprocessing, genetic engineering and biochemistry. Jan Sem ED73.9005 Selected Topic: Molecular Nutrition, Food Toxicology and Health 3 To provide knowledge on the molecular interactions of components and their effects on processing, formation of toxic compounds and nutritional attributes in complex food systems and their effects on human health. Jan Sem Minor details:  The offer of “Minor” in “Food Engineering and Bioprocess Technology”, FAB Department will be in with the following courses Course code Course title Credit Semester ED73.01 Food Process Engineering 3(3-0) August ED73.03 Bioprocess Technology 3(3-0) August ED73.10 Food Process Engineering Laboratory 3(1-6) August ED73.13 Bioprocess Practica 3(1-6) January PROGRAM BROCHURE : Download Brochure PROGRAM VIDEO: CONCERNED FACULTY Prof.
Vinod Jindal Emeritus Professor Prof.
Anil Kumar Anal Dean Dr.
Uracha Ruktanonchai Adjunct Faculty Dr.
Wai Prathumpai Adjunct Faculty Dr.
Wonnop Vissesanguan Adjunct Faculty Dr.
Sandi Darniadi Assistant Professor For more information 02 524-5488 chaon@ait.ac.th",https://ait.ac.th/program/food-engineering-and-bioprocess-technology
"Computer Science and Communication Technology (CSCT) Introduction / Background The Computer Science and Communication Technology (CSCT) program provides a strong academic foundation in computing and communication systems that underpin modern digital societies and economies. The program is designed to develop professionals capable of developing robust and scalable software systems, analyzing and modeling data to extract actionable insights, and applying artificial intelligence methods to support intelligent and data-driven digital solutions, alongside the development of secure and efficient communication infrastructures. CSCT integrates core areas in Computer Science and Software Engineering, Data Science and Artificial Intelligence, Digital Technology and Enterprise Information Management, and Smart Networks and Communications Engineering. This integrated structure reflects the close interaction between software, data, and communication technologies in contemporary digital environments, while allowing students to build depth in selected areas of specialization. The program emphasizes solid theoretical foundations, system-level understanding, and applied problem solving, preparing graduates to contribute effectively in industry, government, and research settings. Through advanced coursework, applied projects, and research-oriented learning, CSCT equips graduates with the technical competence, adaptability, and professional readiness needed to succeed in a rapidly evolving digital landscape. Areas of Specialization The Computer Science and Communication Technology (CSCT) program offers the following areas of specialization Computer Science and Software Engineering (CSSE) Data Science and Artificial Intelligence (DSAI) Digital Technology and Enterprise Information Management (DTEIM) Smart Networks and Communications Engineering (SNCE) Focus Areas The CSCT program focuses on education and research in the following areas: Software Systems and Application Development Software engineering and modern development practices Application and platform development Scalable and distributed software systems Data Science and Artificial Intelligence Data modeling and data management Data science and advanced data analytics Machine learning and artificial intelligence Data mining, big data technologies, and deep learning Foundations of Computer Science and Advanced Computing Algorithms and data structures Computational models and advanced computing concepts Systems architecture and performance Enterprise Information Systems and Digital Platforms Information management systems Enterprise systems and digital platforms Data-driven organizational processes Smart Networks and Communication Technologies Computer networks and data communications Telecommunications systems Wireless and mobile communication technologies Applied Computing and Industry-Oriented Practice Real-world digital applications and system integration Project-based learning and internships Industry collaboration and innovation Preferred Background Master’s Program Applicants should hold an undergraduate degree in one of the following fields: Computer Science, Computer Engineering, or Information and Communication Technology (ICT) Electronics, Electrical Engineering, or related engineering disciplines Mathematics or other quantitatively oriented fields Applicants from diverse backgrounds (e.g., business, finance, or other non-engineering disciplines) may be considered, provided they demonstrate adequate mathematical and programming skills. Doctoral Program Applicants should hold a relevant master’s degree in Computer Science, Computer Engineering, ICT, Electronics, Mathematics, or closely related disciplines, with academic preparation aligned to the intended area of research. Concerned Faculty Members Prof.
Attaphongse Taparugssanagorn Professor Dr.
Chutiporn Anutariya Associate Professor Dr.
Chaklam Silpasuwanchai Assistant Professor Dr.
Chantri Polprasert Assistant Professor Dr.
Sein Minn Assistant Professor Contact Information Phone: +66 (0)2 524 6601 Email: tech_admission@ait.ac.th Apply Now For more information +66 (0)2 524 5733 tech_admission@ait.ac.th

Important Links:
Apply Now: https://ait.ac.th/apply-online/",https://ait.ac.th/program/computer-science-and-communication-technology-csct
"Computer Science and Communication Technology (CSCT) Introduction / Background The Computer Science and Communication Technology (CSCT) program provides a strong academic foundation in computing and communication systems that underpin modern digital societies and economies. The program is designed to develop professionals capable of developing robust and scalable software systems, analyzing and modeling data to extract actionable insights, and applying artificial intelligence methods to support intelligent and data-driven digital solutions, alongside the development of secure and efficient communication infrastructures. CSCT integrates core areas in Computer Science and Software Engineering, Data Science and Artificial Intelligence, Digital Technology and Enterprise Information Management, and Smart Networks and Communications Engineering. This integrated structure reflects the close interaction between software, data, and communication technologies in contemporary digital environments, while allowing students to build depth in selected areas of specialization. The program emphasizes solid theoretical foundations, system-level understanding, and applied problem solving, preparing graduates to contribute effectively in industry, government, and research settings. Through advanced coursework, applied projects, and research-oriented learning, CSCT equips graduates with the technical competence, adaptability, and professional readiness needed to succeed in a rapidly evolving digital landscape. Areas of Specialization The Computer Science and Communication Technology (CSCT) program offers the following areas of specialization Computer Science and Software Engineering (CSSE) Data Science and Artificial Intelligence (DSAI) Digital Technology and Enterprise Information Management (DTEIM) Smart Networks and Communications Engineering (SNCE) Focus Areas The CSCT program focuses on education and research in the following areas: Software Systems and Application Development Software engineering and modern development practices Application and platform development Scalable and distributed software systems Data Science and Artificial Intelligence Data modeling and data management Data science and advanced data analytics Machine learning and artificial intelligence Data mining, big data technologies, and deep learning Foundations of Computer Science and Advanced Computing Algorithms and data structures Computational models and advanced computing concepts Systems architecture and performance Enterprise Information Systems and Digital Platforms Information management systems Enterprise systems and digital platforms Data-driven organizational processes Smart Networks and Communication Technologies Computer networks and data communications Telecommunications systems Wireless and mobile communication technologies Applied Computing and Industry-Oriented Practice Real-world digital applications and system integration Project-based learning and internships Industry collaboration and innovation Preferred Background Master’s Program Applicants should hold an undergraduate degree in one of the following fields: Computer Science, Computer Engineering, or Information and Communication Technology (ICT) Electronics, Electrical Engineering, or related engineering disciplines Mathematics or other quantitatively oriented fields Applicants from diverse backgrounds (e.g., business, finance, or other non-engineering disciplines) may be considered, provided they demonstrate adequate mathematical and programming skills. Doctoral Program Applicants should hold a relevant master’s degree in Computer Science, Computer Engineering, ICT, Electronics, Mathematics, or closely related disciplines, with academic preparation aligned to the intended area of research. Concerned Faculty Members Prof.
Attaphongse Taparugssanagorn Professor Dr.
Chutiporn Anutariya Associate Professor Dr.
Chaklam Silpasuwanchai Assistant Professor Dr.
Chantri Polprasert Assistant Professor Dr.
Sein Minn Assistant Professor Contact Information Phone: +66 (0)2 524 6601 Email: tech_admission@ait.ac.th Apply Now For more information +66 (0)2 524 5733 tech_admission@ait.ac.th

Important Links:
Apply Now: https://ait.ac.th/apply-online/",https://ait.ac.th/program/computer-science-and-software-engineering-csse
"Data Science and AI (DSAI) Area of Specialization under the Computer Science and Communication Technology (CSCT) program Data Science (DS) is concerned with the extraction of useful knowledge from data sets.  It is closely related to the fields of computer science, mathematics, and statistics.  It is a relatively new term for a broad set of skills spanning the more established fields of machine learning, data mining, databases, and visualization, along with their applications in various fields.  In 2012, Harvard Business Review called data science “The Sexiest Job of the 21 st Century”. Artificial Intelligence (AI) is the broad field conceived in 1956 as the automation or simulation of human intelligence.  AI has two primary “levels”.  The first level, “narrow AI”, concerns perception, statistical inference, and actuation, drawing on data science, sensors, and robotics.  The second level, sometimes called “artificial general intelligence (AGI), is concerned with more complex or flexible reasoning and decision-making in less constrained domains. The AIT Masters in DS&AI was designed in partnership with the Erasmus+ DS&AI consortium, a group of 15 European and Asian universities with the mission of bringing European-standard advanced education to Asia. Program Brochure Download Research Focus Area Data modeling and management Machine learning Data mining Data science Sensors Robotics Software development Artificial intelligence Big Data and Deep Learning Preferred background To study in the DS&AI field, the students should fulfill one of the following backgrounds. Computer Science/Computer Engineering/ICT. Engineering background with work experience, mathematical skills, and programming skills. Diverse backgrounds such as business, finance, or other non-engineering fields. Candidates must take a foundation course in calculus, discrete mathematics, linear algebra, and basic computer programming. Course Structure Major in DS&AI Master of Science/Master of Engineering in Data Science and Artificial Intelligence. Thesis Option Research Study Option Required Courses 14 credits (5 courses) 14 credits (5 courses) Elective Courses 11 credits 18 credits (6 courses) Seminar: Required Pass/Fail 1 credit 1 credit Required Internship 0 credit 0 credit Total Credits Coursework 26 credits 36 credit Thesis/Research Study Credits 22 credits 12 credit ##TOTAL CREDIT REQUIREMENT## ##48 credit## ##48 credit## Required courses Data Modeling and Management Machine Learning Business Intelligence and Analytics Computer Programming for Data Science and Artificial Intelligence Artificial Intelligence: Natural Language Understanding Elective courses Artificial Intelligence: Knowledge Representation and Reasoning Computer Vision Artificial Intelligence: Problem Solving and Planning HCI and Information Visualization Recent Trends in Machine Learning Multicriteria Optimization and Decision Analysis Software Development and Project Management Minor in DS&AI Master of Science/Master of Engineering, Minor in Data Science and Artificial Intelligence. Research Study Option Major Required/Elective Courses 24 credits Required Courses in DS&AI 6 credits (2 courses) · Data Modeling and Management
· Machine Learning Elective Courses in DS&AI 6 credits (2 courses) Choose 2 courses from 8 options listed:
· Business Intelligence and Analytics
· Computer Programming for Data Science and Artificial Intelligence
· Artificial Intelligence: Problem Solving and Planning
· Artificial Intelligence: Knowledge Representation and Reasoning
· Computer Vision
· Artificial Intelligence: Natural Language Understanding
· Recent Trend in Machine Learning
· Multicriteria Optimization and Decision Analysis ##Total Credits Coursework## ##36 credits## ##Research Study Credits## ##12 credits## ##TOTAL CREDIT REQUIREMENT## ##48 credits## Concerned Faculty Dr.
Chutiporn Anutariya Associate Professor Dr.
Chaklam Silpasuwanchai Assistant Professor Dr.
Vatcharaporn Esichaikul Associate Professor Staff Siriporn Nanthasing Sireekant Thanwongpan Contact Us Computer Science & Information Management (CSIM) Department of ICT School of Engineering and Technology (SET) Asian Institute of Technology (AIT) Phone:+66(0)25245700; +66(0)25245717 Email: dsai@ait.ac.th Apply Now For more information +66(0)25245700; +66(0)25245717 dsai@ait.ac.th

Important Links:
Apply Now: https://ait.ac.th/apply-online/",https://ait.ac.th/program/data-science-and-ai
"Computer Science and Communication Technology (CSCT) Introduction / Background The Computer Science and Communication Technology (CSCT) program provides a strong academic foundation in computing and communication systems that underpin modern digital societies and economies. The program is designed to develop professionals capable of developing robust and scalable software systems, analyzing and modeling data to extract actionable insights, and applying artificial intelligence methods to support intelligent and data-driven digital solutions, alongside the development of secure and efficient communication infrastructures. CSCT integrates core areas in Computer Science and Software Engineering, Data Science and Artificial Intelligence, Digital Technology and Enterprise Information Management, and Smart Networks and Communications Engineering. This integrated structure reflects the close interaction between software, data, and communication technologies in contemporary digital environments, while allowing students to build depth in selected areas of specialization. The program emphasizes solid theoretical foundations, system-level understanding, and applied problem solving, preparing graduates to contribute effectively in industry, government, and research settings. Through advanced coursework, applied projects, and research-oriented learning, CSCT equips graduates with the technical competence, adaptability, and professional readiness needed to succeed in a rapidly evolving digital landscape. Areas of Specialization The Computer Science and Communication Technology (CSCT) program offers the following areas of specialization Computer Science and Software Engineering (CSSE) Data Science and Artificial Intelligence (DSAI) Digital Technology and Enterprise Information Management (DTEIM) Smart Networks and Communications Engineering (SNCE) Focus Areas The CSCT program focuses on education and research in the following areas: Software Systems and Application Development Software engineering and modern development practices Application and platform development Scalable and distributed software systems Data Science and Artificial Intelligence Data modeling and data management Data science and advanced data analytics Machine learning and artificial intelligence Data mining, big data technologies, and deep learning Foundations of Computer Science and Advanced Computing Algorithms and data structures Computational models and advanced computing concepts Systems architecture and performance Enterprise Information Systems and Digital Platforms Information management systems Enterprise systems and digital platforms Data-driven organizational processes Smart Networks and Communication Technologies Computer networks and data communications Telecommunications systems Wireless and mobile communication technologies Applied Computing and Industry-Oriented Practice Real-world digital applications and system integration Project-based learning and internships Industry collaboration and innovation Preferred Background Master’s Program Applicants should hold an undergraduate degree in one of the following fields: Computer Science, Computer Engineering, or Information and Communication Technology (ICT) Electronics, Electrical Engineering, or related engineering disciplines Mathematics or other quantitatively oriented fields Applicants from diverse backgrounds (e.g., business, finance, or other non-engineering disciplines) may be considered, provided they demonstrate adequate mathematical and programming skills. Doctoral Program Applicants should hold a relevant master’s degree in Computer Science, Computer Engineering, ICT, Electronics, Mathematics, or closely related disciplines, with academic preparation aligned to the intended area of research. Concerned Faculty Members Prof.
Attaphongse Taparugssanagorn Professor Dr.
Chutiporn Anutariya Associate Professor Dr.
Chaklam Silpasuwanchai Assistant Professor Dr.
Chantri Polprasert Assistant Professor Dr.
Sein Minn Assistant Professor Contact Information Phone: +66 (0)2 524 6601 Email: tech_admission@ait.ac.th Apply Now For more information +66 (0)2 524 5733 tech_admission@ait.ac.th

Important Links:
Apply Now: https://ait.ac.th/apply-online/",https://ait.ac.th/program/digital-technology-and-enterprise-information-management-dteim
"Computer Science and Communication Technology (CSCT) Introduction / Background The Computer Science and Communication Technology (CSCT) program provides a strong academic foundation in computing and communication systems that underpin modern digital societies and economies. The program is designed to develop professionals capable of developing robust and scalable software systems, analyzing and modeling data to extract actionable insights, and applying artificial intelligence methods to support intelligent and data-driven digital solutions, alongside the development of secure and efficient communication infrastructures. CSCT integrates core areas in Computer Science and Software Engineering, Data Science and Artificial Intelligence, Digital Technology and Enterprise Information Management, and Smart Networks and Communications Engineering. This integrated structure reflects the close interaction between software, data, and communication technologies in contemporary digital environments, while allowing students to build depth in selected areas of specialization. The program emphasizes solid theoretical foundations, system-level understanding, and applied problem solving, preparing graduates to contribute effectively in industry, government, and research settings. Through advanced coursework, applied projects, and research-oriented learning, CSCT equips graduates with the technical competence, adaptability, and professional readiness needed to succeed in a rapidly evolving digital landscape. Areas of Specialization The Computer Science and Communication Technology (CSCT) program offers the following areas of specialization Computer Science and Software Engineering (CSSE) Data Science and Artificial Intelligence (DSAI) Digital Technology and Enterprise Information Management (DTEIM) Smart Networks and Communications Engineering (SNCE) Focus Areas The CSCT program focuses on education and research in the following areas: Software Systems and Application Development Software engineering and modern development practices Application and platform development Scalable and distributed software systems Data Science and Artificial Intelligence Data modeling and data management Data science and advanced data analytics Machine learning and artificial intelligence Data mining, big data technologies, and deep learning Foundations of Computer Science and Advanced Computing Algorithms and data structures Computational models and advanced computing concepts Systems architecture and performance Enterprise Information Systems and Digital Platforms Information management systems Enterprise systems and digital platforms Data-driven organizational processes Smart Networks and Communication Technologies Computer networks and data communications Telecommunications systems Wireless and mobile communication technologies Applied Computing and Industry-Oriented Practice Real-world digital applications and system integration Project-based learning and internships Industry collaboration and innovation Preferred Background Master’s Program Applicants should hold an undergraduate degree in one of the following fields: Computer Science, Computer Engineering, or Information and Communication Technology (ICT) Electronics, Electrical Engineering, or related engineering disciplines Mathematics or other quantitatively oriented fields Applicants from diverse backgrounds (e.g., business, finance, or other non-engineering disciplines) may be considered, provided they demonstrate adequate mathematical and programming skills. Doctoral Program Applicants should hold a relevant master’s degree in Computer Science, Computer Engineering, ICT, Electronics, Mathematics, or closely related disciplines, with academic preparation aligned to the intended area of research. Concerned Faculty Members Prof.
Attaphongse Taparugssanagorn Professor Dr.
Chutiporn Anutariya Associate Professor Dr.
Chaklam Silpasuwanchai Assistant Professor Dr.
Chantri Polprasert Assistant Professor Dr.
Sein Minn Assistant Professor Contact Information Phone: +66 (0)2 524 6601 Email: tech_admission@ait.ac.th Apply Now For more information +66 (0)2 524 5733 tech_admission@ait.ac.th

Important Links:
Apply Now: https://ait.ac.th/apply-online/",https://ait.ac.th/program/artificial-intelligence-of-things-and-signal-processing-aiot
"Computer Science and Communication Technology (CSCT) Introduction / Background The Computer Science and Communication Technology (CSCT) program provides a strong academic foundation in computing and communication systems that underpin modern digital societies and economies. The program is designed to develop professionals capable of developing robust and scalable software systems, analyzing and modeling data to extract actionable insights, and applying artificial intelligence methods to support intelligent and data-driven digital solutions, alongside the development of secure and efficient communication infrastructures. CSCT integrates core areas in Computer Science and Software Engineering, Data Science and Artificial Intelligence, Digital Technology and Enterprise Information Management, and Smart Networks and Communications Engineering. This integrated structure reflects the close interaction between software, data, and communication technologies in contemporary digital environments, while allowing students to build depth in selected areas of specialization. The program emphasizes solid theoretical foundations, system-level understanding, and applied problem solving, preparing graduates to contribute effectively in industry, government, and research settings. Through advanced coursework, applied projects, and research-oriented learning, CSCT equips graduates with the technical competence, adaptability, and professional readiness needed to succeed in a rapidly evolving digital landscape. Areas of Specialization The Computer Science and Communication Technology (CSCT) program offers the following areas of specialization Computer Science and Software Engineering (CSSE) Data Science and Artificial Intelligence (DSAI) Digital Technology and Enterprise Information Management (DTEIM) Smart Networks and Communications Engineering (SNCE) Focus Areas The CSCT program focuses on education and research in the following areas: Software Systems and Application Development Software engineering and modern development practices Application and platform development Scalable and distributed software systems Data Science and Artificial Intelligence Data modeling and data management Data science and advanced data analytics Machine learning and artificial intelligence Data mining, big data technologies, and deep learning Foundations of Computer Science and Advanced Computing Algorithms and data structures Computational models and advanced computing concepts Systems architecture and performance Enterprise Information Systems and Digital Platforms Information management systems Enterprise systems and digital platforms Data-driven organizational processes Smart Networks and Communication Technologies Computer networks and data communications Telecommunications systems Wireless and mobile communication technologies Applied Computing and Industry-Oriented Practice Real-world digital applications and system integration Project-based learning and internships Industry collaboration and innovation Preferred Background Master’s Program Applicants should hold an undergraduate degree in one of the following fields: Computer Science, Computer Engineering, or Information and Communication Technology (ICT) Electronics, Electrical Engineering, or related engineering disciplines Mathematics or other quantitatively oriented fields Applicants from diverse backgrounds (e.g., business, finance, or other non-engineering disciplines) may be considered, provided they demonstrate adequate mathematical and programming skills. Doctoral Program Applicants should hold a relevant master’s degree in Computer Science, Computer Engineering, ICT, Electronics, Mathematics, or closely related disciplines, with academic preparation aligned to the intended area of research. Concerned Faculty Members Prof.
Attaphongse Taparugssanagorn Professor Dr.
Chutiporn Anutariya Associate Professor Dr.
Chaklam Silpasuwanchai Assistant Professor Dr.
Chantri Polprasert Assistant Professor Dr.
Sein Minn Assistant Professor Contact Information Phone: +66 (0)2 524 6601 Email: tech_admission@ait.ac.th Apply Now For more information +66 (0)2 524 5733 tech_admission@ait.ac.th

Important Links:
Apply Now: https://ait.ac.th/apply-online/",https://ait.ac.th/program/smart-networks-and-communications-engineering-snce
"Development Innovation and Sustainability (DIS) Introduction / Background The Development Innovation and Sustainability (DIS) academic program is a consolidated and forward-looking initiative of the Asian Institute of Technology (AIT), developed in response to increasingly complex development challenges in Asia and beyond. It integrates the strengths of two established programs—Development Planning, Management and Innovation (DPMI) and Development and Sustainability (DS)—into a coherent, interdisciplinary, and practice-oriented program aligned with the SDGs and the people–planet–prosperity nexus. Contemporary development challenges—including environmental degradation, climate variability, social inequality, food insecurity, and rapid socio-economic transformation—require professionals who can work across policy, innovation, governance, and sustainability domains. Rooted in AIT’s long-standing tradition of development planning, DIS provides strong foundations in policy, planning, project management, and participatory practice, complemented by an interdisciplinary sustainability perspective integrating social, economic, and environmental dimensions. Core teaching and research areas include public policy and sustainable development, development planning and implementation, innovation systems for sustainability, climate change adaptation and resilience, environmental governance, socio-ecological systems and rural development, and inclusive and equitable development. The program draws on systems thinking, political economy, institutional theory, resilience and transition frameworks, and innovation and development studies, while emphasizing methodological rigor, ethical research practice, reflexivity, and critical thinking. DIS equips researchers, managers, practitioners, and policymakers with the theoretical and practical knowledge and competences needed to design, implement, and evaluate inclusive and sustainable development interventions across diverse contexts. Areas of Specialization Development Planning, Management, and Innovation (DPMI) Environment, Society and Governance (ESG) Focus Areas Development Planning & Management Development Policy, and Governance Poverty Reduction & Sustainable Livelihoods Development Economics & Sustainability Development, Equity, Inclusion & Social Justice Institutions, NGOs & Development Management Urban–Rural Linkages & Rural Revitalization Socio-Ecological Systems & Resilience Social Innovation & Sustainable Development Sustainable Agriculture & Rural Development Climate, Environmental & Social Justice Preferred Background DIS welcomes applicants from diverse academic disciplines and professional backgrounds, especially those with interests in development planning, public policy and governance, sustainability and climate resilience, social innovation, socio-ecological systems, rural and agricultural development, and climate, environmental, and social justice. Candidates seeking interdisciplinary knowledge and skills for careers in academia, government, NGOs/CSOs, international organizations, or the public and private sectors are encouraged to apply. Course Structure Development Policy and Practice Development Planning Workshop Social Innovation, Community Business and Sustainability Community Development Planning and Management Science, Society and Environmental Governance Social Impact Assessment Development Project Planning and Management Economics of Development and Policy Agriculture Development and Social Innovation Gender, Climate Change and Migration Public Policy NGO Management, Policy and Development Administration Socio-ecological Systems and Governance Qualitative Research Methods for Development Quantitative Research Methods for Development Concerned Faculty Members Assoc.
Prof.
Dr.
Thi Phuoc Lai Nguyen Dean Prof.
Mokbul Morshed Ahmad Professor Prof.
Paula Banerjee IDRC Endowed Research Chair on Gender and Forced Displacement Concerned Staff Members Ms. Agnes Pardilla Tayson Administrative Staff Ms. Wantana Sa-Adpan Administrative Staff Ms. Usanee Nimdang Administrative Staff Mr. Nikorn Asakati Technical Staff Ms. Naphassorn Chaimongkol Administrative Officer Ms. Sunisa Charoenna Administrative Officer Mr. Thanakorn Khamtha Technical Staff Contact Information Ms. Agnes Pardilla Email: agnes@ait.ac.th Apply Now For more information (+66-2) 524-5668 agnes@ait.ac.th

Important Links:
Apply Now: https://ait.ac.th/apply-online/",https://ait.ac.th/program/development-innovation-and-sustainability-dis
"Sustainable Energy Transition (SET) Introduction / Background This interdisciplinary program encompasses clean energy transition technologies, policy, environmental, social and management aspects. Graduates from this program will be able to address the challenges of energy transition, especially in the areas of low carbon electricity supply systems, reduction of energy intensity, and providing energy access to all physical and geographical areas. The main goal of this program is to prepare students to face the impending challenges in the global energy sector through strategic state of the art knowledge, tools and research skills to support technology, market, business, finance and policy development. This is expected to prepare them to deliver solutions-oriented knowledge and innovative practices for cleaner energy transitions for human progress. Areas of Specialization Sustainable Energy Transition Electric Power System Management Focus Areas Improving Energy Access Climate Change Mitigation Renewable Energy Technology, Diffusion and Integration to Energy System Green Hydrogen Production and Fuel Cell Technology Smart Grid and Microgrid Application of IoT, Big Data, and Blockchain Technology in Energy Systems Electric and Hybrid Electric Vehicles Technology Diffusion Energy Efficiency in Buildings and Industry Battery and other Energy Storage Technology Energy Policy and Demand Analysis Energy Market Regulation Cross-border Electricity Trade Carbon Market and Finance Climate Change Adaptation in Power and Energy Infrastructure Decarbonization of Power, Transport and Energy Sector Preferred Background Degrees from an institution of recognized standing, preferably in engineering, management, economics, social sciences, and other related fields. Our curriculum is intended not only for fresh graduates but also for professionals from energy utilities (including power utilities), municipalities, regulators, energy ministries/authorities, private companies, consulting companies, academia, NGOs, city and municipal authorities dealing with or interested in the sustainable energy transition. Course Structure 3.5-year Doctoral degree program: Option-1: 12 credits elective courses + 72 credits dissertation research Option-2: 9 credit elective courses + 3 credit special study + 72 credit dissertation research Two-year master program: Thesis option: 6 credits required courses + 20 credits elective courses + 22 credits Thesis Research study option/ Internship option: 6 credits required courses + 27-30 credits elective courses with maximum 1-3 credit special study + 12 credits Research study/12 credits Internship Minor option from other academic program: 6 credits required courses + 18 credits elective courses+ 12 credits course from other academic program + 12 credits Research study Minor option in SET: 12 credit courses from SET program(6 credit required + 6 elective courses) Exchange option: 24 credits courses at AIT+ 12 credits of courses at partner universities + 12 credit research at AIT One-year Master program: Only courses option: 6 credits required courses + 24 credits elective courses Project option: 6 credits required courses + 18-21 credits elective courses + 3-6 credit project/special study One-year Diploma: 6 credits required courses + 18 credits elective courses Course Title Credits (Lecture hrs. – Lab hrs.) Type Semester Offered Energy Technology, Transition and Sustainability 3(45-0) Required August Energy Systems, Economics and Policy 3(45-0) Required January Smart Energy Buildings 3(30-45) Elective August Green Hydrogen, Fuel Cell, and Energy Storage Technology 3(30-45) Elective August Economics of Clean Energy Transition 3(45-0) Elective January Power System Modeling and Analysis 3(30-45) Elective August Microgrid Design, Control and Applications 3(30-45) Elective January Design and Operation of the Transmission and Distribution Systems 3(30-45) Elective August Carbon Pricing, Market and Climate Finance 3(45-0) Elective August Energy Efficiency for Sustainable Energy Transition 3(45-0) Elective August Smart Grid and Variable Renewable Energy Integration 3(45-0) Elective January Energy Policy Analysis 3(45-0) Elective January Power System Restructuring and Economics 3(45-0) Elective August AI Applications in Power and Energy Systems 3(30-45) Elective January Bioenergy 3(30-45) Elective January Energy Market Regulation 3(45-0) Elective August Electric, Hybrid Electric and Fuel Cell Vehicles Technology 2(30-0) Elective Inter-sem Concerned Faculty Prof.
Shobhakar Dhakal Professor Prof.
Jai Govind Singh Dean Prof. P. Abdul Salam Professor Prof.
Weerakorn Ongsakul Professor Prof.
Deepak Sharma Director | Professor Prof.
Sivanappan Kumar Emeritus Professor Prof.
Ram Shrestha Emeritus Professor Apply Now For more information (+66) 25245407 dean_fcc@ait.ac.th

Important Links:
Apply Now: https://eecc.ait.ac.th/sustainable-energy-transition-progra",https://ait.ac.th/program/sustainable-energy-transition
"Geotechnical and Earth Resources Engineering (GTE) Area of Specialization under the Civil and Infrastructure Engineering (CIE) program Besides the traditional topics of soil mechanics, foundation engineering, earth structures, underground excavations, land subsidence, and landslide mitigations, land reclamation, ground improvement, geosynthetics engineering, analytical and numerical analyses, geotechnical engineers and researchers are increasingly involved in many new and dynamic areas of geoengineering and geo exploration. They are also challenged to solve geoenvironmental problems, the reduction of construction wastes, clean-up of contaminated sites, geological-related hazards as well as onshore and offshore exploration and production of new mineral and energy resources. Program Brochure Download Research Focus Area Area of Specialization The Field of study of Geotechnical and earth resources engineering (GTE) offers three major areas of specialization. Soil Engineering(SE), Tunnel Engineering(TE) and Engineering and Environmental Geology(EEG). Special sub- specialization under GTE is Geosystem Exploration and Petroleum Geoengineering offers two specific areas of Subsurface Engineering (SSE) and Facility Engineering(FE) In addition to the GTEs program offered the 1-year master’s program and flexible master’s program at the mother AIT campus in Bangkok, the field offers both GTE and GEPG programs. Keywords Geological principles Rock mechanics Geophysical techniques Mineral and energy exploration and development Land subsidence mitigation Natural hazard mitigation Site investigation Terrain evaluation Underground excavations and tunneling Rock slope engineering Soft ground improvement and construction techniques Soil dynamics earthquake engineering; Earth reinforcement and earth retaining structures; Pavement design and construction Risk analyses and probabilistic methods Numerical methods and computer-aided design Geosynthetic engineering; and lightweight materials Geosystem engineering and exploration Exploration geophysics Petrophysics, Well-log interpretation, Reservoir characterization and engineering Preferred Background Master Program Undergraduate degrees in Civil Engineering, Geology, Geotechnical Engineering, Mining, Geophysics, and Petroleum Engineering; other disciplines are considered on a case-to-case basis Doctoral Program Master’s degree in Engineering Geology, Geotechnical Engineering, Geoenvironmental Engineering, Geophysics, Petroleum Engineering, and Mining. January-May Semester (12 credits) Course ID Course Title Credits CE71.51 Foundation Engineering and Design 3(3-0) CE71.56 Ground Improvement Techniques and Geosynthetics 3(3-0) CE71.53 Underground Excavation and Tunneling 3(3-0) CE71.xx Advanced Geotechnical Testing & Modeling 3(2-3) The students can consider selecting one of the following recommended courses or from other programs that they see fit: INTER SEMESTER JUNE-JULY (2 credits): one of the following customized courses can be offered depending on the demands and availability of the invited lecturers Course ID Course Title Credits CE71.90xx Practical Geotechnical Engineering (Customized topics) 2(2-0) CE71.xx Unsaturated soil mechanics SEMESTERS 3 &4 – THESIS WORKS(22 credits) FOR THE THESIS OPTION SEMESTERS 3 &4 – COURSEWORK (12 credits) and RESEARCH WORK (10 credits) FOR THE RESEARCH STUDY OPTION II. Engineering and Environmental Geology (Core Course) August-December Semester (12 credits) Course ID Course Title Credits CE71.31 Engineering Geology 3(2-3) CE71.12 Rock Mechanics 3(2-3) CE71.9008 Forensic Geotechnical Engineering 3(3-0) CE71.xxx Geoenvironmental Engineering 3(3-0) January-May Semester (12 credits) Course ID Course Title Credits CE71.53 Underground Excavation and Tunneling 3(3-0) CE71.65 Exploration Geophysics 3(2-3) CE71.56 Ground Improvement Techniques and Geosynthetics 3(3-0) CE71.61 Soil Dynamics and Earthquake Engineering 3(3-0) The students can consider selecting one of the following recommended courses or from other programs that they see fit: INTER SEMESTER JUNE-JULY (2 credits): one of the following customised courses can be offered depending on the demands and availability of the invited lecturers Course ID Course Title Credits CE71.90xx Landslide Mapping and Slope Stability 2(2-0) CE71.90xx Groundwater Investigation and Land Subsidence Analysis 2(2-0) SEMESTERS 3 &4 – THESIS WORKS(22 credits) FOR THE THESIS OPTION SEMESTERS 3 &4 – COURSEWORK (12 credits) and RESEARCH WORK (10 credits) FOR THE RESEARCH STUDY OPTION Concerned Faculty Dr.
Kuo-Chieh Chao Associate Professor, Head of CIE Department Director of ACSIG Dr.
Avirut Puttiwongrak Assistant Professor Staff Supamas Untui Contact Us Supamas Untui Geotechnical and Earth Resources Engineering (GTE) Department of CIE Phone: +66 (0)2 524 6057 Email: supamas@ait.asia Apply Now Program brochure For more information +66 (0)2 524 6057 supamas@ait.asia

Important Links:
Apply Now: https://ait.ac.th/apply-online/
Program brochure: https://ait.ac.th/wp-content/uploads/2022/01/Geotechnical-and-Earth-Resources-Engineering-SET-AIT.pdf",https://ait.ac.th/program/geotechnical-and-earth-resources-engineering-gte
"Structural Engineering (STE) Area of Specialization under the Civil and Infrastructure Engineering (CIE) program Structural engineering (STE) has always been seen as one of the few professions where one can combine real technical skills with artistic flair. Structural engineers are known to be people who enjoy innovation, opportunities, responsibility, and excitement, whilst working within a creative profession. Structural engineers plan and design various structures such as buildings, bridges, dams, sports stadiums, towers, and underground structures. As they create the built environment, they have an enormous impact on our everyday lives. In order to design and construct safe and economic structures, they need to keep abreast with the latest methods of structural analysis, modeling concepts for computation, advanced design, material technology, and improved knowledge of structural loadings. The field educates professionals who will be at the forefront of advanced research in Structural Engineering. They are trained to respond creatively to the industrial requirements of infrastructure development. Program Brochure Download Areas of Specialization STE offers two areas of specialization, (a) Structural Analysis, Mechanics, and Computation, and (b) Structural Design and Materials. The availability of inexpensive computer technology allows structural engineers to equip themselves with advanced structural theories to improve the quality of their professional work and achieve global competencies. This is the core of studies in the area of Structural Analysis, Mechanics, and Computation. Researches in the area include the analysis of complex and nonlinear structures, finite element methods, computational and applied mechanics, structural dynamics and vibration control, wind and earthquake engineering, computer-aided design, and expert systems. Structural Design and Materials prepare students for a career in structural engineering in its broadest sense. Depending upon individual choice and interest, students may select courses such that they receive training in a specific area of their choice. Researches in the area cover advanced and low-cost construction materials, analytical and experimental methods for concrete technology, reinforced and prestressed concrete structures, and steel structures, earthquake and wind-resistant design of structures, building and bridge engineering, and fire protection technology. Research Focus Area Structural analysis Mechanics and Computation Structural design and materials Structural analysis, mechanics, and computation Structural dynamics and vibration control Finite element methods Computational and applied mechanics Wind and earthquake engineering Computer-aided design and expert systems Reinforced and prestressed concrete structures Steel structures Earthquake and wind-resistant design Bridge engineering Preferred Background Master Program Undergraduate degrees in Civil Engineering; mechanical engineering and architectural engineering will be considered on a case-to-case basis Doctoral Program Master’s degree in Structural Engineering Course Structure STE delivers three types of courses: basic, advanced, and interdisciplinary. Basic courses focus on the specific aspects of structural systems. They are offered in five areas – (a) Analysis and Computations (CE72.1x) (b) Dynamics of Structures (CE72.2x) (c) Mechanics of Structures (CE72.3x) (d) Material Technology (CE72.4x) (e) Structural Design (CE72.5x). While advanced and interdisciplinary courses (CE72.6x) address new frontiers or the integration of skills in a holistic manner and are designed specifically for doctoral or advanced master’s students. Advanced courses provide emerging concepts and techniques in Structural Engineering. In offering opportunity and choice, students can design their own study programs according to their inclinations and future career objectives. In addition to the courses specified below, students, under the guidance of their academic advisors, can select courses from a wide range of electives from other fields/schools as part of an approved study plan. August First Semester Choice Credits CE72.11 Computer Methods of Structural Analysis Elective 3 CE72.21 Structural Dynamics Elective 3 CE72.31 Continuum Mechanics Elective 3 CE72.41 Advanced Concrete Technology Elective 3 January Second Semester Choice Credits CE72.12 Finite Element Methods in Engineering Elective 3 CE72.22 Wind and Earthquake Engineering Elective 3 CE72.32 Tall Buildings Elective 3 CE72.42 Experimental Methods in Structural Engineering Elective 3 CE72.51 Advanced Steel Structures Elective 3 CE72.52 Advanced Concrete Structures Elective 3 CE72.62 Forensic Engineering, Structural Evaluation and Retrofitting of Structures Elective 3 CE72.90 Advanced Topics in Bridge Engineering Elective 3 CE72.9005 Selected Topic: Concrete Repair and Maintenance Elective 3 CE72.9007 Selected Topic: Advanced Topics in Design of Tall Buildings and Bridges Elective 3 Inter Semester Choice Credits CE72.9006 Selected Topic: Advanced Topics in Earthquake Engineering Elective 2 Institute-wide course/English or Computer-based course Elective 2 August Third Semester Choice Credits Thesis Option Thesis proposal preparation/defense and data/information collection Elective 22 Research Option Research Study plus Coursework (continued) Elective 12 January Fourth Semester Choice Credits Thesis Option Thesis proposal preparation/defense and data/information collection – – Research Option Research study preparation and final research report defense Elective 1 Concerned Faculty Prof.
Pennung Warnitchai Professor Dr.
Chaitanya Krishna G. Assistant Professor Dr.
Naveed Anwar Adjunt Faculty, Structural Engineering Dr.
Punchet Thammarak Adjunct Faculty Prof.
Thanakorn Pheeraphan Adjunct Faculty Dr.
Raktipong Sahamitmongkol Adjunct Faculty Dr.
Khin Myat Kyaw Adjunct Faculty Dr.
Panon Latcharote Assistant Professor Prof.
Makoto Fujiu Visiting Faculty Staff CHANYA CHAIYANONT Contact Us Chanya Chaiyanont Structural Engineering (STE) Department of CIE Phone: +66 (0)2 524 6052 Email: ste@ait.asia apc-ste@ait.asia Apply Now Program brochure For more information +66 (0)2 524 6052 ste@ait.asia

Important Links:
Apply Now: https://ait.ac.th/apply-online/
Program brochure: https://ait.ac.th/wp-content/uploads/2022/01/Structural-Engineering-SET-AIT-1.pdf",https://ait.ac.th/program/structural-engineering-ste
"Transportation Engineering (TRE) Area of Specialization under the Civil and Infrastructure Engineering (CIE) program Industrialization and population growth have tremendous impacts on the movement of people and goods. Every day, movement is hampered by congestion, insufficiency of public transport facilities, traffic accidents, and other conditions. Moreover, as manufacturing expands globally, businesses want to reduce transportation costs by limiting the number of distribution nodes. Concerns over congestion on highways, increasing pollution and hazardous materials all emphasize the need to effectively maximize transportation systems. Thus, the issue of transportation is obviously crucial, not only now but in the future. The Transportation Engineering field exposes students to the process of alleviating transportation problems. The coursework and research in the area provide advanced knowledge in transportation planning and economics, traffic engineering, and the design of highways/pavements and other transportation facilities. Transportation Engineering students acquire advanced skills concerning the planning, design, operations, maintenance, rehabilitation, performance, and evaluation of transportation systems, including their economic and public policy aspects. The field imbibes in each student the development of analytic, problem-solving, design, and management skills suitable for public and private sector professional work. Program Brochure Download Areas of Specialization TRE offers two areas of specialization, (a) Planning and Engineering and (b) Highways and Pavements. Depending upon individual choice and interests, students may freely select courses such that they receive training either in Planning & Engineering or Highways & Pavements . Under Planning & Engineering , students are trained on planning and logistics as well as traffic and safety. Among other topics, they are immersed in issues relating to transportation systems, urban/regional transportation analysis and planning methods, airport planning & design, and traffic engineering. Students gearing for specialization in Highways & Pavements take courses in design and operation as well as in management systems and maintenance. They are skilled in geometric design and highway safety, design/performance of highways and airport pavement as well as pavement management systems. Current research in Transportation Engineering covers transportation planning and economics, traffic engineering, traffic safety, and the design of highways and pavements. Preferred Background Master Program Undergraduate degrees in Civil Engineering; other engineering fields (e.g. urban and regional planning and systems engineering) are also considered Doctoral Program Master’s degree in Transportation Engineering and other related engineering fields TRE field gives students an opportunity to explore the technological, safety, political/economic, and energy/environment dimensions of Transportation Engineering. In enhancing a holistic approach, they undertake courses such as Urban/Regional Transportation Analysis and Planning Methods, Airport Planning & Design, Design and Performance of Highway and Airport Pavement, Transportation Policy and Environmental Limits, and Planning for Traffic Safety and Injury Prevention. Coursework in other fields broadens students’ knowledge. Highly recommended are engineering mathematics, fundamentals of soil engineering, geographic information systems in civil engineering, and construction planning and scheduling. In offering opportunity and choice, students can design their own study programs according to their inclinations and future career objectives. In addition to the courses specified below, students, under the guidance of their academic advisors, can select courses from a wide range of electives from other fields/schools as part of an approved study plan. Course Structure January Semester Choice Credits CE73.17 Airport Planning and Design Elective 3 (3-0) CE73.22 Planning for Traffic Safety and Injury Prevention Elective 3 (3-0) CE73.24 Intelligent Transportation Systems Elective 3 (3-0) CE73.32 Design and Performance of Highway and Airport Pavement Elective 3 (3-0) CE73.33 Pavement Management Systems Elective 3 (3-0) CE73.38 Transportation Logistics Elective 3 (3-0) CE73.39 Traffic Engineering Elective 3 (3-0) CE73.40 Advanced Geometric Design and Highway Safety Elective 3 (3-0) CE73.9005 Selected Topic: Logistics Systems Elective 2 (2-0) CE73.9006 Selected Topic: Rail System Administration and Management Electivec 3 (3-0) Inter Semester Choice Credits Institute-wide course/English or Computer-based course Elective 2 August Third Semester Choice Credits Thesis Option Thesis proposal preparation/defense and data/information collection – 22 Research Option Research Study Option plus Coursework Continued Elective(s) 12 August Semester Choice Credits CE73.11 Transportation Systems Required 3 (3-0) CE73.14 Transportation Economics and Project Evaluation Elective 3 (3-0) CE73.15 Public Transportation Systems Elective 3 (3-0) CE73.35 Sustainable Transportation Elective 3 (3-0) CE73.36 Transportation Planning Methods and Analysis Required 3 (3-0) CE73.37 Transportation Demand Modeling and Forecasting Required 3 (3-0) January Fourth Semester Choice Credits Thesis Option Thesis preparation and final thesis report defense – conitnued Research Option Research study preparation and final research report defense – 10 Concerned Faculty Prof.
Kunnawee Kanitpong Professor / Director Dr.
Ayushman Bhatt Assistant Professor Staff Nisarat Harnsuksa Contact Us Ms.Nisarat Narnsuksa Transpotation Engineering School of Engineering and Technology (SET) Asian Institute of Technology (AIT) Phone:+66 (0)2 524 6051 Email: nisarath@ait.asia Apply Now For more information +66 (0)2 524 6051 nisarath@ait.asia

Important Links:
Apply Now: https://ait.ac.th/apply-online/",https://ait.ac.th/program/transportation-engineering-tre
"Construction, Engineering and Infrastructure Management (CEIM) Area of Specialization under the Civil and Infrastructure Engineering (CIE) program The Construction, Engineering, and Infrastructure Management (CEIM) field of study prepares students to become effective managers and decision-makers familiar with the modern techniques of construction management, engineering management, and infrastructure management. It trains professionals to play a leading role in the international construction industry. It molds students to become active leaders in infrastructure development and management. Program Brochure Download Areas of Specialization Students may choose to either specialize in Construction Engineering and Management (CEM) or Infrastructure Management (IM) . Construction Engineering and Management cover advanced project management approaches to finance, plan, design, construct, monitor, and control construction projects. This master’s degree program emphasizes in-depth construction project management approaches such as project organization management, construction planning, and control, project procurement, contract management, productivity analysis, and improvement, quality and safety improvement, IT in project management, sustainable construction, project financing, Public-Private Partnerships (PPP) for infrastructure management, international construction joint ventures and construction business strategy. Infrastructure Management focuses on the processes necessary for the planning and development of new infrastructure, and on maintaining and operating mature infrastructure for sustainability. A wide variety of management topics are covered, such as infrastructure planning, infrastructure economics, infrastructure management systems, optimal maintenance management, reliability of infrastructure systems, asset valuation and utilization, and infrastructure planning under risk and uncertainty. Professional Master in Project Management (with specialization in Construction projects) The aim of this MPM program is to provide applied and advanced project management knowledge to professionals working in large-scale construction projects. The program is designed for one year to study period. Selected students are construction industry professionals with at least 3 years of experience. Preferred Background Master Program Undergraduate degrees in Civil Engineering, Mechanical Engineering, Electrical Engineering, Construction Engineering, Architecture, Quantity Surveying, Landscape Design, Interior Design, Business Studies, and other bachelor’s degrees related to construction projects. Degrees in other fields of engineering, urban and regional planning, architecture, quantity surveying, etc., are also considered Doctoral Program Master’s degree in Construction Engineering and Management, Infrastructure Management, or in any other field of civil engineering. Candidates with significant research or professional experience are highly preferred. Course Structure AUGUST Course Description Choice Credits CE70.11 Project Cost and Financial Management Required 3(3-0) CE70.12 Organizational Management in Construction Required 3(3-0) CE70.13 Research Methodology in the Built Environment Elective 3(3-0) CE70.21 Integrated Project Planning and Control Required 3(3-0) JANUARY Course Description Choice Credits CE70.22 Legal and Contractual Risk Management Elective 3(3-0) CE70.23 Project Performance Management Elective 3(3-0) CE70.33 Occupational Safety and Health Management in Construction Projects Elective 3(3-0) CE70.15 Infrastructure Development and System Management Elective 3(3-0) CE70.43 Project Financing Elective 3(3-0) CE70.16 Applied Project Management in Housing and Real Estate Projects Elective 1(1-0) CE70.9005 Selected Topic: Applied Project Management in Power-Plant Projects Elective 1(1-0) CE70.17 Applied Project Management in High Rise Building Projects Elective 1(1-0) CE70.18 Applied Project Management in Commercial Projects Elective 1(1-0) CE70.9017 Selected Topic: The Principle of Facilities Management Elective 1(1-0) Concerned Faculty Prof.
Bonaventura H. W. Hadikusumo Professor Dr.
Djoen San Santoso Associate Professor Prof.
Christian Brockmann Adjunct Faculty Dr.
Sakul Pochanart Adjunct Faculty Dr.
Theerathon Tharachai Adjunct Faculty Mr.
Heng Boon Chin Adjunct Faculty Dr.
Wasan Teerajetgul Adjunct Faculty Mr.
Burin Kunatippapong Adjunct Faculty Mr.
Charnkurt Yaoyuenyong Adjunct Faculty Dr.
Santi Charoenpornpattana Adjunct Faculty Staff Woranuch Chumchat Contact Us Woranuch Chumchat Phone: +66-2524-6060 Email : woranuch@ait.asia Asian Institute of Technology (AIT) Email: ceim@ait.asia Apply Now Program brochure For more information +66-2524-6060 woranuch@ait.asia

Important Links:
Apply Now: https://ait.ac.th/apply-online/
Program brochure: https://ait.ac.th/wp-content/uploads/2023/03/AIT-SET-CEIM-Brochure_2023.pdf",https://ait.ac.th/program/construction-engineering-and-infrastructure-management-ceim
"Water Engineering and Management (WEM) Introduction / Background The availability, management, and sustainable use of water resources have become a defining challenge of this century. Water is now at the center of global debates on climate resilience, food and energy security, sustainable cities, disaster risk reduction, and environmental protection. Yet, many regions, particularly developing nations, continue to struggle with floods, droughts, pollution, and competing sectoral demands. These challenges are further amplified in Asia, the world’s most populous and climate-vulnerable region, where effective water management will directly determine economic growth, human well-being, and ecological integrity. The Water Engineering and Management (WEM) program at AIT aims to address these contemporary challenges in water resources and its sustainable development and management. WEM program integrates the engineering, management, and policy dimensions of water and provides students with a unique blend of knowledge and skills on fundamentals of water resources such as hydrology, hydraulics, irrigation and drainage, hydro-informatics and modeling, while embedding the essence of climate change adaptation, risk management, water governance, and socioeconomic consideration. The program equips students with technical knowledge and management strategies to manage water resources sustainably across scales, from local watersheds to international river basins. While candidates with an undergraduate degree in engineering (B. Eng.) will enroll in the Master of Engineering (M. Eng.), those from non-engineering backgrounds will enroll in the Master of Science (M. Sc.). In addition, students have the flexibility to pursue their Master’s degree through a range of pathways depending on their academic interests and career goals. These include combinations of coursework, research, internships, and exchange opportunities, allowing students to tailor their learning experience to meet both academic and professional development needs. At the doctoral level, the program offers both the Doctor of Philosophy (Ph.D.) and the Doctor of Engineering (D. Eng.). Under the new thematic structure, the WEM is explicitly aligned with AIT’s strategic direction. WEM addresses sustainability by linking water management to climate resilience, the food-energy-water nexus, and ecosystem services. It contributes to innovation and digital transformation through hydro-informatics, big data analytics, remote sensing, and Artificial Intelligence for water management. WEM prepares students not only for government and academic roles but also for leadership in consultancy, private sector innovation, and start-ups. It promotes collaboration across civil engineering, environmental sciences, economics, and policy to provide holistic solutions. This program directly addresses the global agenda on sustainable development, particularly in relation to SDG2: Zero Hunger, SDG6: Clean Water and Sanitation, SDG7: Affordable and Clean Energy, SDG11: Sustainable Cities and Communities, and SDG13: Climate Action, as well as SDG17: Global Partnership for Sustainable Development. The program reaffirms its commitment to producing a new generation of water professionals who can address the complex, multi-scalar, and contemporary challenges in water resources and their management. Focus Area s Agricultural water Coastal water Urban water Water resources Extreme events and risk management Preferred Background Master Program Undergraduate degrees in Civil or Agricultural Engineering; other relevant engineering fields and applied sciences are considered on a case-to-case basis Doctoral Program Master’s degree in fields related to Water Engineering and Management Course Structure Master’s Program A master’s program requires 48 credits with two options: Option 1: A minimum of 26 credits of coursework and 22 credits of thesis Option 2: A minimum of 36 credits of coursework and 12 credits of research study Students can obtain a master’s degree in environmental engineering and management by completing a 48 credits curriculum work while achieving a final cumulative grade point average of not less than 2.75. Doctoral Program The Doctoral program requires a minimum of 84 credits that comprise a minimum of 12 credits of coursework at AIT, which may include 3-credits of special study. This minimum credit requirement must be completed before the student is advanced to candidacy. The dissertation is worth 72 credits for the regular doctoral program. Concerned Faculty Prof. Sangam Shrestha Professor, Director Dr.
Mohana Sundaram Shanmugam Assistant Professor Dr.
Natthachet Tangdamrongsub Assistant Professor Dr.
Nurul Husna Hassan Assistant Professor Staff Yanee Sornkaew Contact Information Ms. Yanee Sornkaew Phone:+66 (0)2 524 6056 Email: yanee@ait.asia Apply Now Program brochure For more information +66 (0)2 524 6056 yanee@ait.asia

Important Links:
Apply Now: https://ait.ac.th/apply-online/
Program brochure: https://ait.ac.th/wp-content/uploads/2022/01/Water-Engineering-and-Management-SET-AIT.pdf",https://ait.ac.th/program/water-engineering-and-management-wem
"Environmental Engineering and Management (EEM) Introduction / Background Environmental Engineering at AIT began in 1964 with the need for sanitary engineering to address the problems of providing adequate water supplies and sanitation facilities. This pioneering environmental engineering program has grown into a range of fields needed to tackle the emerging environmental issues facing Asia today. By integrating multidisciplinary learning and research-driven approaches, the program  contributes directly to advancing the global sustainability agenda, particularly in areas such as climate action, clean air, water and sanitation, sustainable urban development, and responsible resource management. Through active collaboration with public and private sectors, the program is designed to strengthen regional capacity, support evidence-based policymaking, and foster innovative solutions that respond to the evolving development needs of Asia and the wider global community. Areas of Specialization In response to these demands, the program offers two specialized areas of study: Environmental Sustainability and Management This field takes a systems-based perspective on tackling environmental challenges, integrating technical, social, and policy dimensions. It equips students to design strategies that balance development with ecological integrity by linking industry, government, and community roles. Emphasis is placed on sustainable planning, governance, and inclusive management of waste, water, sanitation, and air quality. Students gain skills in impact assessment, circular economy, and nature based solutions, preparing them to lead in sustainability policy, environmental planning, and corporate responsibility, and to guide transitions toward low carbon, resource-efficient economies. Environmental Innovations and Engineering This field emphasizes the technical and engineering aspects of environmental protection and infrastructure. It builds expertise in designing, operating, and optimizing systems such as water supply, wastewater treatment, waste management, and air pollution control. Priority is given to innovation, including energy and resource recovery, biotechnologies, and digital monitoring tools. Students are trained to apply scientific and engineering principles to practical solutions that improve efficiency, reduce emissions, and ensure sustainable resource use. Graduates are prepared to contribute to infrastructure projects,  technological innovation, and industrial practices that support cleaner production and climate resilience. Focus Areas PM2.5 and other air pollution problems Short-lived climate pollutants Greenhouse gas mitigation biotechnologies Solid (including plastic) and hazardous waste Inclusive Sanitation Life Cycle assessment Water treatment Waste water treatment Resource recovery, including microbial biotechnologies Preferred Background The Environmental Engineering and Management program is open to all science and engineering students and professionals. However, students or professionals with other backgrounds are also welcome and will be considered on a case-by-case basis. Compatible examples of students from science backgrounds (but not limited to): public health, environment, chemistry, biology, microbiology, and earth sciences. Compatible examples of Engineering background: chemical engineering, civil engineering, environmental engineering. Course Structure Master’s Program A master’s program requires 48 credits with two options: Option 1: A minimum of 26 credits of coursework and 22 credits of thesis Option 2: A minimum of 36 credits of coursework and 12 credits of research study Students can obtain a master’s degree in environmental engineering and management by completing a 48 credits curriculum work while achieving a final cumulative grade point average of not less than 2.75. Doctoral Program The Doctoral program requires a minimum of 84 credits that comprise a minimum of 12 credits of coursework at AIT, which may include 3-credits of special study. This minimum credit requirement must be completed before the student is advanced to candidacy. The dissertation is worth 72 credits for the regular doctoral program. Concerned Faculty Members Prof.
Thammarat Koottatep Professor, Co-Director Dr. Ekbordin Winijkul Dean Dr.
Wenchao Xue Associate Professor, Director of Belt Road and Research Center Dr.
Simon Guerrero Cruz Associate Professor Dr.
Anish Ghimire Assistant Professor Concerned Staff Members Chaiyaporn Imsapsangworn Research Lab Supervisor Panupong Boonyanun Senior Technician Tawanchai Setjantuek Senior Technician Araya Wicheansan Laboratory Supervisor Contact Information For more Inquiry, please contact us at this email: premma@ait.ac.th Apply Now For more information premma@ait.ac.th

Important Links:
Apply Now: https://ait.ac.th/apply-online/",https://ait.ac.th/program/environmental-engineering-and-management
"Semiconductor Engineering (SCE) Area of Specialization under the Industrial Systems Engineering (ISE) program The region’s growing industrial sector and the increasing demand for high technologies have brought the need for expertise in Semiconductor to a critical level. The Master Program in Semiconductor, introduced in May 2000, responds to the needs of countries in Southeast Asia, many of which are in transition from labor-intensive to high-tech industries. The curriculum focuses on the design and IC packaging aspects for specific applications. Fabrication, including prototyping of chips, is included in the curriculum and is featured in partnership with Semiconductor industries and collaborating universities overseas. Currently, courses in Bio-Nano Materials Science and Engineering are being added to the offerings of the field. Programs leading to the award of AIT’s Doctor of Engineering, Doctor of Technical Science, Master of Engineering, Master of Science, diploma, and certificate are offered. Programs leading to the award of AIT’s Doctor of Engineering, Doctor of Technical Science, Master of Engineering, Master of Science, diploma, and certificate are offered.
Semiconductor provides new insights through an integrated consideration of mechanics, electronics, and information technology. The curriculum is designed to provide multidisciplinary knowledge and to develop the ability to design mechatronic systems.Programs leading to the award of AIT’s Doctor of Engineering, Doctor of Technical Science, Master of Engineering, Master of Science, diploma, and certificate are offered.
Semiconductor provides new insights through an integrated consideration of mechanics, electronics, and information technology. The curriculum is designed to provide multidisciplinary knowledge and to develop the ability to design mechatronic systems.Programs leading to the award of AIT’s Doctor of Engineering, Doctor of Technical Science, Master of Engineering, Master of Science, diploma, and certificate are offered.The school and department that offers this program School of Engineering and Technology Department of Industrial Systems Engineering Preferred Background Master Program Undergraduate degree in Engineering, Electrical Engineering, Computer Engineering, Computer Science or a closely related field (normally from a four-year program), or other closely related engineering disciplines. Doctoral Program One should have a good master’s degree in one of the above disciplines. Course Structure August Semester Course Code Title Course Credit Course Type* Instructor Offered Semester AT74.04 Digital and Analog Circuit Design 3 E Adjunct Faculty Spring AT74.05 AI and Neuro-Fuzzy Theory 3 E Prof. Manukid Parnichkun Spring AT74.07 Automation Technology 3 E Dr. Branesh M. Pillai Spring AT81.01 Microelectronics Fabrication Technology 3 E Adjunct Faculty Fall AT81.02 Digital Integrated Circuit Design 3 E Adjunct Faculty Fall AT81.03 Digital Integrated Circuit Design 3 E Adjunct Faculty Fall AT81.05 Digital Integrated Circuit Design 3 E Adjunct Faculty Fall AT81.06 VLSI Design 3 E Adjunct Faculty Spring AT81.07 Micro-Electro Mechanical Systems 3 E Dr. Mongkol Ekpanyapong Fall AT81.15 Embedded Systems Architecture 3 R Dr. Mongkol Ekpanyapong Fall AT81.17 Embedded Systems Design 3 R Dr. Mongkol Ekpanyapong Spring AT81.9001 Selected Topic: Deep Learning for Computer Vision 3 E Dr. Mongkol Ekpanyapong Spring R-Required; E-Elective General Information MASTER’S PROGRAM During the first two semesters, master’s students are expected to complete the coursework requirement. In summary, a master’s student in Mechatronics (MEC) follows: Duration: 4 semesters and 1 Inter-Semester Period (22 months) Thesis Option Research Option Required Courses 6 Credits 6 Credits Elective Courses 18 Credits 32 Credits Option 24 Credits 10 Credits Total 48 Credits 48 Credits Concerned Faculty Prof.
Mongkol Ekpanyapong Director AI Center Associate Professor Staff Ms.
Chaowaret Sudsaweang Administrative Secretary Ms.
Saowaluck Maneerat Administrative Officer Ms.
Chawanrat Euafua Administrative Officer Contact Us Phone: +66 (0)2 524 6601 Email: ise@ait.ac.th Apply Now For more information +66 (0)2 524 6061 ise@ait.ac.th

Important Links:
Apply Now: https://ait.ac.th/apply-online/",https://ait.ac.th/program/semiconductor-engineering-sce
Error: 404 Client Error: Not Found for url: https://ait.ac.th/program/nanosystems-engineering-nse,https://ait.ac.th/program/nanosystems-engineering-nse
"Industrial and Manufacturing Engineering (IME) Area of Specialization under the Industrial Systems Engineering (ISE) program Since its inception in the early 1970’s, the Industrial and Manufacturing Engineering program at AIT has committed to preparing qualified engineers with high-tech knowledge for supporting sustainable industrial development of the region. Starting as Systems Engineering in the early days and becoming Industrial & Manufacturing Engineering today. Research Focus Area Supply Chain and Logistic Management Supply Contracts Inventory Policy with Emergency Order Customer-Oriented FMEA Innovative Design for Customer Experience Design for Each of Use Program Brochure Download Preferred Background For Master Program Strong quantitative background; undergraduate degree in mechanical, production, industrial, electrical, electronics, or chemical engineering; other engineering fields; other applied sciences. For Doctoral Program One should have a good master’s degree in one of the above disciplines. Highlight Our focus has always been on responding to current needs and future trends for industry to be competitive, and we have achieved it through these following. A high-quality graduate education program; Teaching excellence through research activities; Strong relationship with private and public sectors, Partnership with various manufacturing and service industries. Master’s Program Master’s Program Description During the first two semesters, master’s students are expected to complete the coursework requirement. In summary, a master’s student in Industrial and Manufacturing Engineering (IME) follows: Duration: 4 semesters and 1 Inter-Semester Period (22 months) Master’s Program Duration Table Thesis Option Research Option Required Courses 9 credits 9 credits Elective Courses 17 credits 27 credits Option 22 credits 12 credits Total 48 credits 48 credits Doctoral Program Doctoral students in Industrial and Manufacturing Engineering (IME) are required to take a minimum of 84 credits that comprise 12 credits of coursework (may including a maximum of 3 credits of special study) and 72 credits of dissertation. The composition of courses taken by a doctoral student requires the consent of his/her dissertation advisor. In summary, a doctoral candidate in Industrial and Manufacturing Engineering (IME) follows: Duration : 7 semesters and 2 or 3 Inter-Semester Periods Total Credits Required : 84 credits = 12 coursework credits + 72 research credits Course Structure Course Code Title Semester Course Credit Type AT72.01 Deterministic Optimization Models August 3(45-0) General AT72.02 Production and Operations Management August 3(45-0) General AT72.03 Statistical Models and Design of Experiments August 3(45-0) Required AT72.04 Engineering Economy August 3(45-0) General AT72.05 Quality Control and Management August 3(45-0) General AT72.08 Stochastic Decision Models January 3(45-0) General AT72.09 Inventory and Logistics Management January 3(45-0) General AT72.10 Scheduling and Sequencing August 3(45-0) General AT72.11 Modeling and Simulation of Discrete Event Systems January 3(45-0) General AT72.16 Data-Driven Operations Research January 3(45-0) Required AT72.17 ISE Seminar I January 1(15-0) General AT72.18 ISE Seminar II January 1(15-0) General AT72.19 Applied Data Analytics January 3(45-0) General AT72.20 Supply Chain Management January 3(45-0) General AT73.03 Engineering Metrology August 3(30-45) General AT73.05 Eco-Design and Manufacturing Systems January 3(30-45) General AT73.06 Product Design and Development January 3(30-45) Required AT73.07 Industrial Packaging Design and Technology January 3(45-0) General AT73.16 CAE & CAM for Product Development August 3(30-45) General AT73.19 Advanced E-Design August 3(30-45) General AT73.20 Additive Manufacturing and Reverse Engineering August 3(45-0) General AT73.21 Digital Factory August 3(30-45) General AT73.22 Collaborative Manufacturing Systems August 3(30-45) General AT73.23 Customer Experience-Driven Design August 3(30-45) General AT73.24 International Collaborative Project Management August 3(30-45) General AT73.25 Communications and People Skills Development for Engineering Leaders August 3(15-60) General AT73.9007 Selected Topic: Advanced Manufacturing Process August 3(45-0) General AT73.9008 Selected Topic: Advanced Material Science for Design & Manufacturing August 3(45-0) General Concerned Faculty Prof.
Huynh Trung Luong Academic Program Chair of Industrial and Manufacturing Engineering Program, Head of ISE Department Dr.
Pisut Koomsap Assoc. Professor Staff Ms.
Chaowaret Sudsaweang Administrative Secretary Ms.
Saowaluck Maneerat Administrative Officer Mr.
Clifford M. Gasillos IT Officer Ms.
Chawanrat Euafua Administrative Officer Contact Us Industrial and Manufacturing Engineering (IME) Department of Industrial Systems Engineering (ISE) School of Engineering and Technology (SET) Asian Institute of Technology Phone: +66(0)2 524 6601 Email: chowaret@ait.ac.th Apply Now Program brochure For more information +66 (0)2 524 6601 chowaret@ait.ac.th Find more information

Important Links:
Apply Now: https://ait.ac.th/apply-online/
Program brochure: https://ait.ac.th/wp-content/uploads/2022/05/brochure-IME_2024.pdf",https://ait.ac.th/program/industrial-and-manufacturing-engineering-ime
"Mechatronics and Machine Intelligence (MMI) Area of Specialization under the Industrial Systems Engineering (ISE) program At present, most academic institutions and industries in the Asian region are only system integrators. Components are procured from more developed countries (e.g. computer numerically controlled machines, robots, and automated guided vehicles) and are integrated as a system (e.g. flexible manufacturing system). To support the growth of the region’s economy, expertise not only as system integrators but also as builders of components of advanced technologies must be developed. The growing number of electronic devices and the strong interactions between mechanical and electronic parts no longer permit separate investigations of these components. Mechatronics and Machine Intelligence (MMI) provides new insights through an integrated consideration of mechanics, electronics and information technology. The curriculum is designed to provide multidisciplinary knowledge and to develop the ability to design mechatronics systems. Programs leading to the award of AIT’s Doctor of Engineering, Doctor of Technical Science, Master of Engineering, Master of Science, diploma and certificate are offered. Program Brochure Download List of Research Focus Area MMI Research focuses on the design of new and advanced robotics mechanisms and controllers. Robot prototypes are always developed and tested. The current projects include Intelligent Vehicles Bicycle Robots Unicycle Robots Exoskeleton Robots Rehabilitation Machines Automatic Guided Vehicles Laser Guided Vehicles Robot Manipulators Multiple Robot Cooperation Preferred background Master Program Undergraduate degree in electronics, electrical engineering, mechanical engineering, computer engineering or science; other engineering disciplines. Doctoral Program One should have a good master’s degree in one of the above disciplines. Course Structure August Semester Course Code Title Course Credit Type Instructor/s AT72.01 Deterministic Optimization Models 3(3-0) General Dr. Huynh Trung Luong AT72.02 Production and Operations Management 3(3-0) General Adjunct Faculty AT72.03 Statistical Models and Design of Experiments 3(3-0) General Dr. Huynh Trung Luong AT72.04 Engineering Economy 3(3-0) General Dr. Huynh Trung Luong, Adjunct Faculty AT72.05 Quality Control and Management 3(3-0) General Dr. Huynh Turung Luong AT73.03 Engineering Metrology 3(2-3) General Dr. Pisut Koomsap AT73.05 Eco-Design and Manufacturing Systems 3(2-3) General Adjunct Faculty AT73.16 CAE & CAM for Product Development 3(2-3) General Adjunct Faculty AT73.19 Advanced E-Design 3(2-3) General Adjunct Faculty AT73.20 Additive Manufacturing and Reverse Engineering 3(3(-0) General Dr. Pisut Koomsap AT73.9009 Selected Topic: Communications and People Skills Development for Engineering Leaders 3(15-60) General Dr. Pisut Koomsap AT74.01 Kinematics and Dynamics of Mechanisms and Robots 3(2-3) General Adjunct Faculty AT74.03 Sensing and Actuation 3(2-3) General Prof. Manukid Parnichkun AT74.04 Digital and Analog Circuit Design 3(2-3) General Adjunct Faculty AT74.10 Control Theory 3(3-0) Required Prof. Manukid Parnichkun AT81.01 Microelectronics Fabrication Technology 3(3-0) General Adjunct Faculty AT81.05 Analog Integrated Circuit Design 3(2-3) General Adjunct Faculty AT81.06 VLSI Design 3(2-3) General Adjunct Faculty AT81.07 Micro-Electro Mechanical Systems 3(3-0) General Dr. Mongkol Ekpanyapong AT81.15 Embedded Systems Architecture 3(3-0) General Dr. Mongkol Ekpanyapong AT79.02 Impact of Nanotechnology on the Society 2(30-0) General Dr. Gabriel Louis Hornyak AT79.03 Intellectual Property Rights for Technology Development  and Management 2(30-0) General Adjunct Faculty AT79.05 Fundamentals of Chemistry 2(15-30) General Adjunct Faculty AT79.06 Catalysis 2(30-0) General Dr. Gabriel Louis Hornyak AT79.09 Colloids and Nanoparticles 3(15-45) General Dr. Tanujjal Bora AT79.10 Microelectronics Fabrication Technology 3(45-0) General Dr. Tanujjal Bora/Adjunct Faculty AT79.9002 Selected Topic: Nanotechnology for Biomedical Applications 1(15-0) General Dr. Tanujjal Bora/Adjunct Faculty AT79.9003 Selected Topic: Fundamentals of Bionanotechnology 3(45-0) General Dr. Gabriel Louis Hornyak AT79.9004 Selected Topic: Nanomechanics 2(30-0) General Adjunct Faculty AT79.9005 Selected Topic: Nanometrology 2(30-0) General Dr. Tanujjal Bora AT79.9006 Selected Topic: Nanotechnology for the Life Sciences 3(45-0) General Dr. Tanujjal Bora AT79.9007 Selected Topic: Nanotechnology for Solar Cells 2(30-0) General Dr. Tanujjal Bora AT84.01 Nano-Micro Fabrication Technologies 3(45-0) General Dr. Tanujjal Bora AT84.02 Fundamentals of Bionanotechnology 3(30-45) General Adjunct Faculty AT84.03 Catalysis, Enzyme Kinetics and Thermodynamics 3(45-0) General Dr. Tanujjal Bora/Prof.Dieter Trau, Adjunct Faculty January Semester Course Code Title Course Credit Type Instructor/s AT72.08 Stochastic Decision Models 3(3-0) General Dr, Huynh Trung Luong AT72.09 Inventory and Logistic Management 3(3-0) General Adjunct Faculty AT72.10 Scheduling and Sequencing 3(3-0) General Adjunct Faculty AT72.11 Modelling and Simulation of Discrete Event Systems 3(3-0) General Adjunct Faculty AT72.9014 Selected Topic: Applied Data Analytics 3(3-0) General Dr. Huynh Trung Luong AT73.06 Product Design and Development 3(2-3) General Dr. Pisut Koomsap AT73.07 Industrial Packaging Design and Technology 3(3-0) General Adjunct Faculty AT74.05 AI and Neuro-Fuzzy Theory 3(3-0) Required Prof. Manukid Parnichkun AT74.06 Pattern Recognition and Image Processing 3(2-3) General Dr. Mongkol Ekpanyapong AT74.07 Automation Technology 3(2-3) General Adjunct Faculty AT74.11 Haptics 3(2-3) General Adjunct Faculty AT74.12 Nonlinear Dynamics and Control 3(3-0) General Adjunct Faculty AT81.16 Real Time Systems 3(2-3) General Dr. Mongkol Ekpanyapong AT81.17 Embedded Systems Design 3(2-3) General Dr. Mongkol Ekpanyapong AT81.9001 Selected Topic: Deep Learning for Computer Vision 3(30-45) General Dr. Mongkol Ekpanyapong AT79.01 Self Assembly and Molecular Manufacturing 2(30-0) General Dr. Gabriel Louis Hornyak AT79.04 Solid State Physics for Nanotechnology 2(30-0) General Adjunct Faculty AT79.07 Nano Thermodynamics 2(30-0) General Adjunct Faculty AT79.08 Nanomaterials and Nanotechnology 3(45-0) General Dr. Tanujjal Bora AT79.11 Microelectromechanical and Nanoelectromechanical Systems 2(30-0) General Adjunct Faculty AT79.12 Characterization Tools in Nanotechnology 3(30-45) General Dr. Tanujjal Bora AT79.13 Advanced Seminars in Nanotechnology 2(30-0) General Dr. Gabriel Louis Hornyak AT79.9001 Selected Topic: Fundamentals of Bionanotechnology 2(30-0) General Dr. Gabriel Louis Hornyak AT79.9008 Selected Topic: Nano-Electrochemistry 2(30-0) General Dr. Tanujjal Bora/,
Dr. Gabriel Louis Hornyak AT84.04 Characterization Tools in Nanotechnology 3(45-0) General Dr. Tanujjal Bora AT84.05 Colloids and Nanoparticles 3(30-45) General Dr. Tanujjal Bora AT84.06 Biomimetics 3(30-45) General Adjunct Faculty AT84.07 Biosensors and Bioelectronics 3(30-45) General Dr. Tanujjal Bora, Prof. Dieter Trau General Information MASTER’S PROGRAM During the first two semesters, master’s students are expected to complete the coursework requirement. In summary, a master’s student in Mechatronics (MEC) follows: Duration: 4 semesters and 1 Inter-Semester Period (22 months) Thesis Optiton Research Option Required Courses 6 credits 6 credits Elective Courses 18 credits 32 credits Option 24 credits 10 credits Total 48 credits 48 credits Concerned Faculty Prof.
Manukid Parnichkun Vice President for Academic and Research (VPAR) Staff Ms.
Saowaluck Maneerat Administrative Officer Ms.
Chawanrat Euafua Administrative Officer Ms.
Chaowaret Sudsaweang Administrative Secretary Contact Us Ms. Sowaluck Maneerat Department of Industrial Systems Engineering (ISE) School of Engineering and Technology (SET) Asian Institute of Technology Phone: +66 (01)2 524 5694 Email: saowaluck@ait.ac.th Apply Now Program brochure For more information +66 (0)2 524 6061 saowaluck@ait.ac.th

Important Links:
Apply Now: https://ait.ac.th/apply-online/
Program brochure: https://ait.ac.th/wp-content/uploads/2022/05/brochure-MMI_2024.pdf",https://ait.ac.th/program/mechatronics-and-machine-intelligence-mmi
"Industrial Systems Engineering (ISE) Introduction / Background The Industrial Systems Engineering (ISE) program addresses the systematic design, optimization, and operation of integrated engineering systems involving people, equipment, materials, data, and processes. It provides a rigorous engineering framework for improving productivity, reliability, quality, and sustainability across industrial and technological systems, in response to the increasing complexity and technological intensity of modern industries. The ISE program brings together specialized tracks in Industrial and Manufacturing Engineering, Mechatronics and Machine Intelligence, Biomedical Engineering, Semiconductor Engineering, and Artificial Intelligence of Things and Signal Processing. This integrated structure enables students to develop strong engineering foundations while gaining exposure to advanced technologies that support smart manufacturing, intelligent systems, and high-value industrial applications. Areas of Specialization The Industrial Systems Engineering (ISE) program offers the following areas of specialization: Artificial Intelligence of Things and Signal Processing (AIoT) Industrial and Manufacturing Engineering (IME) Mechatronics and Machine Intelligence (MMI) Biomedical Engineering (BME) Semiconductor Engineering (SCE) Focus Areas The Industrial Systems Engineering (ISE) program focuses on applied research and advanced engineering development in the following areas: Industrial Systems and Quality Engineering Industrial systems design and optimization Production and operations systems Quality management and continuous improvement Logistics and supply chain systems Intelligent Systems, Robotics, and Automation Intelligent vehicles and autonomous systems Robot manipulators and cooperative robotics Automated Guided Vehicles (AGV) and Laser Guided Vehicles (LGV) Rehabilitation machines and assistive robotic systems Exoskeleton systems and human–machine interaction Mechatronics and Embedded Engineering Systems Mechatronic system design and integration Embedded and real-time control systems Sensor-based systems and industrial instrumentation Biomedical Engineering and Medical Technologies Biomaterials and biosensors Prosthetics and assistive devices Medical instrumentation and diagnostic systems Medical and rehabilitation robotics Semiconductor and Electronic Engineering Systems Electronic and semiconductor-based systems Device integration for industrial and medical applications Electronics and communication hardware for engineering systems AIoT and Smart Connected Engineering Systems Industrial IoT system design and implementation Sensing, monitoring, and control systems Wireless and mobile technologies for connected devices AI-enabled sensing and automation for engineering applications Preferred Background Master’s Program Applicants should hold an undergraduate degree in engineering or related applied science disciplines with a strong quantitative background, such as industrial, manufacturing, mechanical, electrical, electronics, mechatronics, computer, biomedical engineering, or other relevant fields. Doctoral Program Applicants should hold a relevant master’s degree in engineering or applied sciences aligned with the focus areas of the Industrial Systems Engineering program. Concerned Faculty Prof.
Attaphongse Taparugssanagorn Professor Dr.
Branesh Madhavan Pillai Assistant Professor Prof.
Manukid Parnichkun Vice President for Academic and Research (VPAR) Prof.
Mongkol Ekpanyapong Director AI Center Associate Professor Dr.
Pisut Koomsap Assoc. Professor Contact Information Phone: +66 (0)2 524 6601 Email: tech_admission@ait.ac.th Apply Now For more information +66 (0)2 524 6601 tech_admission@ait.ac.th

Important Links:
Apply Now: https://ait.ac.th/apply-online/",https://ait.ac.th/program/industrial-systems-engineering-ise
"Biomedical Engineering (BME) Area of Specialization under the Industrial Systems Engineering (ISE) program Biomedical Engineering (BME) is a new interdisciplinary academic program merging robotics, biological, and medical sciences, tailored for students with scientific backgrounds in chemistry, biology, health & life sciences, medicine, nursing, engineering fields, and biomedical fields. Housed under the School of Engineering and Technology (SET) and launched within the Industrial Systems Engineering (ISE) department, the Master program is designed to train future professionals who will play a crucial role in the regional medical sector in the coming years. Medical Engineering, broadly defined, seeks to enhance health quality by delivering technologically advanced solutions customized for clients, innovating modern medicine through engineering methods and tools; this approach addresses healthcare challenges and creates new opportunities in both academia and industry. Research Focus Area Biomaterials Biosensors Nanomaterials and Coatings Prosthetics Medical Instrumentation Medical Robotics Preferred Background The program is open to all Science and Engineering student who are currently studying or working or doing research in any of the following fields: Science: chemistry, biology, health and life sciences, medicine, nursing, biochemistry, natural sciences, material sciences, physics. Engineering: biomedical engineering, chemical engineering, mechanical engineering, and robotics or electronic engineering. Medical: Medicine, radiology, dentistry, pharmacy, nursing Opportunities Students have the opportunity to obtain a “Minor in Entrepreneurship” during their studies. Students will learn entrepreneurial and business skills helping them in their future job or to start their own company. Details are at this link: https://ait.ac.th/study/minor-in-entrepreneurship Other opportunities are Exchange at another university and Internship at a company. All those opportunities count for 12 credits and integrated into the curriculum. Course Structure During the first two semesters, master’s students are expected to complete the coursework requirement. In summary, a master’s student in Medical Engineering (MDE) follows: AUGUST SEMESTER Course ID Course Title Credits Remark AT86.01 Biomaterials for Medical Engineers 3(30-45) Required AT86.02 Physiology for Medical Engineering 3(30-45) Required AT86.03 Biomechanics 3(30-45) Elective AT74.03 Sensing and Actuation 3(30-45) Elective AT72.03 Statistical Models and Design of Experiments 3(45-0) Elective AT84.01 Nano-Micro Fabrication Technology 3(45-0) Elective AT84.9001 In the Mind of the Entrepreneur – Part A 1.5(22.5-0) Elective AT82.03 Machine Learning 3(45-0) Elective AT81.15 Embedded Systems Architecture 3(45-0) Elective JANUARY SEMESTER AT84.07 Biosensors and Bioelectronics 3(30-45) Required AT86.05 Medical Instrumentation and Imaging 3(30-45) Elective AT86.04 Tissue Engineering and Prosthetics 3(30-45) Elective AT84.06 Biomimetics 3(30-45) Elective AT74.05 AI and Neuro-Fuzzy Theory 3(45-0) Elective AT84.11 Entrepreneur in Action 3(15-90) Elective AT74.06 Pattern Recognition and Image
Processing 3(30-45) Elective AT82.09 Human-Computer Interaction and Information Visualization 3(45-0) Elective In the Mind of the Entrepreneur – Part B 3(45-0) Elective Note: The following elective courses are suggested whether the student wants to pursue a
specialization in “Biomechanical engineering and Neuro-control” (BENC): AT86.02 – Physiology for Medical Engineering AT86.03 – Biomechanics AT86.04 – Tissue Engineering and Prosthetics AT74.05 – AI and Neuro-Fuzzy Theory AT82.09 – Human-Computer Interaction and Information Visualization The following elective courses are suggested whether the student wants to pursue a
specialization in “Sensing and Imaging for Healthcare (SI4H)”: AT86.02 – Physiology for Medical Engineering AT86.05 – Medical Instrumentation and Imaging AT84.01 – Nano-Micro Fabrication Technologies AT84.06 – Biomimetics AT84.08 – Nanomaterials and Nanotechnology Master Program Duration Thesis Option Research Option Required Courses 9 credits 9 credits Elective Courses 17 credits 27 credits Option 22 credits 12 credits Total 48 credits 48 credits Doctoral Program The Doctoral program requires a minimum of 84 credits, including a minimum of 12 credits of coursework at AIT, which may include 3 credits of special study. This minimum credit requirement must be completed before the student is advanced to candidacy. The dissertation is worth 72 credits for the regular doctoral program. Concerned Faculty Prof.
Dieter Trau Professor, Director Prof.
Manukid Parnichkun Vice President for Academic and Research (VPAR) Dr.
Branesh Madhavan Pillai Assistant Professor Staff Ms.
Saowaluck Maneerat Administrative Officer Ms.
Chaowaret Sudsaweang Administrative Secretary Ms.
Chawanrat Euafua Administrative Officer Testimonials from Current Students “As a pioneer student, I’ve learned that the path of discovery is often paved with uncertainties. Yet, with each step into the unknown, I have realized that overcoming apprehensions is the gateway to profound growth. Every class, every challenge as a student of Medical engineering at AIT has shaped who I am today. We are the architects of our futures, equipped with the knowledge to build bridges where there were gaps. Here is to embracing the challenges, cherishing the victories, and carrying the pioneering spirit forward. The best is yet to come.” – Zainoor Ahmad Choudhry, 1st year student “As a current student in Medical Engineering (MDE), I am passionate about using technology to improve healthcare. Every day, I am inspired by the potential of this field to make a real difference in people’s lives. I see Medical Engineering as a bridge between medicine and technology, where innovation meets compassion. My studies are not just about learning; they are about preparing to contribute to a field that has the power to change the world for the better.” – Napasorn Wora-anuwattanakul, 1st year student Highlights Our program is uniquely designed to enhance students’ education and careers. Unlike traditional biomedical courses, it emphasizes a dynamic, hands-on approach, blending classroom instruction with practical experiences. The curriculum focuses on real-world applications, ensuring that students not only grasp theoretical concepts but also develop practical skills. We are committed to societal improvement through sustainable development, encouraging students to apply their knowledge for a positive impact. The international academic environment fosters a global perspective and cultural diversity. Our faculty and staff bring strong expertise to guide students throughout their academic journey, actively involving students in research initiatives contributing to medical engineering advancements, especially in the following areas: biomaterials, prosthetics, and instrumentation. Strategically aligned with industry needs, our program provides access to diverse job opportunities. The acquired skill set enhances graduates’ competitiveness and opens doors to a range of career prospects. We aim to prepare the next generation of medical engineers, emphasizing not only academic excellence but also nurturing individuals equipped to drive innovation in healthcare and technology. AT86.02 class partnering with Siriraj hospital, Mahidol University. Apply Now For more information +66(0)2524 6606 parin@ait.ac.th Find more information

Important Links:
Apply Now: https://ait.ac.th/apply-online/",https://ait.ac.th/program/biomedical-engineering-bme
"Remote Sensing and Geographic Information Systems (RS-GIS) Introduction / Background The Remote Sensing and Geographic Information Systems (RSGIS) program provides advanced education in the collection, processing, analysis, and application of geospatial data. The program emphasizes the use of satellite, airborne, and ground-based observation technologies, together with GIS and spatial analysis methods, to support sound, evidence-based analysis and informed decision-making. Recent advances in Earth observation technologies have significantly increased the availability, resolution, and diversity of spatial data. Contemporary geospatial practice therefore, places strong emphasis on analytical capability and methodological rigor, enabling the integration of multi-source datasets and the extraction of meaningful information from large volumes of spatial data. The RSGIS program addresses these requirements through rigorous coursework and applied geospatial analysis. RSGIS is inherently multidisciplinary, drawing on principles from geography, engineering, computer science, environmental science, and applied mathematics. The program integrates core geospatial technologies with computational methods and emerging approaches, including machine learning and cloud-based geospatial platforms, ensuring relevance to current professional practice and adaptability to future developments. The RSGIS program develops graduates with strong foundations in Remote Sensing, GIS, GNSS, and spatial analysis, supported by advanced coursework and research-oriented learning. Graduates are prepared to work effectively with contemporary geospatial systems and analytical environments, and to apply geospatial information in professional, research, and policy-related contexts. Career opportunities span government agencies, industry, research institutions, and international organizations where geospatial information plays an essential role. Focus Areas Advanced Geographic Information Systems (GIS) and Spatial Analysis Remote Sensing and Earth Observation Technologies Geospatial Transformation and Digital Surveying Technologies Microwave Remote Sensing and InSAR Applications Geospatial Data Analytics and Geo-Predictive Modeling Machine Learning and Deep Learning for Geospatial Applications Big Spatial Data and Time-Series Analysis Web-based GIS and Location-Based Services (LBS) 3D GIS, City Models, and Digital Twins Environmental and Climate-Focused Geospatial Applications Disaster Risk Assessment and Geospatial Decision Support Health GIS and Spatial Epidemiology Preferred Background Master’s Program The RSGIS program welcomes applicants from engineering, science, and related disciplines. Typical backgrounds include information and computer sciences; engineering and built-environment fields (such as engineering, architecture, and urban or regional planning); earth, environmental, and natural resource disciplines (including oceanography, agriculture, forestry, and fisheries); as well as social science disciplines, provided applicants have relevant professional experience in geospatial or spatially related fields. Doctoral Program Applicants should hold a relevant master’s degree in Remote Sensing and GIS or a closely related field aligned with the intended research area. Concerned Faculty Prof.
Nitin Kumar Tripathi Professor Director SDP Dr.
Sarawut Ninsawat Dean Dr.
Salvatore G.P. Virdis Associate Professor Contact Information Phone: +66 (0)2 524 6601 Email: tech_admission@ait.ac.th Apply Now For more information +66 (0)2 524 6601 tech_admission@ait.ac.th

Important Links:
Apply Now: https://ait.ac.th/apply-online/",https://ait.ac.th/program/remote-sensing-and-geographic-information-systems-rs-gis
"Gender and Development Studies (GDS) Introduction / Background Gender and Development Studies (GDS) develops scholars, analysts and practitioners who can integrate gender approaches in to development planning and management, and conduct original gender and development-related research for advancing development goals, including the Sustainable Development Goals, globally and in Asia. As an academic arm of community-based efforts for gender equality and for the advancement of rights and inclusion of women and individuals of all sexual orientation and gender identity expression, GDS aims to be a center of excellence in gender and development studies by integrating gender equality as a key intellectual perspective and ethical concern in sustainable development. In order to achieve this vision, GDS Trains specialists in gender and development; Increases gender awareness among technology, management and development professionals; Generates knowledge through interdisciplinary research and publications in technology, development, and gender relations in Asian societies; Assists other institutions in Asia to strengthen gender studies through training, research and outreach; and Functions as an academic arm of community-based efforts for the advancement of women and sustainable development and individuals of all sexual orientations and gender identity expression Areas of Specialization All students enrolled at GDS will be specializing in gender and development studies. Focus Areas Gender transformative approach to development Gender analysis/ assessment of policy/ programs/ organizations/ communities Gender and forced displacement/ migration Gender and culture Gender and labor/ care work Gender politics and human rights Science, technology and gender Gender based violence and social justice Gender, peace and security Preferred Background Gender and Development Studies (GDS) is an interdisciplinary and practice-oriented academic program committed to realize gender and social inclusion (GESI) in Asia and beyond through impactful research and practice. As such, GDS prefers applicants who are strongly committed to GESI values. For master program, undergraduate students’ qualifications are normally in a social sciences or humanities subject but other backgrounds are also welcome. The first semester offers basic course that will introduce gender and development perspectives in order to prepare students from various backgrounds to follow GDS courses. For PhD program, master’s degree in social sciences or humanities subject are preferred. Course Structure Required courses: Gender and development: Principles and concepts Science, technology and gender Gender, culture and human development Gender and human rights Elective courses: Gender and labor migration in Asia Gender and the economy Forced migration and human trafficking in the Greater Mekong Sub-region Design, Data, and Justice in a Digital World SOGIESC and Inclusive Development Gender, power and politics Gender analysis and gender responsive development planning Gender, peace and security – Qualitative Research Methods for Development – Quantitative Research Methods for Development Concerned Faculty Prof.
Kyoko Kusakabe Professor Dr.
Joyee S. Chatterjee Associate Professor Dr.
Duanghathai Buranajaroenkij Assistant Professor Prof.
Paula Banerjee IDRC Endowed Research Chair on Gender and Forced Displacement Dr.
Julaikha Bente Hossain Senior Research Specialist and Affiliated faculty Concerned Staff Members Ms. Agnes Pardilla Tayson Administrative Staff Ms. Usanee Nimdang Administrative Staff Mr. Nikorn Asakati Technical Staff Ms. Naphassorn Chaimongkol Administrative Officer Ms. Sunisa Charoenna Administrative Officer Mr. Thanakorn Khamtha Technical Staff Contact Information Ms. Usanee Nimdang Email: usaneen@ait.ac.th Apply Now For more information (+66-2) 524-6387 usaneen@ait.ac.th

Important Links:
Apply Now: https://admission.ait.ac.th/aoas/Applicant/FirstPage.aspx",https://ait.ac.th/program/gender-and-development-studies
"Urban Innovation and Sustainability (UIS) Area of Specialization under the Climate Change, Disaster and Urban Sustainability (CCDUS) Program To visit the academic program page, click here Urban Innovation and Sustainability (UIS) program aims to enhance the capacity of professionals in coping with growing and complex urban needs, challenges and opportunities. Innovation refers to the development of new technologies such that they denote physical objects (e.g. products, services) and knowledge systems (e.g. methods, systems), and sustainability transition aims to meet socio-ecological system needs in ways that promote healthy ecosystems, human well-being, and viable economies. The program covers systems approach of multi-scale and cross-sector, and multi-agent connectivity and decision making. It also applies different methods of enhancing capacity, for emerging themes, e.g., ageing society, circular economy, smart buildings, responsible tourism and consumption, healthy and inclusive cities, etc. FOCUS AREAS Innovation and Sustainability Urban Population and Health Sustainable Tourism Urban Landscape Digital Innovation for Build Environment Urban Economics and Finance Global Cities Urban Governance Urban Sustainability Design Eco-Innovation PREFERRED BACKGROUND Master and Doctoral Program Undergraduate degree in any field of study COURSE STRUCTURE Course Course Title Credits Remark Semester ED79.22 Urban Environmental Planning and Management Workshop 3 Required Spring ED79.23 UEM Research Methods and Techniques 1 Required Spring ED79.9011 Global Cities and Climate Change 2 General Fall ED79.9012 Urban Geography and Spatial Analysis 3 General Spring ED79.9013 Urban Resilience Assessment 2 General InterSem ED92.01 Urban Systems, Innovation and Sustainability 3 Required InterSem ED92.02 Urban Planning and Design 3 General Fall ED92.03 Urban Air Quality Management 2 General Fall ED92.04 Urban Innovation and Sustainability Workshop 3 Required Spring ED92.05 Digital/ICT Innovation for Built Environment 3 General Spring ED92.06 Urban Population and Health 2 General Spring ED92.07 Urban Eco-Innovation and Circular Economy 3 General Spring ED92.08 Sustainable Tourism and Urban Landscape 2 General InterSem ED79.01 Urban Environmental Management Systems 3 Required Fall ED79.03 Urban Planning and the Built-Environment 3 General Spring ED79.04 Environmental Science and Technology for Decision Makers 3 General Fall ED79.07 Disaster Management in Urban Environmental Planning 3 General Spring ED79.12 Management of Urban Housing, Infrastructure and Services 3 General Fall ED79.13 Strategic Environmental Assessment for Urban Development 3 General Spring ED79.14 Governance and Urban Management 3 General Spring ED79.15 Urban Economics and Finance 3 General Spring ED79.19 Assessment and Implementation of Development Projects 3 General Fall ED79.21 Mega-City Development and Management 3 General Spring ED79.9007 Urban Governance and Economics for Holistic Waste Service Delivery 2 General InterSem ED79.9008 Spatial Analysis for Urban Environmental Management 2 General InterSem Minor details A student who successfully completes the following four 12-credit courses would receive a minor in UIS (formerly UEM). ED92.01 Urban Systems, Innovation and Sustainability 3 Required InterSem ED92.02 Urban Planning and Design 3 General Fall ED92.03 Urban Air Quality Management 2 General Fall ED92.07 Urban Eco-Innovation and Circular Economy 3 General Spring CONCERNED FACULTY Prof.
Vilas Nitivattananon Professor Assoc.
Prof.
Dr.
Thi Phuoc Lai Nguyen Dean Dr.
Malay Kumar Pramanik Assistant Professor Dr.
Yasmin Bhattacharya Adjunct Faculty Apply Now For more information +66 (0) 2524 6387 dds-admissions@ait.ac.th

Important Links:
Apply Now: https://admission.ait.ac.th/aoas/Applicant/FirstPage.aspx

Additional Resources Found:
Context: To visit the academic program page,click here -> URL: https://dds.ait.ac.th/urban-innovation-and-sustainability-uis/",https://ait.ac.th/program/urban-innovation-and-sustainability
"Development Planning Management and Innovation (DPMI) To visit the academic program page, click here FOCUS AREAS Rural and Regional Planning Rural Urban Relations and rural vitalization Development Policy and Governance Poverty Reduction Agricultural Development and zero hunger NGOs and Development Administration Management of Change Social Innovation and Sustainability Science, Technology and Innovation Decentralization and Governance TYPE OF DEGREES OFFERED Doctor of Philosophy (PhD) Master of Philosophy (MPhil) Master by Research (MSc) One year Master Flexible Master Diploma degree PREFERRED BACKGROUND Master Program Applicants are required to have a Bachelor degree in social sciences, and development studies or any related discipline. Doctoral Program Applicants must hold a Master degree in any of the above disciplines COURSE STRUCTURE List of courses Take 2 credits out of the following courses Course Course Title Credits Remark Semester ED93.01 Development Policy and Practice 1 Required Fall ED93.02 Agricultural Development and Social Innovation 3 General Fall ED93.03 Development Project Planning and Management 2 General Spring ED93.04 Development Planning Workshop 3 Required Spring ED93.05 Community Development Planning and Management 3 General Spring ED93.06 Innovation and Sustainable Development 2 General Spring ED93.07 Information & Communication Technologies for Development 2 General Spring ED93.08 Managing Disparities 1 General InterSem ED93.9001 Governance and Socio-ecological Systems 2 General Fall ED77.15 NGO Management, Policy and Development Administration 3 General Spring ED52.9006 Quantitative Research Methods I 2 Elective Inter-program Fall ED52.9007 Quantitative Research Methods II 2 Elective Inter-program Fall ED52.9008 Qualitative Research Methods 2 Elective Inter-program Spring ED87.05 Design Thinking, and Innovations in Healthy Food Product Development 2 Elective Inter-program Spring ED86.15 Bioenergy 3 Elective Inter-program Spring ED87.01 Food Safety Standardizations, Risk Management and Traceability Systems 4 Elective Inter-program Fall ED95.02 Science, Society and Environmental Governance 3 Elective Inter-program Fall ED95.05 International Environmental Governance 3 Elective Inter-program InterSem ED82.9008 Community and Climate Adaptation 1 Elective Inter-program Fall IN84.31 Human Conflicts and Humanitarian Emergency Management 3 Elective Inter-program Spring Managing Technology & Innovation Elective Inter-program Integrated Water Resources Management Elective Inter-program Required Courses Course Course Title Credits Remark Semester ED93.01 Development Policy and Practice 3 Required Fall ED93.04 Development Planning Workshop 3 Required Spring Elective Courses Course Course Title Credits Remark Semester ED93.02 Agricultural Development and Social Innovation 3 General Fall ED93.03 Development Project Planning and Management 2 General Spring ED93.05 Community Development Planning and Management 3 General Spring ED93.9001 Governance and Socio-ecological Systems 2 General Fall ED77.15 NGO Management, Policy and Development Administration 3 General Spring CONCERNED FACULTY Prof.
Mokbul Morshed Ahmad Professor Assoc.
Prof.
Dr.
Thi Phuoc Lai Nguyen Dean Dr.
Jitti Mungkalasiri Adjunct Faculty Dr.
Suwussa Bamrungsap Adjunct Faculty Apply Now For more information +66 (0) 2524 6387 dds-admissions@ait.ac.th

Important Links:
Apply Now: https://dds.ait.ac.th

Additional Resources Found:
Context: To visit the academic program page,click here -> URL: https://dds.ait.ac.th/development-planning-management-and-innovation-dpmi/",https://ait.ac.th/program/development-planning-management-and-innovation
"Development and Sustainability (DS) To visit the academic program page, click here To offer a generalist master’s program based on an interdisciplinary approach to international sustainable development. The aim is to build upon shared expertise in the Department of Development and Sustainability (DDS) and offering an academic program that has a broader scope than current academic offerings, which are very specialized. A broader and less specialized program will be especially attractive to institutions looking for managers with a broad knowledge of development issues, and candidates who may not want to narrow their academic and research skills but rather get a broader understanding of development issues in the region. The program also responds to the needs for capacity building regarding the United Nations Sustainable Development Goals (SDGs) in the Asian region and beyond in ways these other programs do not since the concept of sustainability calls for expertise in both the environmental and social dimensions of long-term development. FOCUS AREAS Sustainable Development Environmental Sustainability Social Sustainability Poverty Reduction Social Development Gender and Development Interdisciplinary Approach Industry and Innovations Sustainable Communities Life-long Learning PREFERRED BACKGROUND Master and Doctoral Program Undergraduate degree in any field of study COURSE STRUCTURE List of courses each program in the Department of Development and Sustainability Course Code Course title Credits Remark Semester ED84.01 Public Policy 2 Required InterSem ED84.02 Development Economics 2 Required Fall ED84.03 Social Impact Assessment 2 General Spring ED52.01 Statistics for Development Studies 1 Required Spring ED52.02 Introduction to Research Design and Methods 1 Required Fall ED52.03 Introduction to Development and Sustainability 2 Required Fall ED52.9004 Quantitative Analysis Using R 1 General InterSem ED52.9005 Introduction to Research Design 2 General Fall ED52.9006 Quantitative Research Methods I 2 General Fall ED52.9007 Quantitative Research Methods II 2 General Fall ED52.9008 Qualitative Research Methods 2 General Spring Minor details
Total 16 Credits of Elective Course:
Minimum of 2 credits and maximum of 5 credits from each program out of DPMI, GDS, NRM and UIS
Maximum 3 credits from any other courses including SET and SOM
Total 12 Credits of For students to qualify for the Minor Degree in DS, they would need to complete a set of 12 credits as stipulated below: Code Course Credits Semester ED84.01 Public Policy 2 (2-0) Intersem ED84.02 Development Economics 2 (2-0) Fall ED84.03 Social Impact Assessment 2 (2-0) Spring ED52.03 Introduction to Development and Sustainability 2 (2-0) Fall ##Subtotal## ##8 credits## Take 2 credits out of the following courses Code Course Credits Semester ED52.9006 Quantitative Research Methods I 2 (1-2) Fall ED52.9007 Quantitative Research Methods II 2 (1.5-1.5) Fall ED52.9008 Qualitative Research Methods 2 (1-2) Spring ##Subtotal## ##2 credits## Take 2 credits out of the following courses ED75.14 Gender and Development: Principles and Concept 2 (2-0) Fall ED76.9015 Resources Assessment and Mapping 2 (2-0) Spring ED77.21 Development Project Planning and Management 2 (2-0) Spring ED79.9013 Urban Resilience Assessment 2 (2-0) Intersem ##Subtotal## ##2 credits## ##Grand total## ##12 credits## CONCERNED FACULTY Prof.
ATM Nurul Amin Emeritus Professor Prof.
Karl E.Weber Emeritus Professor Prof.
Kyoko Kusakabe Professor Prof.
Mokbul Morshed Ahmad Professor Prof.
Nophea Sasaki Adjunct Faculty Prof.
Rajendra P. Shrestha Professor Prof.
Vilas Nitivattananon Professor Dr.
Philippe Doneys Associate Professor Assoc.
Prof.
Dr.
Thi Phuoc Lai Nguyen Dean Dr.
Takuji W. Tsusaka Associate Professor Dr.
Joyee S. Chatterjee Associate Professor Dr.
Indrajit Pal Associate Professor and Chair of Disaster Preparedness, Mitigation and Management Dr.
Julaikha Bente Hossain Senior Research Specialist and Affiliated faculty Dr. Duanghathai Buranajaroenkij Adjunct Faculty Apply Now For more information +66 (0) 2524 6387 dds-admissions@ait.ac.th

Important Links:
Apply Now: https://ait.ac.th/apply-online/

Additional Resources Found:
Context: To visit the academic program page,click here -> URL: https://dds.ait.ac.th/development-and-sustainability-program-dsp/",https://ait.ac.th/program/development-and-sustainability
"Climate Change and Sustainable Development (CCSD) Area of Specialization under the Climate Change, Disaster and Urban Sustainability (CCDUS) Program To visit the academic program page, click here Climate Change and Sustainable Development (CCSD) Program at AIT is designed to produce professionals capable of assessing, finding options and delivering them for low carbon and climate resilient development. We offer Certificate, Master’s and Doctoral degrees, and provide opportunities for students to specialize in specific or sectoral topics, such as energy, agriculture-land-use-and-forest, water, infrastructure, disaster, development, policy, financing etc. The program is also tailored to conduct cutting-edge and solution-oriented research in climate change in an interdisciplinary setting. Our research focuses on low carbon and climate resilient communities, greenhouse gas accounting, technology needs, climate policy assessment, climate financing, disaster and risk management, impact and adaptation to climate change in water, land, agriculture, and their nexus. Science has said that the stabilization of global climate change is possible and we “can” substantially reduce the risks imposed by climate change. This requires new knowledge and consolidated actions. We thrive to develop next-generation climate leaders ready to take on these challenges and take-on new research frontiers to build a better knowledge base and facilitate actions. Focus Areas Climate Change Sustainable Development Climate negotiation Climate finance Climate change mitigation Adaptation to climate change Carbon policy and market Climate impacts and vulnerability Climate-resilient society Climate smart Preferred Background Bachelor’s degree in science, engineering, social science, humanities, or management. Course Structure Course Name Credits (Lecture hrs. – Lab hrs.) Course Type Semester Offered Introduction to Climate Change and Sustainability 3(45–0) Required August Science of Climate Change and Impacts 2(30-0) Elective August Climate Change Mitigation 2(30-0) Elective January Economics of Climate Change 2(30-0) Elective January Adaptation to Climate Change: Policies and Practices 2(30-0) Elective Inter-sem Climate Change and Sustainable Development Seminars 2(30-15) Elective January Co-production for Climate Adaptation 3(45-0) Elective January Climate Compatible and Sustainable Infrastructure Development 3(45-0) Elective August Analytical Tools for Climate Change Adaptation at Local Level 3(45-0) Elective August Concerned Faculty Prof.
Mokbul Morshed Ahmad Professor Prof.
Nophea Sasaki Adjunct Faculty Prof. P. Abdul Salam Professor Prof.
Rajendra P. Shrestha Professor Prof.
Shobhakar Dhakal Professor Prof.
Sivanappan Kumar Emeritus Professor Prof.
Vilas Nitivattananon Professor Prof.
Avishek Datta Professor Dr.
Indrajit Pal Associate Professor and Chair of Disaster Preparedness, Mitigation and Management Assoc.
Prof.
Dr.
Thi Phuoc Lai Nguyen Dean Apply Now For more information +66 2 524 5440 eecc-communications@ait.ac.th

Important Links:
Apply Now: https://www.facebook.com/EECCAIT

Additional Resources Found:
Context: To visit the academic program page,click here -> URL: https://ecc.ait.asia/",https://ait.ac.th/program/climate-change-and-sustainable-development-ccsd
"Agricultural Systems And Engineering (ASE) In response to regional demand for professional training, two areas of specialization are
offered: Agricultural Systems (AS) and Agricultural Engineering (AE). Students are trained to develop, adopt, and disseminate knowledge that focus on the utilization of technologies and management of biological and agricultural systems and natural
resources. Both AS and AE are in a productive alliance to complement each other within the wide spectrum of activities being undertaken at Agricultural Systems and Engineering (ASE). The ASE places its emphasis on sustainable agricultural
development based on a holistic understanding of agronomic and biophysical production factors, from the perspective of producers and the effects of economic and social forces on agricultural enterprises. It highlights the application of biological sciences, engineering, socio-economic policies and programs, and support services to agriculture to increase the efficiency of agricultural production systems through availability and efficient use of inputs and management of natural resources. FOCUS AREAS Agricultural Systems (AS) Crop Water Management Crop Tolerance to Soil and Environment Stresses Climate Change Adaptation and Food Security Climate-Smart Agriculture Sustainable Crop Production Conservation Agriculture Crop Nutrient/Pest Management Agricultural Engineering (AE) Precision Agriculture Cropping System Modelling IoT and Drones in Smart Agriculture On-Farm Irrigation Water Management Agricultural Machinery and Mechanization Artificial Intelligence and Big Data in Agriculture Remote Sensing and GIS Applications in Agriculture PREFERRED BACKGROUND Bachelor of Science and Biological Sciences Bachelor of Agricultural/Electronics/Biotechnology/Mechanical Engineering Bachelor of Computer Science/or Any Relevant Engineering Discipline Bachelor of Science in Agriculture Bachelor of Food Science and Technology Bachelor of Dairy Technology Bachelor of Science in Biochemistry Bachelor of Science Biotechnology COURSE STRUCTURE Course Code Course Number of Credits Description/Course Objective Semester ED70.03 Agricultural Systems Analysis 3 Agricultural systems with biological components interacting with social and economic elements are extremely complex in nature. This course is designed to introduce concepts and techniques of systems analysis in an agricultural context and to illustrate the value of holistic approach through a number of quite different case studies. The manager or the administrator of such a system constantly looks forward to those techniques or methods, which helps him in planning, scheduling and controlling the activities in the system. The course should help students in identifying rational ways to improve the efficiency of agricultural systems. Jan Sem ED70.05 Design and Testing of Agricultural Equipment 3 This course is essential for practicing design engineers, providing combined theoretical and practical techniques as well as using computer graphic design that can improve the design efficiency and improvement in performance of agricultural equipment through standard testing and evaluation. Students will have their opportunities to use engineering principle, innovation and computer aided design to develop selected machine and tool that appropriated to agricultural production in most of Asia. Aug Sem ED70.07 Agricultural Environments 3 Increased food production depends on judicious use of the changes of the environment, how they could be modified by land-management practices, and their consequences for land productivity. available agro-ecological resources. Therefore, maintenance of vegetation, management of pests, conservation and efficient management of soil, water and nutrients, and plant-residue management are essential components of appropriate land utilization. The selection of suitable crops and cropping systems and their management require knowledge of the climatic, physical and biotic determinants of plant growth, both in terms of their magnitude and quality. This course provides information on short-term and long-term. Aug Sem ED70.08 Crop Productivity Management 3 Crop productivity depends on eco-physiological conditions and crop management practices, and their interactions. Crops respond differently to soil and climatic conditions. The selection of suitable crops and crop-management practices for given geographical locations is critical for the sustainability of crop productivity. Crop productivity management demands a systems approach. Hence, understanding soil and aerial environments and their variability, performance of crops under such changing conditions while maintaining soil parameters that govern soil productivity are important in the overall management of crop productivity. This course provides students with an understanding of soil productivity, the dynamics of soil processes and their relevance for biomass production of crops. Aug Sem ED70.11 Farm Management Economics 3 To provide a framework for better understanding the operation and management of farming system by the subsistence and semi-subsistence farm household in the Asian region by (i) incorporation of the use of tools of farm management analysis in solving local problems, (ii) demonstration of the relationship of farm management research to policy formulation and its impact on farmers’ income; and, (iii) development of the students’ awareness of farm problems in different countries. Aug Sem ED70.12 Precision Agriculture 3 Precision agriculture is a new concept in production. The course aims to educate students to deal with the comprehensive approach to crop production planning and implementation. It deals with three key elements: information and advanced agricultural technologies, and management. Jan Sem ED70.13 Agricultural Soil Mechanics 3 Knowledge of soil-water interactions is necessary to understand the crop water response to inputs. Similarly, to design the mechanisms or systems and tools used in for off-road conditions and in soils knowledge of tillage and traction theories is essential. This course is designed to upgrade students with related theories and practices. Jan Sem ED70.14 Instrumentation and Measurement Techniques 3 There is no substitute for careful experimentation as well as analyses techniques interpreting experimental data in many areas of basic research and applied product development. It is mandatory to use reliable instruments and to follow standard procedures to obtain accurate results in experimental research. This course is designed to give students a sufficient background of analytical and experimental considerations of various instruments and how to use them for the measurement of various parameters some of which they might come across in their thesis research and further professional activities. Jan Sem ED70.16 Controlled Environment Agriculture 3 Intensive agricultural production in controlled environment is becoming popular to overcome limitations of agricultural land and vagaries of nature, especially for the production of high value crops. The objective of the course is to provide understanding of the factors involved in greenhouse and nursery production of high value crops and plants. Aug Sem ED70.17 Crop Eco-physiology and Modeling 3 Crop responses to physical, biotic and management parameters determine the magnitude and quality of yield. Physiological parameters determine the net assimilation in a crop system. Knowledge of physical, biotic and management parameters and their interactions will help ensure optimal productivity of cropping systems. Computer simulation models of the soil/crop/atmosphere system help understand the processes determining crop responses to changes in system components, predict crop performance under different location-specific conditions, and guide management decisions. Jan Sem ED70.18 Integrated Pest Management 3 Integrated pest management (IPM) has become the conceptual basis for small- and large-scale plant protection programs, throughout Asia. This course emphasizes the ecological basis of pest management, the techniques and experiences involved and place them in context with socio-economic aspects. Therefore, this course will be offered to provide guidance on how to approach pest management in its entirety and how to practically handle a case using a learning cycle approach, experimentation based on science. Jan Sem ED70.21 Agricultural Sector and Policy Analysis 3 To develop an understanding of the role of agriculture sector on economic growth and its policy impact on food security, income distribution and environmental improvement which are essential for sustainable development. Aug Sem ED70.24 Sustainable Agriculture: Production, Operations & Systems 3 Agricultural production systems differ widely in terms of their operations and performance. Selection of appropriate production system is largely influenced by (and vice-versa, affects to) the region’s prevailing demography, environment, economy and infrastructure which eventually determines the status of poverty and food security. This course provides broad knowledge of the various farm production activities carried out by suitable agricultural machines and equipment – in the broader context of sustainability. Energy input-output analysis approach is followed to meter and compare different operations and systems on sustainability yardstick. Aug Sem ED70.25 Sustainable Agriculture and Ecological Farming 3 To impart knowledge on major and emerging issues and viewpoints confronting modern, high-input industrialized agriculture and society in relation to conservation of the soil, environment and sustainable development through effective management of agricultural resources. Aug Sem ED70.9003 Smart Irrigation System 3 Smart irrigation systems can save a huge amount of water and help to achieve
agricultural sustainability. A significant amount of water is wasted if traditional
irrigation methods are used due to inefficiencies in irrigation, evaporation, and
overwatering. Smart irrigation systems use the latest technologies such as
sensors/models/IoT devices for real-time or historical data monitoring to provide
efficient irrigation schedules. The course provides students with an understanding
of applications of smart irrigation technologies to optimize water use for crops.
Students will also become familiar with variable rate irrigation (VRI) technology
and cropping system modeling. The course aims to educate students to better
understand and deal with sensor- and crop-model-based decision support tools for
efficient irrigation management using smart irrigation technologies. Aug Sem ED70.9004 Remote Sensing & GIS Applications in Agriculture 3 For optimum utilization of available agricultural land resources on a sustainable
basis, timely and reliable information regarding their nature, extent, spatial
distribution, potential and limitations are very important. The efficiency and
accuracy of data are improved when remote sensing data products and Geographic
Information Systems (GIS) are used. The course provides students with an
understanding of applications of spatial tools such as Remote Sensing, GIS, and
GPS for storing and analyzing spatial data that can help in decision-making in
agriculture. Students will also become familiar with applications of Remote
Sensing and GIS in the context of agriculture in the assessment of crop area extent,
identification of pest infestation, management of water resources, yield assessment
studies, agriculture disaster management, and precision agriculture. The course
aims to educate students to apply their new skills to one of several case studies in
topics on agriculture, pest management, crop monitoring, water resource
management, and risk assessment among others. Jan Sem The following courses have been identified to be offered as ‘Minor’ in the ASE Academic Program: Course code Course title Credit Semester ED70.07 Agricultural Environments 3(45-0) August ED70.03 Agricultural Systems Analysis 3(45-0) August ED70.08 Crop Productivity Management 3(45-0) August ED80.10 Statistical Methods for Research in Agribusiness 3(45-0) January PROGRAM BROCHURE Download Brochure CONCERNED FACULTY Prof.
Gajendra Singh Emeritus Professor Prof.
Avishek Datta Professor Dr.
Sushil Kumar Himanshu Associate Professor Dr.
Hayat Ullah Senior Research Specialist and Affiliated Faculty Program brochure

Important Links:
Program brochure: https://ait.ac.th/wp-content/uploads/2022/12/DFAB-Broucher-Updated-28.10.2022.pdf",https://ait.ac.th/program/agricultural-systems-and-engineering
"Agri-Business Management (ABM) Agriculture plays a vital role in the economic development of a majority of developing countries. Moreover, agriculture is the provider of food and feed to the world. The agro-industries are also contributing to the growing industrialization of developing countries leading to the increasing importance of agri-products. The development of agribusinesses is also influenced by trade policies. Thus, the management of agribusinesses requires a holistic skill set to navigate challenges posed by the inherently unpredictable nature of agricultural products and government policies. Agribusiness management has far-reaching consequences for many sustainable development goals, including but not limited to SDG1 (no poverty), SDG2 (zero hunger), SDG3 (good health and well-being), SDG5 (gender equality), SDG6 (clean water and sanitation), SDG8 (decent work and economic growth), SDG9 (industry, innovation, and infrastructure), SDG12 (responsible consumption and production), SDG13 (climate action).Thus, there is a need for sustainable transformation of agro-food enterprises which requires a new breed of agribusiness managers. Hence, the agribusiness management program at AIT caters to the unique needs of agribusiness professionals by equipping them with the knowledge and skills required to excel in globally competitive agro-industries. The agribusiness managers trained at AIT are market-ready to enhance the performance of small, medium, and large-scale enterprises. Agribusiness Management also aims at enhancing entrepreneurship among primary producers of agri-food products, and traders and other market intermediaries in the value chain. FOCUS AREAS Agribusiness Development Agricultural Sector and Policy Analysis Agri-Food Value Chain Management Agro-Industrial Systems Development Climate Smart Agriculture and Food Security Contributions of Agribusinesses Food Safety, Food Waste, and Standardization Innovations and Entrepreneurship in Agribusinesses Risk Management in Food Marketing Channels Sustainable Agro-Food Systems Sustainability Assessment of Agro-Industries PREFERRED BACKGROUND The applicant should hold a Bachelor’s degree in an appropriate field of study (for Master’s program), and Masters’s with coursework and thesis study (for Ph.D.). Eligible undergraduate degrees include: Agricultural Sciences, Environmental Sciences, Management Sciences, Social Sciences, or other relevant degree programs. Minimum GPA – 2.75 or equivalent at Bachelors level (for Master program) and 3.5 or equivalent at Masters level (for Ph.D.). COURSE STRUCTURE Course Code Course Number of Credits Description/Course Objective Semester ED80.03 Agribusiness Management: Principles and Practices 3 Agriculture has traditionally been viewed as a subsistence activity. This perspective is rapidly changing due to globalization of commercial food markets. Agribusiness management, bearing multi-disciplinary characteristics, covers aspects of policy, finance, technology and entrepreneurship. The course will provide a broad overview of agribusiness management and will introduce various contemporary issues in terms of their influence on agribusiness development. Furthermore, this course aims to equip students with theoretical principles of management, its functions, and its practical applications. Aug Sem ED80.04 Safety and Standardization of Food Products 3 To provide the students with knowledge on the need for greater quality assurance, standardization and traceability in the food systems. The course emphasizes food quality control as the mechanism for the prevention of food-borne illness and food spoilage at the “farm-to-fork” level. Aug Sem ED80.05 Agri-Food Supply Chain Management 3 This course provides broad knowledge of various management issues related to food supply chains, including farm level production to post-harvest management. The course discusses functioning of each sector of food supply chains and how these sectors can be coordinated and integrated to ensure availability of safe food. Jan Sem ED80.07 Marketing Management and Trade Policies in Agribusiness 3 This course provides students with marketing management skills and exposes them to issues of trade policies in agribusiness. It also examines how the issues of trade policies and marketing can be managed effectively. Aug Sem ED80.08 Applied Managerial and Agribusiness Economics 3 This course provides students with marketing management skills and exposes them to issues of trade policies in agribusiness. It also examines how the issues of trade policies and marketing can be managed effectively. Aug Sem ED80.09 Agro-Industrial Development 3 The objective of this course is to provide the framework and strategies of establishing and operating enterprises in the agro-industry for development.  The interactions among raw material supply, processing, factors affecting site selection and layout for retail, wholesale and processing enterprises will be important aspects of this course. Jan Sem ED80.10 Statistical Methods for Research in Agribusiness 3 This course provides students with statistical techniques and useful skills for collecting, designing, analyzing and interpretation of data that can be used in the research and decision making process in agribusiness environments. Jan Sem ED80.11 Analytical Techniques and Decision Tools for Agribusiness 3 Sound understanding and working knowledge of decision making techniques and tools are important in agribusiness management. This course provides understanding to quantitative decision-making methods for effective agribusiness management in resource allocation, scheduling, risk analysis, and forecasting. Emphasis is given to problem identification, model formulation and analysis, and interpretation of results under multiple criteria decision making conditions. Jan Sem Minor details : The following courses have been identified to be offered as ‘Minor’ in the ABM Academic Program Course code Course title Credit Semester ED80.03 Agribusiness Management: Principles and Practices 3(45-0) August ED80.07 Marketing Management and Trade Policies in Agribusiness 3(45-0) August ED80.09 Agro-Industrial Development 3(45-0) January ED80.10 Statistical Methods for Research in Agribusiness 3(45-0) January PROGRAM BROCHURE Download Brochure PROGRAM VIDEO CONCERNED FACULTY Prof.
Anil Kumar Anal Dean Prof.
Avishek Datta Professor Dr.
Farhad Zulfiqar Adjunct Faculty Dr.
Sushil Kumar Himanshu Associate Professor Dr.
Muhammad Yaseen Assistant Professor Apply Now For more information (+66) 0 2524 5450 manyuda@ait.ac.th

Important Links:
Apply Now: https://admission.ait.ac.th/aoas/Applicant/FirstPage.aspx",https://ait.ac.th/program/agri-business-management
"Professional Master’s Programme in Data Science and AI Applications (AIT-UNITAR PMDS) A Joint Collaboration between Asian Institute of Technology (AIT) & United Nations Institute for Training and Research (UNITAR) About the Program An internationally accredited Professional Master’s degree from AIT, in collaboration with UNITAR. Designed to equip students with advanced knowledge and skills in data science and AI applications. Offers a unique blend of theoretical foundations and practical applications, preparing graduates to tackle complex global challenges using data-driven solutions. Adopts a hybrid mode of instruction, combining physical class sessions at the AIT campus in Thailand with online sessions. Program Structure Official Degree Title: Master of Science (Professional) in Data Science and Artificial Intelligence Applications Total Credits: 30 credits Duration: 12 months (minimum) Curriculum Structure Technical Required Courses (12 credits): Computer Programming for Data Science Data Modeling and Data Management Fundamentals of Machine Learning Data Analytics for Business Intelligence Selected Topics / Elective Courses on Technology Ethics and Governance (12 credits): Data Privacy, Security, and Governance Selected Topic: AI Regulation and Governance Selected Topic: Techplomacy, Ethics, And Conflicts in Artificial Intelligence Selected Topic: Strategic Cybersecurity Governance Master’s Project (6 credits) Eligibility Requirements: Hold a Bachelor’s degree (normally from a four-year program), or its equivalent from an accredited institution in relevant areas with a minimum cumulative grade point average of 2.75 (4.0 scale); English Proficiency Requirement: AIT-EET: 6; IELTS Academic: overall 6 (writing 6); TOEFL iBT: overall 80 (writing 21-23); PTE Academic: overall 52 (writing 62-73); Minimum of 3 years of work experience in relevant areas. Program Schedule 2025-2026 Semester 1 : January-May Inter-semester : June-July Semester 2 : August-December Apply Now Program brochure For more information +66 (0)2524 5700 siripornn@ait.ac.th Find more information

Important Links:
Apply Now: https://ait.ac.th/apply-online/
Program brochure: https://ait.ac.th/wp-content/uploads/2025/03/PMDS-UNITAR.pdf",https://ait.ac.th/program/professional-masters-programme-in-data-science-and-ai-applications-ait-unitar-pmds
"Dual Degree Master’s Program in Semiconductor Engineering with the National Taipei University of Technology (Taipei Tech), Taiwan MSc. Semiconductor Engineering Program of the Department of Industrial Systems Engineering (ISE) of the Asian Institute of Technology (AIT), Thailand and MS in Semiconductor Engineering of Innovation Frontier Institute of Research for Science and Technology at the National Taipei University of Technology (Taipei Tech), Taiwan. About the Dual Degree The objective of this dual degree program is to prepare students for careers in semiconductor engineering, integrated circuit design, microelectronics, and related fields, by providing a strong theoretical and practical foundation that is necessary for careers in various sectors such as engineering consultancy, research, and academia. Advantages Students are awarded two Master’s degrees in two years: one from the Asian Institute of Technology (AIT), Thailand, and one from the National Taipei University of Technology (Taipei Tech), Taiwan. Students have the opportunity to network by studying in two institutions at AIT and Taipei Tech, enhancing both technical expertise and global practices in semiconductor engineering. Students acquire knowledge and skills from a comprehensive curriculum offered by both AIT and Taipei Tech, covering key aspects of semiconductor engineering, with opportunities to specialize in advanced topics like VLSI design, microelectronics, and automation technology. Students have the benefit of collaborating with AIT and Taipei Tech faculty and utilizing advanced research facilities to enhance their research study. Target Group This program is designed for highly motivated candidates, including fresh graduates and mid-level professionals with a background in Electrical Engineering or related fields, seeking global expertise in semiconductor engineering. Minimum Admission Requirements Holds a bachelor’s degree in Electrical Engineering or a closely related field (normally from a four-year program), or its equivalent. Have undergraduate grades significantly above average; the minimum GPA requirement for admission is 3.0 or equivalent. English proficiency requirement: IELTS 6.5 (writing 6 minimum) or TOEFL IBT: 80 (writing 21-23). Semester Aug – Dec (Year 1) Jan – May (Year 1) May – July (Intersem) Aug – Dec (Year 2) Jan – May (Year 2) Institute AIT (Thailand) AIT (Thailand) AIT (Thailand) Taipei Tech (Taiwan) Taipei Tech (Taiwan) Degree MSc in Semi- conductor Engineering (AIT) MSc in Semi- conductor Engineering (AIT) MSc in Semi- conductor Engineering (AIT) MSc in Semi- conductor Engineering (Taipei Tech) MSc in Semi- conductor Engineering (Taipei Tech) Admission Process Interested candidates must apply directly to either AIT (Option 1) or Taipei Tech (Option 2) on or before May 30. After submission, a joint selection committee from both institutions will review the applications based on academic merit and program suitability. Shortlisted candidates will be invited for an interview by faculty from both universities. Successful candidates will be jointly admitted to both AIT and Taipei Tech and will begin their studies at the designated institution. Scholarships & Internship Opportunities AIT and Taipei Tech offer scholarships and assistantships based on academic performance to help cover tuition and living expenses. Students will also have the opportunity to undertake internships at Delta Electronics (Thailand) and Taiwan Semiconductor Manufacturing Company Limited(TSMC). Concerned Faculty Prof.
Mongkol Ekpanyapong Director AI Center Associate Professor Prof.
Manukid Parnichkun Vice President for Academic and Research (VPAR) Dr.
Branesh Madhavan Pillai Assistant Professor Apply Now Program brochure For more information +66 (0) 2 524 6601 chaowaret@ait.ac.th

Important Links:
Apply Now: https://ait.ac.th/apply-online/
Program brochure: https://ait.ac.th/wp-content/uploads/2025/04/Dual-Degree-Semiconductor-Engineering-2025-v2.pdf.pdf",https://ait.ac.th/program/dual-degree-masters-program-in-semiconductor-engineering-with-the-national-taipei-university-of-technology-taipei-tech-taiwan
"Information & Communication Technologies (ICT) The information and Communications Technologies field is a newly established area of study in response to the need for the offering of a curriculum selectively drawn from the curricula of Telecommunications (TC), Computer Science, and Information Management (CSIM). With a strong emphasis on communications aspects — rather than on the aggregation of hardware, software, networks, equipment, and related industries — ICT recognizes the important role of information services and applications in the creation of a complete ICT infrastructure. Program Brochure Download Programs Master of Engineering, Master of Science, diploma, and certificate are offered. Research Focus Area Telecommunications Computer Science Information Management Information Services and Applications ICT Infrastructure Mobile Phone Application Information systems Preferred background Master Program Undergraduate degree in Computer Science or Computer Engineering, communications, telecommunications, electrical engineering, electronics, applied mathematics/statistics, and information systems. Doctoral Program Master’s degree in a field relevant to the chosen program of study. Course Structure Curriculum For the 1st and 2nd semesters, ICT students will take courses from CSIM and TC. A set of 2-4 new courses will be introduced to characterize the ICT features in the 2nd year. Course ID Course Title Credit Semester Remark AT80.01 Information and Communication Technology Applications: Users and Producers 3(2-3) August Required AT80.02 Information and Communication Technology Applications: Project Design 3(2-3) January Required AT80.03 ICT Applications: Project Implementation 3(2-3) InterSem Elective AT80.04 ICT Applications: Strategies and Technology Road-mapping 3(3-0) August Elective AT80.9001 Selected Topic: Information and Communication Technology Applications: Users and Producers 3(-) August Elective AT80.9002 Selected Topic: ICT Applications: Project Design 3(-) January Elective AT80.9003 Selected Topic: ICT Applications: Project Implementation 3(-) InterSem Elective AT80.9004 Selected Topic: Social Software for E-Learning 3(3-0) August Elective AT80.9005 Selected Topic: Design and Implementation Project of Mobile Phone Application 2(-) InterSem Elective AT80.9006 Selected Topic: Network Simulation and Modeling Using NS2 (Network Simulator 2) 3(-) InterSem Elective In ICT (Information and Communications Technologies), the minimum course requirements is 26 credits for Thesis option and 38 credits for research study option. Thesis Option Research Option Required Courses 9 credits 9 credits Elective Courses 15 credits 27 credits Institute Wide Elective Courses 2 credits 2 credits Option 22 credits 10 credits Total 48 credits * 48 credits * * The Institute-wide elective courses of 2 credits are included in the total course credits. Concerned Faculty Prof.
Attaphongse Taparugssanagorn Professor Dr.
Teerapat Sanguankotchakorn Associate Professor Staff Premma Rao Senior Administrative Officer Contact Us Premma Rao Information & Communication Technologies (ICT) Department of ICT Phone: +66 (0)2 524 5733 Email: maneemontra@ait.ac.th Apply Now Program brochure For more information +66 (0)2 524 5733 maneemontra@ait.ac.th

Important Links:
Apply Now: https://ait.ac.th/apply-online/
Program brochure: https://ait.ac.th/wp-content/uploads/2022/01/ICT-Brochure.pdf",https://ait.ac.th/program/information-communication-technologies
"Internet of Things (IoT) Systems Engineering Researchers estimate that within a few years from now, a whopping 20.4 billion Internet of Things (IoT) devices will be connected. This surge in the number of IoT devices in use will translate into a significant increase in the number of IoT jobs as well. Clearly, a job in IoT can pay well because of the rising demand, but candidates will require a combination of skills to ensure a promising IoT career. The new Master’s degree program “Internet of Things (IoT) Systems Engineering” is being offered by the School of Engineering and Technology (SET), Internet Education and Research Laboratory (intERLab), and minor and entrepreneurship program, Asian Institute of Technology (AIT) will be first-time launching in August 2020. Internship Opportunities with The following Partners: Data Science Research Laboratories, NEC Corporation, Tokyo, Japan Department of Electronics Science and Technology, Tongji University, China Fujitsu, Network Systems Laboratory, Kawasaki, Japan Fraunhofer Heinrich Hertz Institute (HHI), Wireless Communications and Networks, Berlin, Germany National Electronics and Computer Technology Center (NECTEC), Thailand Silicon Craft Technology, Thailand Equator Solar Capital, Thailand Delta Electronics, Thailand, PCL Bombardier, Thailand Program Brochure Download Research Focus Areas IoT Systems Design/Implementation Business Intelligence: a combination of software applications Software tools and procedures Data Security IoT Application Design with Mobile Applications Cloud Computing Wireless, and Mobile Technologies for IoT IoT hardware (electronics and communications) Quality Management Networking Issues IoT with AI-based Solutions/Systems Preferred Background Degree Certificate and Transcript of Undergraduate Degree and/or Master’s Degree Course Structure Option 1. Regular M.Eng. or M.Sc (Thesis) Within at least two years students can obtain a Master of Sciences (M. Sc.) degree by completing a 48 credits curriculum, consisting of 24 credits of coursework, and 24 credits for a thesis . The 24 credits coursework includes 2 three-credit required courses, 1 required  Institute Wide Course (IWC), 1 zero-credit seminar, and 5 three-credit electives. Option 2. Regular M.Eng. or M.Sc (Research study) Within at least two years students can obtain a Master of Sciences (M. Sc.) degree by completing a 48-credit curriculum, consisting of 36 credits of coursework, and 12 credits for research. The 36-credit coursework includes 2 three-credit required courses, 1 required IWC, 1 zero-credit seminar, and 9 three-credit electives. Option 3. Regular M.Eng. or M.Sc (New options with industry internship or with a minor) Within at least two years students can obtain a Master of Sciences (M. Sc.) degree by completing a 48-credit curriculum, consisting of 24 credits of coursework,​ 12​ credits​ of​ research​ , and 12 credits for an industry internship or some other minor . The 24-credit coursework includes 2 three-credit required courses, 1 required IWC, 1 zero-credit seminar, and 5 three-credit electives. Option 4. M.S. (One-year) In addition, this proposed new program can be also applied to the newly proposed M.Tech. within just one year to complete 30 credits of coursework which includes 24 credits of coursework (same as the thesis option) and 6 credits of project work. Minor in IoT Systems Engineering In addition, students from other programs in any school must select the two required courses and any​ two of the elective Courses​ as 12 credits (4 courses) for minors in IoT Systems Engineering. The list of the required courses and possible electives are as follows: Required courses 1) ATxx.xxxx: Internet of Things Technology and Design (IoTD), 3(1-6) (New) Semester: January (Dr. Attaphongse Taparugssanagorn, Arunya Dumunnage) 2) ATxx.xxxx: Wireless Technologies for Internet of Things (WTIoT), 3(2-3) (New) Semester: August (Dr. Attaphongse Taparugssanagorn) 3) ATxx.xxxx: Internet of Things Seminar (IoTS), 0(0-0) (New) Semester: January (All faculty members help invite guest speakers to give 2-hour talks) Elective courses 4) ATxx.xxxx: In the Mind of an Entrepreneur, 3(3-0) (New) Semester: August/January (Prof. Dieter Trau) 5) AT77.20: Cross-Layer Design for Wireless Networks (CLDWN), 3(3-0) (Existing) Semester: August (Dr. Teerapat Sanguankotchakorn) 6) AT70.922: Machine Learning (ML), 3(3-0) (Existing) Semester: August (Prof. Matthew Dailey) 7) AT81.15: Embedded System Architecture (ESA), 3(3-0) (Existing) Semester: August (Dr. Mongkol Ekpanyapong) 8) AT81.14: Embedded System Design (ESD), 3(2-3) (Existing) Semester: January (Dr. Mongkol Ekpanyapong) 9) AT74.03: Sensing and Actuation (SA), 3(2-3) (Existing) Semester: August (Prof. Manukid Parnichkun) 10) AT74.05: AI and Neuro-Fuzzy Theory (AINF), 3(3-0) (Existing) Semester: January (Prof. Manukid Parnichkun) 11) AT73.20: Additive Manufacturing and Reverse Engineering (AMRE), 3(3-0) (Existing) Semester: August (Dr. Pisut Koomsap) 12) AT70.05: Computer Networks (CN), 3(3-0) (Existing) Semester: August (Adjunct faculty) 13) AT70.15: Advanced Topics in Internet Technology (ATIT), 3(3-0) (Existing) Semester: January (Dr. Adisorn Lertsinsrubtavee) 14) AT80.9008: Mobile Application (MA), 3(2-3) (Existing) Semester: January (Adjunct faculty) 15) ATxx.xxxx: Cloud Computing (CC), 3(2-3) (New) Semester: August (Adjunct faculty) 16) ATxx.xxxx: IoT Security (IoTSec), 3(3-0) (New) Semester: January (Adjunct faculty) The​ curriculum​ is​ comprised of​ the​ four main​ components: Wireless​ Technologies, Protocol, and​ Networking Data​ Science​ System Engineering Entrepreneurship Concerned Faculty Prof.
Attaphongse Taparugssanagorn Professor Staff Arunya P. S. S. Dumunnage Rajesh Kumar Dehury Contact Us Internet of Things (IoT) Systems Engineering School of Engineering and Technology (SET) Asian Institute of Technology (AIT) Phone: +66 (0)2 524 5733 Email: maneemontra@ait.ac.th Apply Now Program brochure For more information +66 (0)2 524 5733 maneemontra@ait.ac.th

Important Links:
Apply Now: https://ait.ac.th/apply-online/
Program brochure: https://ait.ac.th/wp-content/uploads/2022/01/IoT_Program_SET_.pdf",https://ait.ac.th/program/internet-of-things-iot-systems-engineering
"Telecommunications (TC) The Telecommunications program offers areas of specialization in transmission systems; switching systems; telematics; network planning, and in collaboration with the School of Management, telecommunications management. The courses offered to emphasize modern telecommunications skills in systems planning and engineering, telecommunications software development, and administrative and financial aspects of telecommunications management. Graduates from the master’s program form the nucleus for effective high-level technical planning and management operations at their employer organizations. Some of the graduates are engaged in planning, development, and service activities leading to the installation, commissioning, management, design, etc. of value-added systems. Given the important role of our graduates in the development of the telecommunications sector, the learning is of significant benefit to the users of telecommunications services within the region. Graduates of the doctoral program play key roles in enhancing the level of education and research in the national universities of the region and promoting and strengthening the R&D potential of emerging regional manufacturing industries. The research covers a wide variety of topics at the cutting edge of research and development. Specific issues addressed in the broad fields of transmission and switching systems are, for example, coherent optical communications, multiple-access strategies for cellular-mobile and cabled networks, as well as questions of congestion control and new services in ISDN and future B-ISDN networks. Program Brochure Download Research Focus Area Transmission systems Telematics Network planning Coherent optical communications Multiple-access strategies Cellular-mobile and cabled networks Congestion control Preferred Background Master Program Undergraduate study for candidates seeking admission to the field of Telecommunications are in communications, telecommunications, electrical engineering, electronics, and computer science or computer engineering. With the last two, a strong background in communications or telecommunications is expected. Doctoral Program A good master’s degree in Telecommunications or a closely related field is a prerequisite. Course Structure Course ID Course Title Credit Semester Remark AT77.01 Telecommunication Networks 3(3-0) August Required AT77.02 Signals and Systems 3(2-3) August Required AT77.03 Digital Transmission Technologies 3(2-3) August Elective AT77.04 Data Communications 3(3-0) August Elective AT77.05 Teletraffic Engineering 3(2.5-1.5) August Elective AT77.06 Multimedia Communications and Systems 3(3-0) August Elective AT77.07 Cellular Mobile Systems 3(3-0) August Elective AT77.08 Network Planning 3(2.5-1.5) August Elective AT77.09 Error Control Coding 3(3-0) August Elective AT77.10 Cellular Network Planning 3(2-3) August Elective AT77.11 Digital Modulation Techniques 3(2-3) January Elective AT77.12 Switching Systems 3(2.5-1.5) January Elective AT77.13 Digital Communications 3(3-0) January Elective AT77.14 Fiber Optic Components and Systems 3(2-3) January Elective AT77.15 Satellite Communications 3(3-0) January Elective AT77.16 Digital Signal Processing 3(2-3) August Elective AT77.17 Network QoS 3(3-0) January Elective AT77.18 Optical Network 3(3-0) January Elective AT77.19 Optimization for Communications and Networks 3(3-0) August Elective AT77.61 Signal and Digital Transmission Technologies 3(3-0) August Elective AT77.62 Optical Network 3(3-0) August Elective AT77.63 Cellular Mobile Systems and Planning 3(3-0) January Elective AT77.64 IP Network in Data and Multimedia Communication 3(3-0) January Elective AT77.65 Selected Topic: Convergence Networks 1(2-0) August Elective AT77.66 Technology Road-mapping Strategies for Telecommunications (Management Component II) 2(2-0) August Elective AT77.67 Telecom Product and Service Design (Management Component I) 2(2-0) January Elective AT77.68 Project and Financial Management (Management Component III) 3(3-0) InterSem Elective AT77.9001 Selected Topic: The Methodology of Scientific Research 2(-) January Elective AT77.9002 Selected Topic: Network QoS 3(3-0) InterSem Elective AT77.9003 Selected Topic: Advanced Wireless Communication Systems 3(3-0) January Elective AT77.9004 Selected Topic: Interactive Transmission over IP Networks 3(3-0) August Elective AT77.9005 Selected Topic: Cryptography 2(-) August Elective AT77.9006 Selected Topic: Optical Network 3(3-0) January Elective AT77.9007 Selected Topic: Statistical Communication Theory 3(3-0) August Elective AT77.9008 Selected Topic: Advanced Signal Processing for Wireless Communications 3(3-0) January Elective AT77.9009 Selected Topic: Discrete-Time Statistical Signal Processing 3(3-0) January Elective AT77.9010 Selected Topic: Multiuser Detection 3(3-0) InterSem Elective AT77.9011 Selected Topic: Optimization for Communications and Networks 3(3-0) August Elective AT77.9012 Selected Topic: UMTS/WCDMA Radio Access Network Planning 1(1-0) January Elective AT77.9013 Selected Topic: Network Simulation and Modelling Using NS2 (Network Simulator 2) 1(1-0) InterSem Elective AT77.9014 Selected Topic: Mathematics for Telecommunications 3(3-0) InterSem Elective AT77.9015 Selected Topic: Probability Theory 1(1-0) August Elective AT77.9016 Selected Topic: Cellular Network Planning 2(1.5-1.5) August Elective AT77.9017 Selected Topic: Software Project on Network Optimization 2(1-3) InterSem Elective AT77.9018 Selected Topic: Network Simulation and Optimization Using Python 1(0-3) January Elective In TC (Telecommunications), the minimum course requirements is 26 credits for Thesis option and 38 credits for Research study option. Thesis Option Research Option Required Courses 9 credits 9 credits Elective Courses 15 credits 27 credits Institute Wide Elective Courses 2 credits 2 credits Option 22 credits 10 credits Total 48 credits * 48 credits * The Institute-wide elective courses of 2 credits are included in the total course credits. Concerned Faculty Prof.
Attaphongse Taparugssanagorn Professor Dr.
Teerapat Sanguankotchakorn Associate Professor Staff Premma Rao Senior Administrative Officer Rajesh Kumar Dehury Charuek Nunkhao Arunya P. S. S. Dumunnage Contact Us Premma Rao Telecommunications (TC) Department of ICT Phone: +66 (0)2 524 5733 Email: maneemontra@ait.ac.th Apply Now Program brochure For more information +66 (0)2 524 5733 maneemontra@ait.ac.th

Important Links:
Apply Now: https://ait.ac.th/apply-online/
Program brochure: https://ait.ac.th/wp-content/uploads/2022/01/TC-Brochure.pdf",https://ait.ac.th/program/telecommunications-tc
"Master of Business Administration (MBA) Our MBA is one of Asia’s top-ranked programs, recognized by the QS Global MBA Rankings 2026 as #1 in Thailand for Employability, Top 30  in Asia, and among the top 200 globally. ​ The program equips students with strong business knowledge, practical skills, and leadership capabilities needed to succeed in today’s global business environment. With an interdisciplinary curriculum and interactive, hands-on learning, students gain real-world insights while building the confidence to think broadly, work collaboratively, and lead effectively. Download Brochure Apply Now Program Director's Message Program Structure Admission and Fees Exchange Partners An MBA study is expected to take a minimum of 36 credits (1 year MBA) or up to 48 credits (2 year MBA). The Masters of Business Administration (MBA) is designed to equip students with effective, practical tools to tackle complex, real-life business challenges. Required Courses (30 Credits) Accounting for Decision-Making Change Management Corporate Finance Leadership and Organization Management Managerial Economics Managing Technology and Innovation Marketing Management Operations Management Responsible Management and Sustainability Strategic Management Electives (6 Credits)​ Students can choose to study 6 to 18 credits of electives, depending on the program plan (for the specializations noted above, 12 elective credits are required in order to graduate with a specialization). MBA Specialization The MBA also allows for specialization in a range of management areas and for those on the 48-credit program Business Analytics Business of Frontier Technologies​Industry 4.0 Big Data Analytics Global Data Management Agile Thinking & Digital Transformation Digital Marketing & Consumer Analytics Digital Marketing ​ Strategic Brand Management Digital Marketing & Consumer Analytics Consumer Behavior Service Marketing: Competing on Customer Experiences Entrepreneurship ​ Entrepreneurship and New Venture Entrepreneur in Action In the Mind of an Entrepreneur Decision Making, Risk & Opportunities Finance ​ Capital Market Managing Risk Applied Valuation & Investment International Finance in ASEAN: Wealth Management to Infrastructure Finance Our Notable Exchange Partners Dual Degree Partners To be eligible for admission to the MBA program, an applicant must:​ ​ Hold a bachelor's degree (generally from a four-year program) or its equivalent in an appropriate field of study from an institution of good standing acceptable to AIT Have undergraduate grades significantly above average: the minimum cGPA requirement for admission to the Master's Program is 2.75 or equivalent, at the bachelor's degree level. ​English Proficiency Requirement: AIT-EET:6 or IELTS-Academic:6 (writing 6) or TOEFL IBT: 80 (writing 21-23) or PTE Academic: 62-73 (Writing Score)​ A minimum of one year of experience is preferable for an MBA.​​​​ ​ Intake Five entries/Year (January/March/June/August/October) ​ Fees Total Fees : 848,000 Thai Baht (48 Credits) / 626,000 Thai Baht (36 Credits) For more details, visit: https://ait.ac.th/tuition-and-fees/ Dr. Kamonkanok Director, MBA Program Greetings to all future Leaders, Welcome to the School of Management (SOM) at the Asian Institute of Technology (AIT) — where ambitious minds and bold ideas come together to shape the leaders of tomorrow. In a business world defined by constant innovation, being a leader means more than mastering management knowledge — it means cultivating a mindset that embraces change, acts responsibly, and contributes positively to society. At SOM-AIT, our MBA program is thoughtfully designed to equip students not only with cutting-edge business expertise but also with a global mindset, a commitment to sustainability, and the agility to thrive in an increasingly digital and interconnected world. What makes our MBA unique is the way we bridge academic excellence with real industry experience. Our faculty includes distinguished Ph.D. scholars alongside experienced executives and practitioners from top organizations worldwide. This co-teaching model brings the best of both worlds to the classroom — rigorous theory and practical, up-to-date insights — ensuring that every lesson is relevant and applicable. ​ We also believe in the power of choice. Our students can tailor their MBA journey by focusing on Digital Marketing, Business Analytics, Finance, or Entrepreneurship and Innovation. Beyond these specializations, you can gain firsthand experience through internships, expand your horizons through exchange programs, and broaden your expertise with a minor in a complementary field. For those considering advanced research or a future Ph.D., a thesis track is also available. At SOM-AIT, staying relevant and responsible is at the core of what we do. We continuously update our curriculum and activities to align with emerging business trends, ESG principles, and the rapid digital transformation shaping industries today. Our graduates are prepared to lead organizations with integrity, adaptability, and a commitment to creating lasting value for businesses and communities alike. Equally important is the community you will join. Here, you will learn alongside peers from diverse backgrounds and generations, building a global network that supports you throughout your career. Many of our alumni now hold influential roles in Thailand and around the world — a testament to the professional and personal growth that an MBA from SOM-AIT offers. As MBA Program Director — and as someone who has worked closely with both academia and industry — I am dedicated to making sure that your time at SOM-AIT is inspiring, practical, and truly worthwhile. If you are ready to strengthen your skills, broaden your perspective, and be part of a network of professionals who drive positive change, we warmly welcome you to join the SOM-AIT MBA family.

Important Links:
Apply Now: https://ait.ac.th/apply-online/
Apply Now: https://ait.ac.th/apply-online/",https://ait.ac.th/program/masters-of-business-administration-mba
"MSc International Finance The Master of Science in International Finance at AIT is a professionally oriented program designed for individuals seeking to enter or advance in the finance sector, regardless of academic background. It emphasizes applied, practical knowledge that prepares graduates to excel in today’s fast-changing financial landscape. With a strong focus on ASEAN and emerging markets, the program equips students to make sound financial decisions, manage risk, and connect theory to real-world challenges. Graduates are well-prepared to lead and make a meaningful impact in the global finance industry. Download Brochure Apply Now Program Director's Message Program Structure Admission and Fees Exchange Partners Required Courses (30 Credits) Financial Accounting and Decision Making Bank Management and Financial Institutions Corporate Finance Responsible and Sustainable Management Decision- Making Capital Markets International Finance and ASEAN: Wealth Management to Project Finance Managing Risk Managerial Economics Applied Valuation and Investment Contemporary Topics in Finance Minor (12 Credits) Business Analytics Digital Marketing Management Entrepreneurship Electives (6 Credits)​ Students can choose to study 6 to 18 credits of electives, depending on the program plan (for the specializations noted above, 12 elective credits are required in order to graduate with a specialization). Our Notable Exchange Partners To be eligible for admission to the International Finance program, an applicant must:​ ​ ​ Hold a bachelor's degree (generally from a four-year program) or its equivalent in an appropriate field of study from an institution of good standing acceptable to AIT Have undergraduate grades significantly above average: the minimum cGPA requirement for admission to the Master's Program is 2.75 or equivalent, at the bachelor's degree level. ​English Proficiency Requirement: AIT-EET:6 or IELTS-Academic:6 (writing 6) or TOEFL IBT: 80 (writing 21-23) or PTE Academic: 62-73 (Writing Score)​ More Information on English Proficiency Requirements A minimum of one year of experience is preferable for an MBA.​​​​ ​ Intake Two entries/Year (January and August) https://ait.ac.th/admissions/ ​ Fees Total Fees : 848,000 Thai Baht (48 Credits) / 626,000 Thai Baht (36 Credits) For more details, visit: https://ait.ac.th/tuition-and-fees/ Welcome to the International Finance Program. Whether you are beginning your studies or building on your expertise, you’ve chosen a field that plays a critical role in driving economic development and fostering progress. Finance drives innovation, supports infrastructure growth, and enables sustainable development. It creates opportunities to uplift communities, reduce inequality, and transform economies. Effective business decisions require more than instinct—they depend on a clear grasp of financial principles and the ability to evaluate and manage risks and opportunities. Our program is designed to provide you with these critical tools, along with practical insights to address real-world challenges. I look forward to working with you as you develop the skills and knowledge to tackle global challenges and shape the future. Dr. Joseph J. French Director, International Finance Program Graduate Perspectives

Important Links:
Apply Now: https://ait.ac.th/apply-online/
Apply Now: https://ait.ac.th/apply-online/",https://ait.ac.th/program/masters-in-international-finance-m-msc-if
Error: 404 Client Error: Not Found for url: https://som.ait.ac.th/phd,https://ait.ac.th/program/doctor-of-philosophy-ph-d-in-management
Error: 404 Client Error: Not Found for url: https://ait.ac.th/program/ypm-sbe,https://ait.ac.th/program/ypm-sbe
"WHY PM-ESG Management? ​ The business world faces a major transformation. Consumers, employees, governments, and regulators all expect companies to show that they act ethically and respect people and the planet in their pursuit of profit. Business investments that prioritize social innovation, equity, and practical action have reached 700 billion US dollars, in 2021, in step with a surge in regulatory incentives. Environmental, social, and governance (ESG) standards are key differentiators. ​ The search is on for ESG professionals with understanding and skills. More and more ESG professionals are needed to steer corporate decision- making towards responsible profits. ESG management is emerging as a portfolio practical approach to Corporate Social Responsibility (CSR) values, and Sustainability principles, viewed from a Risk Management Perspective. More ESG professionals are needed than are available. 500,000 new ESG jobs are expected this decade. From entry-level data and compliance documentation to responding to process-level challenges confronting business growth for managing risk in the boardroom. ​ PM-ESG prepares professionals for in- demand ESG roles. ESG careers are opening in risk management, strategic planning, policy analysis, social impact, and business innovation. PM-ESG is offered by the AIT School of Management in collaboration with the Yunus Centre, AIT's ESG hub. Students earn a master's qualification without having to interrupt their careers. PM-ESG is attractive for employees because they can invest in building the ESG capacity of key management and staff, without having to displace employees PROGRAM ​ PM-ESG Management is a 30-credit program that full-time students can complete in one academic year. To graduate, students complete eight 3-credit course modules and a 6-credit practicum and final project. Module topics are chosen for relevance to emerging ESG trends, strategic value for employers, and practical applicability to real-life challenges. Modules are available as in- house corporate workshops. ​ PM-ESG Management attracts working professionals from multinational retail, manufacturing, and extractive industries, international and national NGOs, the UN system, consulting firms, and grassroots development organizations. ​ PM-ESG Management flexible weekend format remains popular . PM-ESG capitalizes on AIT’s hybrid multi-modal teaching model that combines online and in-class instruction with extensive practical exposure. With over 40 nationalities represented on campus, AIT offers an unmatched international learning environment. ​ PM-ESG Management is a transportable ESG qualification against which employers can standardize the recruitment of ESG professionals. An AIT degree is a recognized asset within the region and beyond. Compared to peer offerings, PM-ESG scores high for competitiveness, value-for-money, ease of access, and internationality. CURRICULUM ​ PM-ESG Management curriculum is built on the foundations of risk management, organizational sustainability, innovation leadership, and social impact, augmented by direct practical exposure and case-based peer learning facilitated by experienced practitioners drawn from AIT alumni and the Yunus Academia Network worldwide. ​ PM-ESG Management is taught by teaching teams comprising academic faculty and industry executives . All 8-course modules are compulsory, carrying 30 hours of contact time, each. The 6-credit Practicum culminates in the Final Project, in which students design an implementable ESG solution for their company or institution. ​ ENTRY REQUIREMENTS ​ Evidence of English language proficiency, which includes the AIT English Language Test (online) or IELTS at 6.0 or above. Further details of AITs language requirements can be found at: https://www.ait.ac.th/admissions/eligibility/ Bachelor’s degree with CGPA above 2.75, and a minimum of 3 years of appropriate work experience. Candidates without Bachelor's degree may be considered if they demonstrate 10+ years of work experience. ​ ​ FEE & CHARGES Tuition & Registration (inclusive)* Full PM-ESG as a regular program: USD 16,500, payable in 1, 3, or 5 installments Each module can be taken as a professional workshop: USD 1,800, payable upon registration Practicum-only option: USD 3,600, payable upon registration *Payable in Thai Baht, exchange rates may vary ​ Competitive Tuition Scholarships for eligible applicants, organizational nominees, and groups. ​ More Details, P lease Download Program Brochure Mini Brochure For More information, please contact pmesg@ait.ac.th WOULD YOU LIKE TO LEARN MORE ABOUT AIT?​ Contact Us

Important Links:
Apply Now: https://ait.ac.th/apply-online/",https://ait.ac.th/program/professional-master-in-environment-social-and-governance-esg
"Information Management (IM) This field is a strategic response to society’s changing needs. It will continue to evolve as organizations cope with the proliferation and complexity of new information technologies and services. It is the first of its kind in Southeast Asia. Information is an essential resource for academic excellence, competitiveness in business and industry, scientific progress, and national development. Like any other resource, information must be managed. High-quality sources must be located, and arrangements must be made for access to timely, accurate, appropriate, and cost-effective information. Technological advances in telecommunications and the hardware and software of computing can be utilized to provide optimum access to information. The need for information management skills in government and private organizations is increasingly recognized. People knowledgeable in methods of facilitating information collection, dissemination, and use are in demand. Such persons should also be skilled in identifying information needs and in accessing, repackaging, and presenting information in such a way that it can be utilized in support of the objectives of the users. The Information Management curriculum is designed to prepare students to respond to four basic challenges confronting organizations today: Planning the effective use of information and utilization of communication technologies within organizations; Developing corporate and government policies to maximize the benefits resulting from the widespread use of these technologies; Improving the strategic management of information resources in business, government, and non-profit organizations; Increasing the productivity and creativity of managers and executives who work with information resources. Program Brochure Download Programs Programs leading to the award of AIT’s Doctor of Engineering, Doctor of Technical Science, Master of Engineering, Master of Science, diploma, and certificate are offered. Research Focus Area Communication technologies Information resources Computer Science Data modeling and management Data mining Information retrieval Preferred background Master Program Applicants for admission to the field of Information Management should have a strong quantitative background, preferably in computer science or computer engineering, information system or information science, telecommunications, electronic or electrical engineering, applied mathematics, or statistics. Applicants from other fields of information service can also be considered if they have already worked as information professionals. In those cases, additional technology-related courses may be required. Doctoral Program One should have a good master’s degree in one of the above disciplines. Course Structure Master Program Requirements: 48 Credits (2 Years) Thesis Option Research Option 1 Research Option 2 Required Courses (4 courses) 12 credits 12 credits 12 credits Elective Courses 14 credits 12 credits 24 credits ##Option## Thesis 22 credits – – Research Study/Internship – 12 credits 12 credits Minor/Exchange – 12 credits – ##TOTAL## 48 credits 48 credits 48 credits Doctoral Program Requirements: 84 Credits (3 Years) Coursework 12 credits Dissertation 72 credits TOTAL 84 credits Course List Course Number Course Title Semester Credit(s) Type Instructor AT71.05 Information Systems Development and Management August 3(30-15) Required Dr. Chutiporn Anutariya AT82.02 Data Modeling and Management August 3(45-0) Required Dr. Chutiporn Anutariya AT80.01 Information and Communication Technology Applications: Users and Producers August 3(30-45) Elective Dr. Teerawat Issariyakul AT82.04 Business Intelligence and Analytics January 3(45-0) Required Dr. Vatcharaporn Esichaikul AT82.09 HCI and Information Visualization January 3(45-0) Required Dr. Chaklam Silpasuwanchai AT70.26 The Semantic Web Technologies Inter-semester 3(45-0) Elective Chutiporn Anutariya AT71.9002 Selected Topic: Seminar in Electronic Government Inter-semester 3(45-0) Elective Dr. Vatcharaporn Esichaikul AT71.03 E-Business Development and Technology August 3(45-0) Elective Dr. Vatcharaporn Esichaikkul AT80.02 Information and Communication Technology Applications: Project Design January 3(30-45) Elective Dr. Teerawat Issariyakul AT82.05 Artificial Intelligence: Natural Language Understanding Januray 3(45-0) Elective Dr. Chaklam Silpasuwanchai Concerned Faculty Dr.
Chutiporn Anutariya Associate Professor Dr.
Chaklam Silpasuwanchai Assistant Professor Dr.
Vatcharaporn Esichaikul Associate Professor Staff Siriporn Nanthasing Contact Us Ms. Siriporn Nanthasing Information Management (IM) Department of ICT Phone: +66 (0)2 524 5700 Email: siripornn@ait.ac.th Apply Now Program brochure For more information +66 (0)2 524 5700 siripornn@ait.ac.th

Important Links:
Apply Now: https://ait.ac.th/apply-online/
Program brochure: https://ait.ac.th/wp-content/uploads/2022/01/IM-Brochure.pdf",https://ait.ac.th/program/information-management
"Professional Master in Data Science (PMDS) The program is designed for working professionals with a background in ICT who would like to extend their skill set to encompass data science and become qualified experts in the principles and practices of data science. Program Brochure Download Background and Rationale Data science is concerned with the extraction of useful knowledge from data sets. It is closely related to the fields of computer science, mathematics, and statistics. It is a relatively new term for a broad set of skills spanning the more established fields of machine learning, data mining, databases, and visualization, along with their applications in various fields. In 2012, Harvard Business Review called data science “The Sexiest Job of the 21st Century.” Eligibility The common core is designed so that any graduate of a 4-year Bachelor of Science or Bachelor of Engineering program can succeed in the program. The mathematical background for the common core is undergraduate linear algebra and multivariate calculus (matrices, vectors, and partial derivatives) and basic probability theory (probability mass functions, probability density functions, sampling, and common distributions). The Mathematical Foundations of Data Science course provides a review of this background material and reinforcement of the particular mathematical techniques used in data science. The assumed IT background is basic IT literacy and the ability to write basic programs in any high-level programming language.  Applicants with no or very little programming experience should take an online course in Python programming, for example on Coursera, before beginning the PMDS. Applicants with related work experience are preferable. In addition, applicants should be employed with a company or other organization that can utilize the skills obtained from the program.  We expect students to apply the skills learned in PMDS to a problem faced by the company or organization in their industrial project. Applicants should have a good command of English with an English proficiency score in the IELTS academic writing band of at least 5.0. Semester Period Course First semester August-Mid December 2021 Core and elective courses Second semester January-Mid May 2022 Core and elective course Third semester June-July 2022 Individual project with industry Course 1st Semester (August-November) Computer Programming for Data Science Required 3 1st Semester (August-November) Data Modeling and Data Management Required 3 1st Semester (August-November) Fundamentals of Machine Learning Required 3 1st Semester (August-November) Mathematical for Data Science Required 3 2nd Semester (January-Mid May) Data Analytics for Business Intelligence Required 3 2nd Semester (January-Mid May) Data Driven Computer Vision Required 3 2nd Semester (January-Mid May) Deep Learning Required 3 2nd Semester (January-Mid May) Human-Computer Interaction Required 3 3rd Semester (June-July) Industrial Project Required 6 Apply Now Program brochure For more information +66(0)2524 5700 siripornn@ait.ac.th

Important Links:
Apply Now: https://ait.ac.th/apply-online/
Program brochure: https://ait.ac.th/wp-content/uploads/2021/05/Professional-Masters-in-Data-Science-2021.pdf",https://ait.ac.th/program/professional-masters-program-in-data-science-pmds
"Dual Degree Master’s Program in Data Science and AI with Brunel University London (UK) MSc in Data Science from Asian Institute of Technology, Thailand, and MRes in Data Science and Analytics from Brunel University London, UK. About the Program The aim of this dual degree program is to equip students with the research skills, knowledge, and specialist skills required to progress in their careers in industry and research. It helps students to develop a critical, research-led awareness of the state-of-the-art in data science and demonstrate the practical skills necessary to create value in its application to business, scientific, and/or social domains. Program Brochure Download Advantages Students are awarded two degrees in two years from prestigious and world-renowned universities. A degree of MSc in Data Science from Asian Institute of Technology, Thailand, and MRes in Data Science and Analytics from Brunel University London, UK. Students have the opportunity to work with doctoral students and the staff in the leading Intelligent Data Analysis Group in the Department of Computer Science. Students have the opportunity to develop a broader set of skills including study skills, research skills, employment skills, and capability skills through teamwork, guest lectures or workshops from industry, and dissertation projects with industrial/academic collaborations Target group Highly motivated and ambitious candidates with a bachelor’s degree preferably in Data Science, Artificial Intelligence, Computer Science, or related fields. Minimum Admissions Requirements A 2:2 or above UK Honours degree or equivalent internationally recognized qualification from a scientific, engineering, or a numerate subject. In terms of English language requirements: IELTS: 6.5 (min 6 in all areas) • Pearson: 58 (51 in all subscores) • BrunELT: 65% (min 60% in all areas) TOEFL: 92 (min 20 in all) Semester Aug-Dec
(Year 1) Jan-May
(Year 1) May-July
(Inter-sem) Sep-Dec
(Year 2) Jan-May
(Year 2) May-Sep
(Dissertation) Institute AIT
(Thailand) AIT
(Thailand) AIT
(Thailand) Brunel
(UK) Brunel
(UK) Brunel
(UK) Degree MSc Data Science MRes Data Science and Analytis Admission Process Interested candidates apply for admission with AIT and Brunel simultaneously. The application website is www.ait.ac.th/admissions/application-form/ for AIT. The application deadline is on 30 April. AIT will coordinate with Brunel on admissions and short-listed candidates will be jointly interviewed for admissions. Students will be admitted to both AIT and Brunel. Contacts Dr Anastasia Anagnostou MRes Programme Lead Department of Computer Science Brunel University London anastasia.anagnostou@brunel.ac.uk Program Brochure Program brochure

Important Links:
Program brochure: https://ait.ac.th/wp-content/uploads/2022/03/Brunel-ICT-Brochure-2022.pdf",https://ait.ac.th/program/dual-degree-masters-program-in-data-science-and-ai-with-brunel-university-london
"Professional Master in Geotechnical Engineering and Management (PME-GEM) Geotechnical Engineering and Management (PME-GEM) and Geosystem Exploration and Petroleum Geoengineering (PME-GEPG) Program Overview The Professional Master of Engineering in Geotechnical Engineering and Management (GEM) started in the early of 2000s to develop strong, reflective, and responsive engineering professionals who can confidently adapt to the challenges and opportunities of this rapidly changing world. These programs are offered outside the Bangkok campus and tailored to accommodate working professionals seeking to advance their careers while continuing their jobs. These programs offer various specializations, including Geotechnical Engineering and Management (GEM) and Geosystem Exploration and Petroleum Geoengineering (GEPG). These specializations cover a wide range of essential topics, including sire investigation, soil characterization, soil improvement techniques, tunneling in soft ground, foundation design, computational geotechnics, and the mitigation of geo hazards, mineral resources, petroleum exploration, and production, nearshore reclamation among other critical subjects. Program Overview PME-GEM : Practical Soil Engineering, Foundation Engineering and Design, Engineering Geology, Instrumentation and Advanced Soil Testing, Ground improvement & Geosynthetic’s, Underground Excavation and Tunneling, Geotechnical Investigation & Exploration, Risk Management for Infrastructure Development and Planning, Challenges in Applying Engineering Principles in Practice. PME-GEPG : Fundamentals of Geosystem Exploration, Petroleum Reservoir Engineering, Drilling and Well Completion Operation, Devision Analysis and Risk Management in Oil and Gas Industry, Workflow of Oil Gas Operations in E&P, Exploration Geophysics, Petrophysics, Petroleum Production Engineering, Petroleum Geochemistry. Eligibility To be eligible for admission to the regular Masters program, an applicant must: Hold a bachelor’s degree (normally from a four-year program), or its equivalent, in an appropriate field of study from an institution of good standing acceptable to AIT; Have undergraduate grades significantly above average. The minimum GPA requirement for admission to the Masters Program is 2.75 or equivalent, at the Bachelor degree level; English Proficiency Requirement: AIT-EET:6 or IELTS- Academic:6 (writing 6) or TOEFL Paper: 550 (writing 59-61) or TOEFL CBT: 213 (writing 25-26): TOEFL IBT: 80 (writing 21-23); For the PM degree program, in addition to the above-mentioned eligibility requirements, an applicant must: have at least 3 years of work experience in areas related to the academic program at AIT and be executives in organizations/companies. Be in satisfactory physical and mental health. Satisfy English requirements by AIT. Delivery Mode and Other Features The program will be delivered onsite in the AIT Vietnam campus during 1 year of full time studying, and in every weekday evening from 18:00-21:00, and Saturday from 9:00 – 12:00 & 13:30 – 16:30. Hybrid mode is available for those who are not able to join on-site. Students will need to complete a 33-credit curriculum, consisting of 24 credits of course work and 9 credits of internship in one year period. Teaching is conducted in English. Concerned Faculty Dr.
Avirut Puttiwongrak Assistant Professor Apply Now For more information supamas@ait.ac.th

Important Links:
Apply Now: https://ait.ac.th/apply-online/",https://ait.ac.th/program/professional-master-in-geotechnical-engineering-and-management-pme-gem
"Professional Master in Banking and Finance Program Overview PMBF helps emerging industry leaders cultivate a strategic mindset to meet current and emerging challenges arising from the fast-changing business and technological environment in the banking and finance industry. The program will help participants acquire knowledge and tools to decode and respond strategically to significant changes in the economic and social environment, analyze and design new business models to gain a competitive edge, identify emerging revenue streams analyzing the role of partnerships in value creation for customers anticipate and respond to evolving regulations and exploit the potential of technology to enhance the competitiveness of business. Courses Offered Required courses : Macro Economics, Financial Management, Strategy & Leadership, International Finance, Banking, Financial Regulation & Supervision, Risk Management, Capstone project. Elective courses : Opportunities and Challenges, Digital Transformation: Making it work in banks, Introduction to Business Analytics. Eligibility To be eligible for admission to the regular Masters program, an applicant must: Hold a bachelor’s degree (normally from a four-year program), or its equivalent, in an appropriate field of study from an institution of good standing acceptable to AIT; Have undergraduate grades significantly above average. The minimum GPA requirement for admission to the Masters Program is 2.75 or equivalent, at the Bachelor degree level; English Proficiency Requirement: AIT-EET:6 or IELTS- Academic:6 (writing 6) or TOEFL Paper: 550 (writing 59-61) or TOEFL CBT: 213 (writing 25-26): TOEFL IBT: 80 (writing 21-23); For the PM degree program, in addition to the above-mentioned eligibility requirements, an applicant must: have at least 3 years of work experience in areas related to the academic program at AIT and be executives in organizations/companies. Be in satisfactory physical and mental health. Satisfy English requirements by AIT. Delivery Mode The program is delivered using a combination of methods such as interactive self-learning, live classroom, face-to-face classroom in AIT campus. Each course (except the integrative module) will be delivered over 3 to 4 weeks. The program will attempt to provide options for participants to attend all or part of the integrative module on campus, considering the participants’ work schedules. Apply Now For more information som_pm@ait.ac.th

Important Links:
Apply Now: https://ait.ac.th/apply-online/",https://ait.ac.th/program/professional-master-in-banking-and-finance
"M/MSc Business Analytics and Digital Transformation (BADT) Ranked 9th Asia according to the QS 2026 rankings, our Master/ M.Sc. in Business Analytics and Digital Transformation (M.Sc. BADT) program is designed to give student the skills and knowledge to use business analytics to become a driver for business change and a catalyst for successful digital transformation. It positions AIT Graduates’ to take on leadership roles across industries and sectors. It focuses more on the application and interpretation of business analytics. Download Brochure Apply Now Program Director's Message Program Structure Admission and Fees Required Courses (30 Credits) The Business of Frontier Technologies Developing Leadership Skills for the Digital Workplace Big Data Analytics Responsible and Sustainable Management Decision-Making Industry 4.0 Leading Digital Transformation: Project and Change Management Strategies From Data to Decisions: Mastering Data Mining, Analysis and Predictive Analytics in Business Global Data Management Managerial Economics Agile Thinking for Digital Transformation Digital Marketing and Consumer Analytics Minor (12 Credits) Management Digital Marketing Finance Entrepreneurship Electives (6 Credits)​ Students can choose to study 6 to 18 credits of electives, depending on the program plan (for the specializations noted above, 12 elective credits are required in order to graduate with a specialization). To be eligible for admission to the BADT program, an applicant must:​ ​ ​ Hold a bachelor's degree (generally from a four-year program) or its equivalent in an appropriate field of study from an institution of good standing acceptable to AIT Have undergraduate grades significantly above average: the minimum cGPA requirement for admission to the Master's Program is 2.75 or equivalent, at the bachelor's degree level. ​English Proficiency Requirement: AIT-EET:6 or IELTS-Academic:6 (writing 6) or TOEFL IBT: 80 (writing 21-23) or PTE Academic: 62-73 (Writing Score)​ More Information on English Proficiency Requirements A minimum of one year of experience is preferable for an MBA.​​​​ ​ Intake Two entries/Year (January and August) https://ait.ac.th/admissions/ ​ Fees Total Fees : 848,000 Thai Baht (48 Credits) / 626,000 Thai Baht (36 Credits) For more details, visit: https://ait.ac.th/tuition-and-fees/ In an increasingly digital and data-centric world, the ability to make strategic, evidence-based decisions is vital. The Master of Science in Business Analytics and Digital Transformation (BADT) at AIT equips students with both analytical capabilities and leadership skills to navigate today’s complex business environments. Our program is designed for professionals and aspiring leaders who want to drive innovation and shape the future of digital business. With a flexible structure, international faculty, and industry-relevant coursework, BADT offers a unique opportunity to gain hands-on experience and global perspectives. I invite you to explore the possibilities that await you at the School of Management, AIT. Dr. Tobias Endress Director, BADT Program Graduate Perspectives

Important Links:
Apply Now: https://ait.ac.th/apply-online/
Apply Now: https://ait.ac.th/apply-online/",https://ait.ac.th/program/masters-in-business-analytics-digital-transformation
"Engineering  Entrepreneurship Become an Engineer Entrepreneur, Join our Engineering Entrepreneurship Program. ABOUT THE PROGRAM The Engineering Entrepreneurship Program combines advanced engineering knowledge with entrepreneurial skills and mindset. Choose any engineering discipline in our School of Engineering and Technology (SET) and add our Entrepreneurship Minor. Get two major skills in one program. Learn advanced engineering knowledge Learn how to start your own business Learn how to create new and innovative products, services, and businesses Gain technical expertise alongside team working, management, and entrepreneurial skills Learn how to write a business plan and pitch for investment Create a strong network A list of all our engineering programs (Click Here) Details about the Minor in Entrepreneurship (Click Here) Download the Engineer Entrepreneur flyer Download HOW TO APPLY To apply, go to the AIT online application form by Click Here and choose the engineering program you want to study, and email us at setadmissions@ait.ac.th regarding your interest to pursue a minor in Entrepreneurship. Deadline The application deadline is like our other programs. Check Deadline Cost and Payment The cost is the same as any other engineering program. All details to make payments are on this website, Click here. Scholarships You are eligible for the AIT Scholarship and various other scholarships, e.g. from the Royal Thai Government and other donors. You do not need to separately apply for scholarships; we will automatically match you with the best package of scholarships available at the time of your application. A full list of scholarships is here. Contact & Support For more Inquiry, please contact us at this email: setadmissions@ait.ac.th Apply Now Program brochure For more information setadmissions@ait.ac.th

Important Links:
Apply Now: https://www.ait.ac.th/admissions/application-form/
Program brochure: https://ait.ac.th/wp-content/uploads/2022/05/Engineering-Entrepreneur-Flyer-Updated-January.pdf

Additional Resources Found:
Context: A list of all our engineering programs(Click Here) -> URL: https://ait.ac.th/study/masters-degree-programs/
Context: Details about the Minor in Entrepreneurship(Click Here) -> URL: https://ait.ac.th/study/minor-in-entrepreneurship/
Context: To apply, go to the AIT online application form byClick Hereand choose the engineering program you want to study, and email us atsetadmissions@ait.ac.thregarding your interest to pursue a minor in Entrepreneurship. -> URL: https://www.ait.ac.th/admissions/application-form/
Context: The cost is the same as any other engineering program. All details to make payments are on this website,Click here. -> URL: https://www.ait.ac.th/admissions/payment-advice/",https://ait.ac.th/program/engineering-entrepreneurship
"Professional Master in Project Management (MPM) Professional Master in Project Management (with specialization in Construction projects) The aim of this MPM program is to provide applied and advanced project management knowledge to professionals working in large-scale construction projects. The program is designed for one year to study period. Selected students are construction industry professionals with at least 3 years of experience. Program Brochure Download Preferred Background Master Program Undergraduate degrees in Civil Engineering, Mechanical Engineering, Electrical Engineering, Construction Engineering, Architecture, Quantity Surveying, Landscape Design, Interior Design, Business Studies, and other bachelor’s degrees related to construction projects. Degrees in other fields of engineering, urban and regional planning, architecture, quantity surveying, etc., are also considered Doctoral Program Master’s degree in Construction Engineering and Management, Infrastructure Management, or in any other field of civil engineering. Candidates with significant research or professional experience are highly preferred. Course Structure AUGUST Course Description Choice Credits CE70.11 Project Cost and Financial Management Required 3(3-0) CE70.12 Organizational Management in Construction Required 3(3-0) CE70.13 Research Methodology in the Built Environment Elective 3(3-0) CE70.21 Integrated Project Planning and Control Required 3(3-0) JANUARY Course Description Choice Credits CE70.22 Legal and Contractual Risk Management Elective 3(3-0) CE70.23 Project Performance Management Elective 3(3-0) CE70.33 Occupational Safety and Health Management in Construction Projects Elective 3(3-0) CE70.15 Infrastructure Development and System Management Elective 3(3-0) CE70.43 Project Financing Elective 3(3-0) CE70.16 Applied Project Management in Housing and Real Estate Projects Elective 1(1-0) CE70.9005 Selected Topic: Applied Project Management in Power-Plant Projects Elective 1(1-0) CE70.17 Applied Project Management in High Rise Building Projects Elective 1(1-0) CE70.18 Applied Project Management in Commercial Projects Elective 1(1-0) CE70.9017 Selected Topic: The Principle of Facilities Management Elective 1(1-0) Eligibility Requirement To be eligible for admission to the regular Master’s program, an applicant must: hold a Bachelor degree (normally from a four-year program), or its equivalent, in an appropriate field of study from an institution of good standing acceptable to AIT; have undergraduate grades significantly above average; the minimum cGPA requirement for admission to the Master’s Program is 2.75 or equivalent, at the Bachelor degree level; English Proficiency Requirement: AIT-EET:6 or IELTS-Academic:6 (writing 6) or TOEFL Paper: 550 (writing 59-61) or TOEFL CBT: 213 (writing 25-26): TOEFL IBT: 80 (writing 21-23); have at least 3 years of work experience in areas related to the academic program at AIT and be executives in organizations/companies. Concerned Faculty Prof.
Bonaventura H. W. Hadikusumo Professor Dr.
Djoen San Santoso Associate Professor Prof.
Christian Brockmann Adjunct Faculty Dr.
Sakul Pochanart Adjunct Faculty Dr.
Theerathon Tharachai Adjunct Faculty Mr.
Heng Boon Chin Adjunct Faculty Dr.
Wasan Teerajetgul Adjunct Faculty Mr.
Burin Kunatippapong Adjunct Faculty Mr.
Wiboon Tachapaisalkul Adjunct Faculty Staff Woranuch Chumchat Contact Us Woranuch Chumchat Phone: +66-2524-6060 Email : woranuch@ait.asia Asian Institute of Technology (AIT) Email: ceim@ait.asia Apply Now Program brochure For more information +66-2524-6060 woranuch@ait.asia

Important Links:
Apply Now: https://ait.ac.th/apply-online/
Program brochure: https://ait.ac.th/wp-content/uploads/2023/03/AIT-SET-CEIM-Brochure_2023.pdf",https://ait.ac.th/program/professional-master-in-project-management-mpm
"Joint Degree Programme with the University of Nice Sophia Antipolis (France) A two-year joint programme is offered by the Asian Institute of Technology (AIT) in Thailand and the University of Nice Sophia Antipolis (UNS) in France. For a unique experience in Europe and Asia, students study for their first year at the School of Engineering and Technology (SET) of AIT and for their second year at Polytech Nice-Sophia of UNS. The double degree is completed after doing an internship in a company or a research study in Europe. Students will be awarded two Master degrees: one from UNS and one from AIT. Apply Now Program brochure

Important Links:
Apply Now: https://admission.ait.ac.th/aoas/Applicant/FirstPage.aspx
Program brochure: https://ait.ac.th/wp-content/uploads/2022/03/UNSA-doubledegree-ait.pdf",https://ait.ac.th/program/university-of-nice-sophia-antipolis-france
"Professional Master in Structural Design of Tall Buildings (PMTB) PMTB is a flexible learning approach combining online and in-class aspects of learning. The program is designed keeping in view the recent dominance of tall building projects and the need for engineers to be equipped with better tools and skill sets to design safer structures. The focus of the program includes advanced knowledge of state-of-the-art methodologies, techniques, and tools that can be applied in the structural design of tall buildings. Developing your design and leadership skills to formulate innovative systems and solutions, on-the-job learning wherein the student can benefit from experiential learning by doing a variety of assignments, aligned with the student’s existing professional commitments. The program is directed towards practicing engineers with a minimum of three years of relevant experience. it will also provide an opportunity to do project work at leading structural engineering/infrastructure companies in South East Asia as well as in-class sessions conducted by professionals from leading structural engineering companies. PMTB is offered by the Civil and Infrastructure Engineering (CIE) Department, School of Engineering and Technology. The online course content will be delivered through the e-learning platform in the form of video, audio, image, slides, apps, and links. Further teaching support will also be provided through video conferencing, instant messaging, email, and file sharing. The in-class component of the program will provide the student with a one-on-one interaction platform with faculty as well as industry experts. The in-class sessions will also include seminars on special topics to be delivered by invited experts, lab visits, and examinations. Program Brochure Download Concerned Faculty Prof.
Pennung Warnitchai Professor Dr.
Naveed Anwar Adjunt Faculty, Structural Engineering Dr.
Punchet Thammarak Adjunct Faculty Dr.
Kuo-Chieh Chao Associate Professor, Head of CIE Department Director of ACSIG Staff Contact Us School of Engineering and Technology (SET) Asian Institute of Technology (AIT) Phone:+(662) 524 6388 Email: solutions@ait.ac.th Apply Now Program brochure For more information +(662) 524 6388 solutions@ait.ac.th

Important Links:
Apply Now: https://ait.ac.th/apply-online/
Program brochure: https://ait.ac.th/wp-content/uploads/2021/05/PMTB-Brochure-Aug-2021-1.pdf",https://ait.ac.th/program/professional-master-degree-in-structural-design-of-tall-buildings
"Dual Degree Master’s Program in Water Engineering and Management with Colorado State University (USA) MEng/MSc in Water Engineering and Management from Asian Institute of Technology, Thailand and MS in Civil Engineering from Colorado State University, USA About the Dual Degree The aim of this dual degree program is to prepare students for careers in hydrology, hydraulics, water quality and water resources, and environmental management, by providing a strong theoretical and applied foundation, and a broad-based academic background necessary for innovation and career in engineering design, research, consulting and academia. Advantages Students are awarded two degrees in two years from prestigious and world-renowned universities. A degree of MEng/MSc in Water Engineering and Management from Asian Institute of Technology, Thailand, and MS in Civil Engineering from Colorado State University, USA. Students have opportunities of networking with other students, researchers, and faculty from more than 50 countries during their studies at AIT and CSU. Students acquire knowledge and skills from unique curricula offered by the two institutes, including laboratory and field-scale experimentation, and mathematical modeling with high-speed computing facilities. Students have the opportunity to work jointly with AIT and CSU faculty members for their research study. Target group Highly motivated and ambitious candidates with a bachelor’s degree preferably in Civil, Environmental or Water Resources Engineering or related fields. Minimum Admissions Requirements Hold a Bachelor’s degree in engineering or a closely related field (normally from a four-year program), or its equivalent; Have undergraduate grades significantly above average; the minimum GPA requirement for admission to the Master’s Program is 3.0 or equivalent at the Bachelor’s degree level; English Proficiency Requirement: IELTS 6.5 (writing 6 minimum) or TOEFL IBT: 80 (writing 21-23); Three letters of recommendation Semester Aug-Dec
(Year 1) Jan-May
(Year 1) May-July
(Inter-sem) Aug-Dec
(Year 2) Jan-May
(Year 2) Institute AIT
(Thailand) AIT
(Thailand) AIT
(Thailand) CSU
(USA) CSU
(USA) Degree MEng/MSc in Water Engineering and Management MS in Civil Engineering Admission Process Interested candidates apply for admission with AIT and CSU simultaneously. The application website is https://www.ait.ac.th/admissions/application-form/ for AIT and https://gradadmissions.colostate.edu/apply/ for CSU. The application deadline is on 1 February . AIT will coordinate with CSU on admissions and short-listed candidates will be jointly interviewed for admissions and scholarships. Students will be admitted to both AIT and CSU. Scholarships AIT (First year): AIT will award AIT Scholarships based on the selected candidate’s academic credentials. CSU (Second year): CSU will award a graduate assistantship (GTA or GRA) which covers a monthly stipend of approximately US$ 1,800 and tuition Concerned Faculty Prof. Sangam Shrestha Professor, Director Prof.
Mukand Singh Babel Distinguished Professor Dr.
Mohana Sundaram Shanmugam Assistant Professor Dr.
Ho Huu Loc Assistant Professor Note: The cost does not include international and local travel expenses and students need to pay approximately US $1,100 per semester in student fees at CSU. Contacts Prof. Sangam Shrestha Professor and Department Head Department of Civil and Infrastructure Engineering Asian Institute of Technology Email: sangam@ait.ac.th Prof. Charles D. Shackelford Professor and Department Head Department of Civil and Environmental Engineering Colorado State University Email: Charles.Shackelford@colostate.edu About AIT: https://www.ait.ac.th/ About CSU: https://www.colostate.edu/ Apply Now Program brochure

Important Links:
Apply Now: https://ait.ac.th/apply-online/
Program brochure: https://ait.ac.th/wp-content/uploads/2023/01/Colorado-AIT-Brochure-2023.pdf",https://ait.ac.th/program/dual-degree-masters-program-in-water-engineering-and-management-with-colorado-state-university
"Dual Degree Program with University of Wollongong (Australia) Great opportunity to experience the modern, research intensive university – ranked among the top 2 percent of universities in the world and ranked in the top 100 in Engineering. AIT’s Telecommunications (TC) program in partnership with the University of Wollongong (UOW), Australia offers Dual Degree Master’s Programme and Dual Doctoral Degree in Telecommunications or Computer Science, giving you two different experiences in Thailand and in Australia besides two degrees. Program Brochure Download 1.) The International Dual Degree Master’s Programme A two-year full-time program focuses on relevant advanced technologies in the fields, 1 year at AIT and another 1 year at UOW. The program provides students with knowledge and skills in fundamentals and applications on wireless networks, signal processing, estimation and detection techniques, Internet of Things (IoT), and Artificial Intelligence (AI) embedded systems. The solid foundations provided are further strengthened with students’ exposure to the industry environment and ongoing research projects. Research Focus Areas 5G and beyond wireless communications, Indoor Localization and Tracking, IoT, Medical and Health ICT, Networking, Optimal Radio Frequency Designs, Artificial Intelligence (AI) based Solutions. Eligibility and Applications Interested applicants wishing to enter the double degree program must first apply to AIT in Telecommunications or Computer Science program where the applicants are shortlisted after finishing the first semester in AIT. Students will be qualified for a max 30% tuition fee waiver at UOW if they have Weighted Average Mark (WAM) of 75% or above. Regarding other possible incomes, “International students in Australia on a valid student visa can work for up to 20 hours per week while school is in session, and there is no limit on the number of hours an international student can work during recognized school vacations” (see https://www.vsure.com.au/student-visa-work-rights/ or https://www.internationalstudent.com/study_australia/working/student-visa-rules/ for examples). English requirement A valid (in the last two years) IELTS 6.5 overall and each band 6. Other equivalent English certificates are also accepted. Note that If students do not meet the minimum English requirement for entry into UOW’s program after successful completion of the first year of Master’s degree in AIT, they may still choose to articulate to UOW and undertake an English language course at UOW through UOW College (see information, including fees, at https://www.uowcollege.edu.au/future-students/international/english-tert-studies/index.html ). 2.) The International Dual Doctoral Degree in Telecommunications and Computer Science (2 years at AIT 2 years at UOW) Eligibility and Applications Entry requirements of the collaborative program will be a) assessed on an individual basis, and b) the above English requirement. Students will have co-supervision by 1 supervisor in AIT and 2 supervisors in UOW. If AIT provides qualified students who can receive a stipend scholarship (usually AUS$25000 or  THB542,500 per year, thus AUS$50000 or THB1,085,000 for two years); UOW will provide these students 100% tuition fee waiver in UOW. (see https://documents.uow.edu.au/about/policy/alphalisting/UOW063291.html) . School of Electrical, Computer, and Telecommunications Engineering (SECTE), UOW likely has some top-up for good students (the max number of such students at any point of time is capped at 2 or 3 with the top-up amount of AUS$500 or THB10,850 per student per month) during their two years in Thailand. The selection of such students will be jointly decided by both AIT and UOW. Apply Now For August Semester Full Scholarships Deadline: 29th February Partial Scholarships Deadline: 30th May Related Links AIT Online Application: www.ait.ac.th/admissions/ AIT Available Scholarship: https://www.ait.ac.th/admissions/scholarships/ Contact Us Telecommunications (TC) Department of Information and Communication Technologies School of Engineering and Technology (SET) Asian Institute of Technology (AIT) Email: telecom@ait.asia or (66-2) 524-5733 Concerned Faculty Prof.
Attaphongse Taparugssanagorn Professor Dr.
Teerapat Sanguankotchakorn Associate Professor Apply Now Program brochure For more information +66(0)2524 5733 premma@ait.ac.th

Important Links:
Apply Now: https://ait.ac.th/apply-online/
Program brochure: https://ait.ac.th/wp-content/uploads/2022/03/ICT_UoW_Degree.pdf",https://ait.ac.th/program/dual-degree-program-with-university-of-wollongong-australia
"Dual Degree Master’s Program with Telecom Sud Paris (France) AIT and Telecom SudParis have joined forces to offer a unique Euro- Asian curriculum at the master’s level that addresses key issues in communication networks and services in both the European and the Asian contexts. After successful completion of studies in Asia and Europe, students earn both a Master’s degree from AIT and an MSc degree from TSP. Program Brochure Download Apply Now Program brochure

Important Links:
Apply Now: https://admission.ait.ac.th/aoas/Applicant/FirstPage.aspx
Program brochure: https://ait.ac.th/wp-content/uploads/2022/03/AIT_TSP.pdf",https://ait.ac.th/program/dual-degree-masters-program-with-telecom-sud-paris
"Dual Degree Master’s Program in Water Engineering and Management with the University of Iowa (USA) MEng/MSc in Water Engineering and Management from the Asian Institute of Technology (AIT), Thailand, and MSc in Civil and Environmental Engineering from the University of Iowa (UI), USA About the Program This program will prepare students for careers in hydrology and hydraulics by providing them with a strong foundation that includes both the theoretical and applied study of fluids. Students will receive the broad-based academic background needed for a career in engineering design, research, consulting, or academia. The AIT brings 60 years of regional experience in water education and research, complemented by the University of Iowa’s century of global leadership in fluids-related teaching and research, including experimentation (both laboratory and field-scale) and mathematical modeling. Dual Degree Structure & Pathway Admission Requirements Hold a bachelor’s degree (normally from a four-year program), or its equivalent The minimum undergraduate GPA requirement for admission to the master’s program is 3.0 or equivalent AIT: IELTS-Academic: 6 (writing 6) TOEFL Paper: 550 (writing 59-61) TOELF CBT: 213 (writing 25-26) TOEFL IBT: 80 (writing 21-23) UI: TOEFL IBT: 81 IELTS: total score of 7.0 (no sub-score less than 6.0) Students satisfying the AIT requirement can be admitted to the program; however, to continue to Phase 2, students must achieve the UI scores for English proficiency while at AIT. Two letters of recommendation GRE: 301 (verbal + quantitative) Students without GRE can also be admitted to the program; however, to continue to Phase 2, they must achieve the required GRE score while at AIT. Admission Process Interested candidates should apply for admission at AIT, which can be done online on the website: www.ait.ac.th/admissions The application deadline for AIT is 30 May for the following August. Students need to submit their applications for admission to UI during their first year at AIT. Online application for the Civil & Environmental Engineering program at UI can be found on the website: https://www.engineering.uiowa.edu/future-students/graduate-studies/line-application The application deadline for UI is 28 February. Students need to submit their application for admission to UI by February 28 during their year of studies at AIT. The selected candidates will receive an admission letter from UI during their first year at AIT. Course Expenses AIT (first year) UI (second year) Tuition Fee: U.S. $19,200 Tuition Fee: U.S. $30,900 Registration Fee: U.S. $1,333 Living Cost & Other: U.S. $15,000 Living Costs & Other: U.S. $5,000 Note: Does not include international and local travel expenses. Scholarships and Support Meritorious students may apply for scholarship support. AIT will provide support for admission to the University of Iowa. AIT will provide students with support in preparing for the GRE. Concerned Faculty Prof. Sangam Shrestha Professor, Director For more information (Contact) Prof. Sangam Shrestha Professor and Chair, water engineering and Management Program Asian Institute of Technology Email: sangam@ait.ac.th About AIT: https://www.ait.ac.th/ Dr. Gabriele Villarini Professor, Civil & Environmental EngineeringDirector, IIHR—Hydroscience & EngineeringUniversity of Iowa Email: engr-cee-dualdegree@uiowa.edu About UI: https://uiowa.edu/",https://ait.ac.th/program/dual-degree-masters-program-in-water-engineering-and-management-with-the-university-of-iowa
"Dual Degree Master’s Program in Geotechnical and Earth Resources Engineering with Colorado State University (USA) MEng/MSc in Geotechnical and Earth Resources Engineering from Asian Institute of Technology, Thailand and MS in Civil Engineering from Colorado State University, USA About the Dual Degree The dual degree program gives students the opportunity to obtain two Master’s degrees in two years. The aim of this dual degree program is to prepare students for careers in geotechnical and geoenvironmental engineering fields by providing strong theoretical academic knowledge and applied practice experience to the students. Advantages Students are awarded two degrees in two years from prestigious and world-renowned universities. A degree of MEng/MSc in Geotechnical and Earth Resources Engineering from Asian Institute of Technology, Thailand, and an MS in Civil Engineering from Colorado State University, USA. Students have opportunities of networking with other students, researchers, and faculty from more than 50 countries during their studies at AIT and CSU. Students acquire knowledge and skills from unique curricula offered by the two institutes, including laboratory and field-scale experimentation, and mathematical modeling with high-speed computing facilities. Students have the opportunity to work jointly with AIT and CSU faculty members for their research study. Target group Highly motivated and ambitious candidates with a bachelor’s degree preferably in Civil, Geotechnical, Earth Resources, Geosystem Exploration & Petroleum Geoengineering, or related fields. Minimum Admissions Requirements Hold a Bachelor’s degree in engineering or a closely related field (normally from a four-year program), or its equivalent; Have undergraduate grades significantly above average; the minimum GPA requirement for admission to the Master’s Program is 3.0 or equivalent at the Bachelor’s degree level; English Proficiency Requirement: IELTS 6.5 (writing 6 minimum) or TOEFL IBT: 80 (writing 21-23); Three letters of recommendation Semester Aug-Dec (Year 1) Jan-May (Year 1) May-July (Inter-sem) Aug-Dec (Year 2) Jan-May (Year 2) Institute AIT (Thailand) AIT (Thailand) AIT (Thailand) CSU (USA) CSU (USA) Degree MEng/MSc in Geotechnical and Earth Resources Engineering MS in Civil Engineering Admission Process Interested candidates apply for admission with AIT and CSU simultaneously. The application website is https://www.ait.ac.th/admissions/application-form/ for AIT and https://gradadmissions.colostate.edu/apply/ for CSU. The application deadline is on 30 April. AIT will coordinate with CSU on admissions and short-listed candidates will be jointly interviewed for admissions and scholarships. Students will be admitted to both AIT and CSU. Scholarships AIT (First year): AIT will award AIT Scholarships based on the selected candidate’s academic credentials. CSU (Second year): CSU will award a graduate assistantship (GTA or GRA) which covers a monthly stipend of approximately US$ 1,800 and tuition Note: The cost does not include international and local travel expenses and students need to pay approximately US $1,100 per semester in student fees at CSU. Concerned Faculty Dr.
Kuo-Chieh Chao Associate Professor, Head of CIE Department Director of ACSIG Contacts Dr. Kuo-Chieh Chao Associate Professor, Geotechnical and Earth Resources Engineering Department of Civil and Infrastructure Engineering Asian Institute of Technology Email: geoffchao@ait.ac.th Prof. Charles D. Shackelford Professor and Department Head Department of Civil and Environmental Engineering Colorado State University Email: Charles.Shackelford@colostate.edu About AIT: https://www.ait.ac.th/ About CSU: https://www.colostate.edu/ Program Brochure Download",https://ait.ac.th/program/dual-degree-masters-program-in-geotechnical-and-earth-resources-engineering-with-colorado-state-university
Study options Explore our study options with this comprehensive resource on choosing your degree subject. Tailor your studies to your interests and aspirations. In this section Academic calendar Academic Programs / Areas of Specialization Study options Student opportunities Faculties Master’s Degree Programs Doctoral Degree Programs Open Master of Engineering/Science in Interdisciplinary Studies (OMIS) Minor in Entrepreneurship Flexible Master’s Option Erasmus Programs Unified Degree Programs Joint Degree Programs Dual Degree Programs Professional Master’s Programs Certificate Programs Flexible PhD Option One Year Master’s Degree Program Academics Academic calendar Academic Programs / Areas of Specialization Study options Student opportunities Faculties,https://ait.ac.th/academics/study-options/
"Flexible PhD Option Flexible PhD Option The “Flexible PhD Option” is a new alternative to our traditional “On-campus PhD Option” to conduct PhD studies at AIT. It is applicable to selected programs at 3 Schools. Students will receive the same degree and the same academic requirements apply as the program offered in our regular “On-campus Option”. Students can do almost all coursework online via AIT’s Hybrid Mode of Instruction (Certain programs may require a lab and research work on campus). How it Works Typically, the coursework is online via AIT’s Hybrid Instruction. Students take the same course offered to on-campus students via Hybrid Mode. All classes are recorded for later viewing. After completion of the coursework, students can do their PhD research in the AIT Campus at a flexible time. In coordination with the Program Chair, students may come to campus in short blocks or for entire semesters. This is not an online program; students still need to come to the AIT Campus for certain activities such as labs or research work and the graduation ceremony. However, we will allow high flexibility for such activities at our beautiful green AIT Campus in Thailand. The total flexible time to complete the program is 6 years. Advantages The Flexible Ph.D. Option gives you the flexibility you need! Flexible Time Management, “study when you’re free”, take courses online from home. Flexible Payment management, “pay as you study”, payment course-by-course. No need to come to the AIT Campus for most of your coursework. Work & Study at your own pace from any location. Cost The Flexible Ph.D. Option has the same cost as our regular “On-Campus Option”. However, all Schools provide AIT Scholarships for eligible candidates. To give you more flexibility, we allow you to pay course-by-course. You need to register for a minimum of 6 credits per semester. You may take up to 15 credits per semester. How to Apply To apply, go to the AIT online application form by clicking here and choose “Flexible PhD Degree” in the drop down menu of the selected program. Deadline The application submission is open. Payment First, you need to decide how many courses you want to enroll in, the minimum enrollment is 6 credits which is equivalent to 2 courses. The Program Secretary can advise you on details. You need to pay the full fee for your courses before the start of the semester. All details to make payments are at this website, Click here. Contact & Support For More Inquiry, please contact admissions@ait.ac.th FAQ Is the degree I get through the Flexible Master’s Option the same as the traditional full time on-campus master? Yes, it is the same degree and you will receive the same graduate diploma. Due to the current situation, AIT has decided to release this new option to better cater the needs of you. We hope that will facilitate your personal and professional development. What are the requirements for the Flexible Master’s Option? Is it the same as the traditional full time on-campus master? Yes, same entry and graduate requirements, because it’s the same degree that you will get. What is the English requirement for the PhD Master’s Option? It is the same as the traditional full-time on-campus PhD. Is the Flexible Master’s Option an online degree? No it’s not, you still need to come to the AIT campus for certain activities such as labs (only for certain programs) and research work. Do I need to prove that I am working to join the Flexible Master’s Option? No, you do not need to prove this. Actually, you can do the Flexible Master’s Option full time and graduate in 2 years Or as a part-time student and graduate within 4 years. It is totally up to your personal choice. How much does the Flexible Master’s Option cost? It cost the same as the traditional full-time master. However, we provide AIT Scholarships for qualifying applicants. Details are available from the Schools and the Program. In addition to the registration fee and tuition fees, you need to pay the application fee (800 Bath) and the Language Center fee (2000 Bath) only once. Can I get a scholarship for the Flexible Master’s option? Yes, qualifying applicants will get the AIT Scholarship. Of course, if you can find an external scholarship to support yourself, you are more than welcome to take this opportunity during your learning at AIT. When is the Flexible Master’s Option offered? It is offered in the Spring Semester in January. You can apply any time and need to pay the full fee for your registered courses (min 2 courses) before 8 January. How can I apply for the Flexible Master’s Option? The application is online at this link Application Form . Choose “Flexible Master Degree” in the drop-down menu of the selected program. How many courses I need to take minimum for every semester and how many courses maximum? You need to register for a minimum of 2 courses per semester (6 credits) and a maximum of 15 credits. How fast can I complete my master degree choosing the Flexible Master’s Option? The fastest completion time is similar to our full-time on-campus masters within a period of 2 academic years. How long I am allowed to study to complete the Flexible Master’s Option? The maximum study period is 4 academic years. How can I pay? You can pay by money transfer; the details are at this webpage: Payment Advice If I chose the Flexible Master’s Option, am I allowed to attend classes on the AIT campus? Yes, you can attend the classes on campus as well. That’s up to you if you follow classes online via our Hybrid Mode or come to the classroom on campus. However, AIT does not support visas for non-Thai students during coursework time. Can I choose any program of AIT for the Flexible Master’s Option? No, this option is only available for selected programs. The full list of Flexible Master’s Option programs is mentioned above on this page. How I can follow the lectures remotely? All lectures will be delivered online via AIT’s Hybrid Mode of Instruction. You can attend the classes online in real-time. Currently, we are using ZOOM to connect to the class. The lecturer will be able to see you on ZOOM on a screen in the classroom. You will be able to interact with the lecturer and the students in class and online. Do I need to have my own Zoom account to follow the classes online? No, you do not need to have a Zoom account. You will receive a ZOOM invitation to login into the registered classes. However, we require you to use your full name when you log in for the lecturer and the other students in class and online to see who you are. Are online classes recorded for later viewing? Yes, all classes will be recorded. You can view them any time later. What do I need to attend classes online? You need internet connection and a computer with camera and microphone. The other available option is to use a smartphone as well; however, we recommend you use a computer. Will I have AIT student status? Yes, you will be a registered AIT student like every student on campus. However, we do not provide a student visa for the time you conduct the online coursework. We will help you to obtain a student visa for the Master Thesis if you write the thesis on AIT campus. Will I have an AIT email? Yes, as an AIT student, you will have an AIT student email account during the study period. Can I come to the AIT campus for my thesis? Yes, you can come to the campus and stay on campus at our student residences. If you may prefer, you can stay for 2 semesters to complete your thesis on a full-time basis. Alternatively, you can make other arrangements with your supervisor, e.g. stay on campus in blocks and return home or leave for data collection. This is up to your supervisor and you to arrange. Can I come to AIT for my graduation? Yes, sure you can attend the AIT graduation ceremony. How much is the registration fee? The registration fee is calculated per credit of your registered courses per semester. The registration fee per credit is 1,667 Thai Baht. For a typical course of 3 credits, the fee is 5000 Thai Baht. You need to register for a minimum of 6 credits (typically 2 courses); then your total registration fee will be 10,000 Thai Baht per semester. Will AIT help me to get a study visa and come to Campus? Yes, if you come to campus after the completion of your coursework to conduct your thesis research (24 credits) or research study (12 credits) AIT will help you to get a student visa to come to campus. You will not get a student visa for the time you spend on coursework from your home country. Some programs may have a lab for which you need to come to campus. In those cases, AIT will also support your visa. Apply Now Program brochure For more information Click this link

Important Links:
Apply Now: https://admission.ait.ac.th/aoas/Applicant/FirstPage.aspx
Program brochure: https://ait.ac.th/wp-content/uploads/2021/12/Flexible-Master-Option-2021.pdf
Click this link: https://admission.ait.ac.th/aoas/Applicant/FirstPage.aspx

Additional Resources Found:
Context: To apply, go to the AIT online application form byclicking hereand choose “Flexible PhD Degree” in the drop down menu of the selected program. -> URL: https://admission.ait.ac.th/aoas/Applicant/FirstPage.aspx
Context: First, you need to decide how many courses you want to enroll in, the minimum enrollment is 6 credits which is equivalent to 2 courses. The Program Secretary can advise you on details. You need to pay the full fee for your courses before the start of the semester.All details to make payments are at this website,Click here. -> URL: https://www.ait.ac.th/admissions/payment-advice/",https://ait.ac.th/study/flexible-phd-option
"One Year Master’s Degree Program WHAT ARE THE BENEFITS OF A ONE-YEAR MASTER’S DEGREE PROGRAM AT THE ASIAN INSTITUTE OF TECHNOLOGY? In the past decade, there has been a very large increase globally in Master’s programs that are offered in an accelerated period of time so that they can be completed within one year. The main benefits of such programs are that they: SAVE TIME: This is particularly attractive to those who are working professionals or those who have recently graduated and would like a Master’s to strengthen their CV/resume as soon as possible in order to give them a competitive edge when applying for work. Students apply themselves intensively but for only half the time than students who follow a more traditional path on regular programs RETURN TO WORK/ENTER JOB MARKET EARLIER THAN COMPETITORS Reducing the amount of time required to earn a master’s degree allows graduates to re-enter the job market twelve months earlier that those that complete a graduate degree that follows a two year traditional format. This gives one-year degree candidates a jump start on the competition who who will complete their degree in two years. SAVE MONEY: Reducing the time required to earn a degree, reduces the costs associated with the degree. OBTAIN SAME COUREWORK KNOWLEDGE AS THOSE TAKING REGULAR/TRADITIONAL MASTERS PROGRAMS: At AIT, students taking the accelerated option sit in the same classes at those taking two years programs. The only difference is that regular Master’s Programs include thesis, internship, exchange and ‘minors’ options (note: for those who might want to complete a PhD in the future, completion of a research thesis when completing a Master’s is a highly recommended path). AIT Programs that can be completed in two semesters (10 months) Please click on the link to find out more information about each program. AgriBusiness Management (ABM) Agricultural Systems & Engineering (ASE) Aquaculture and Aquatic Resources Management (AARM) Food Engineering and Bioprocess Technology (FEBT) Food Innovation, Nutrition and Health (FINH) Climate Change and Sustainable Development (CCSD) Sustainable Energy Transition (SE) Development and Sustainability (DS) Gender and Development Studies (GDS) Natural Resources Management (NRM) Development Planning Management and Innovation (DPMI) Urban Innovation and Sustainability (UIS) Internet of Things (IoT) Systems Engineering Geotechnical and Earth Resources Engineering Water Engineering and Management Environmental Engineering and Management (EEM) AIT programs that can be completed in 12 months Please click on the link to find out more information about each program. MBA MSc International Finance MSc Business Analytics & Digital Transformation HOW TO APPLY? 1. Assess your eligibility and read about the process of application at: Click Here 2. Complete your application at: Click Here 3. Once you have submitted all required documents, your application will be reviewed within seven working days COSTS? Tuition fees for a regular program at AIT costs between 855,000-960,000 Thai Baht. Living costs for two years are 200,000-300,000. A One Year Master’s program costs between 480,000 and 632,000 Thai Baht with living costs half that of the regular Master’s programs. There is an opportunity to be considered for an AIT Scholarship for One Year Master’s programs. For more information on expenses, please Click Here Student Testimonials Ms. Sasithorn Saeung, (Thailand), MSc. International Finance, School of Management “The one-year program has been an impressive and memorable journey. I have not only explored and gained financial knowledge but also interact with various background of people; classmates, professors who are thoughtfully of teaching with very practical and in real market, and guest speakers. Moreover, the School has handled and managed the curriculum and hybrid classes to fit with the pandemic of covid19 very well. As a working student, who chose this one-year program, I am so glad to be here.” Mr. Ted Silan (The Philippines), MS in Sustainable Energy Transition “There were two things I was looking for when choosing where to pursue my Master’s degree, I wanted to do a one year Master’s program and pursue a program on sustainable energy transition. To my surprise, not many universities offered a Master’s program on energy transition in Thailand until I found AIT’s energy transition one year program, which ticked all the boxes I was looking for. The lecturers have been very supportive and inspirational in class and out of the classroom. So far, the program has been a constant challenge since switching from a different field of study from my bachelor’s, but the lecturers have always been available to answer my questions, students’ being active in group studies, and the environment of the university has made adapting to life at AIT and the level of a Master’s program easier.”

Additional Resources Found:
Context: 1. Assess your eligibility and read about the process of application at:Click Here2. Complete your application at:Click Here3. Once you have submitted all required documents, your application will be reviewed within seven working days -> URL: https://www.ait.ac.th/admissions/process/
Context: 1. Assess your eligibility and read about the process of application at:Click Here2. Complete your application at:Click Here3. Once you have submitted all required documents, your application will be reviewed within seven working days -> URL: https://www.ait.ac.th/admissions/application-form/
Context: Tuition fees for a regular program at AIT costs between 855,000-960,000 Thai Baht. Living costs for two years are 200,000-300,000. A One Year Master’s program costs between 480,000 and 632,000 Thai Baht with living costs half that of the regular Master’s programs. There is an opportunity to be considered for an AIT Scholarship for One Year Master’s programs. For more information on expenses, pleaseClick Here -> URL: https://www.ait.ac.th/admissions/expenses/",https://ait.ac.th/study/one-year-masters-degree-program
"Certificate Programs Faculty of Business Management Master of Business Administration (MBA) Business Analytics and Digital Transformation (MSc.) International Finance (MSc.) Faculty of Climate Change Climate Change and Sustainable Development (CCSD) Disaster Preparedness, Mitigation, and Management (DPMM) Urban Innovation and Sustainability (UIS) Sustainable Energy Transition (SE) Faculty of Infrastructure Environmental Engineering and Management (EEM) Water Engineering and Management (WEM) Construction, Engineering and Infrastructure Management (CEIM) Geotechnical and Earth Resources Engineering (GTE) Structural Engineering (STE) Transportation Engineering (TRE) Faculty of Public Policy Development Planning Management and Innovation (DPMI) Development and Sustainability (DS) Gender and Development Studies (GDS) Faculty of Resource Aquaculture and Aquatic Resources Management (AARM) AgriBusiness Management (ABM) Agricultural Systems & Engineering (ASE) Food Engineering and Bioprocess Technology (FEBT) Food Innovation, Nutrition and Health (FINH) Natural Resources Management (NRM) Faculty of Technology Computer Science (CS) Data Science and Artificial Intelligence (DSAI) Information & Communications Technologies (ICT) Information Management (IM) Internet of Things (IoT) Systems Engineering Remote Sensing and Geographic Information Systems (RS-GIS) Telecommunications (TC) Bio-Nano Material Science and Engineering (BNMSE) Mechatronics and Machine Intelligence (MMI) Medical Engineering (MDE) Industrial and Manufacturing Engineering (IME)",https://ait.ac.th/study/certificate-programs
"Professional Master’s Programs Professional Master Degree in Structural Design of Tall Buildings (PMTB) Project Management with specialization in Construction Project (Myanmar) Project Management with specialization in Construction Project (Vietnam) Professional Master program in Geotechnical Engineering and Management(PME-GEM) in Vietnam Professional Master of Engineering in Geo-exploration and Petroleum Geo-engineering Professional Master’s Program in Data Science (PMDS) AIT- UNITAR Professional Master’s Program in Data Science Applications(AIT-UNITAR PMDS) Professional Masters in Disaster Preparedness, Mitigation, and Management (DPMM) Banking & Finance Business Analytics & Digital Transformation Environmental, Social and Governance Social Business and Entrepreneurship Download Professional Master Prospectus Download",https://ait.ac.th/study/professional-masters-programs
"Flexible Master’s Option The “Flexible Master’s Option” is a new alternative to our traditional “On-campus Master Option” to conduct Master studies at AIT. It is applicable to selected programs at all of our schools. Students will receive the same degree and the same academic requirements apply as the program offered in our regular “On-campus Option”. Students can do almost all coursework online via AIT’s Hybrid Mode of Instruction (certain programs may require a lab and research work on campus). How it Works Typically, the 1st year is online via AIT’s Hybrid Instruction. Students may spread coursework over more than one year. Students take the same course offered to on-campus students via Hybrid Mode. All classes are recorded for later viewing. After completion of the coursework, students can do their research or thesis in the AIT Campus at a flexible time. In coordination with the Program Chair, students may come to campus in short blocks or up to 11 months, typically for thesis research work. This is not an online program; students still need to come to the AIT Campus for certain activities such as labs or research work and the graduation ceremony. However, we will allow high flexibility for such activities at our beautiful green AIT Campus in Thailand. Total flexible time to complete the program is 2 years at full time and 4 years as part time. Advantages The Flexible Master’s Option gives you the flexibility you need! Flexible Time Management, “study when you’re free” , take courses online from home. Flexible Payment management, “pay as you study” , payment course-by-course. No need to come to the AIT Campus for most of your coursework. Work & Study at your own pace from any location. Cost The Flexible Master’s Option has the same cost as our regular “On-Campus Option”. However, all Schools provide AIT Scholarships for eligible candidates. To give you more flexibility, we allow you to pay course-by-course. You need to register for a minimum of 6 credits per semester (equivalent to 2 courses). You may take up to 15 credits per semester. How to Apply To apply, go to the AIT online application form by clicking here and choose “Flexible Master Degree” in the drop down menu of the selected program. Deadline The application is currently open. Payment First, you need to decide for how many courses you want to enrollee, the minimum enrollment is 6 credits which is equivalent to 2 courses. The Program Secretary can advise you on details. You need to pay the full fee for your courses before the start of the semester. All details to make payments are at this website, Click here . Contact & Support For More Inquiry, please contact: admissions@ait.ac.th FAQ Is the degree I get through the Flexible Master’s Option the same as the traditional full time on-campus master? Yes, it is the same degree and you will receive the same graduate diploma. Due to the current situation, AIT has decided to release this new option to better cater the needs of you. We hope that will facilitate your personal and professional development. What are the requirements for the Flexible Master’s Option? Is it the same as the traditional full time on-campus master? Yes, same entry and graduate requirements, because it’s the same degree that you will get. What is the English requirement for the Flexible Master’s Option? It is the same as the traditional full-time on-campus master’s? Is the Flexible Master’s Option an online degree? No it’s not, you still need to come to the AIT campus for certain activities such as labs (only for certain programs) and research work. Do I need to prove that I am working to join the Flexible Master’s Option? No, you do not need to prove this. Actually, you can do the Flexible Master’s Option full time and graduate in 2 years Or as a part-time student and graduate within 4 years. It is totally up to your personal choice. How much does the Flexible Master’s Option cost? It cost the same as the traditional full-time master. However, we provide AIT Scholarships for qualifying applicants. Details are available from the Schools and the Program. In addition to the registration fee and tuition fees, you need to pay the application fee (800 Bath) and the Language Center fee (2000 Bath) only once. Can I get a scholarship for the Flexible Master’s option? Yes, qualifying applicants will get the AIT Scholarship. Of course, if you can find an external scholarship to support yourself, you are more than welcome to take this opportunity during your learning at AIT. When is the Flexible Master’s Option offered? It is offered in the Spring Semester in January. You can apply any time and need to pay the full fee for your registered courses (min 2 courses) before 8 January. How can I apply for the Flexible Master’s Option? How can I apply for the Flexible Master’s Option? The application is online at this link Application Form . Choose “Flexible Master Degree” in the drop-down menu of the selected program. How many courses I need to take minimum for every semester and how many courses maximum? You need to register for a minimum of 2 courses per semester (6 credits) and a maximum of 15 credits. How fast can I complete my master degree choosing the Flexible Master’s Option? The fastest completion time is similar to our full-time on-campus masters within a period of 2 academic years. How long I am allowed to study to complete the Flexible Master’s Option? The maximum study period is 4 academic years. How can I pay? You can pay by money transfer; the details are at this webpage: Payment Advice If I chose the Flexible Master’s Option, am I allowed to attend classes on the AIT campus? Yes, you can attend the classes on campus as well. That’s up to you if you follow classes online via our Hybrid Mode or come to the classroom on campus. However, AIT does not support visas for non-Thai students during coursework time. Can I choose any program of AIT for the Flexible Master’s Option? No, this option is only available for selected programs. The full list of Flexible Master’s Option programs is mentioned above on this page. How I can follow the lectures remotely? All lectures will be delivered online via AIT’s Hybrid Mode of Instruction. You can attend the classes online in real-time. Currently, we are using ZOOM to connect to the class. The lecturer will be able to see you on ZOOM on a screen in the classroom. You will be able to interact with the lecturer and the students in class and online. Do I need to have my own Zoom account to follow the classes online? No, you do not need to have a Zoom account. You will receive a ZOOM invitation to login into the registered classes. However, we require you to use your full name when you log in for the lecturer and the other students in class and online to see who you are. Are online classes recorded for later viewing? Yes, all classes will be recorded. You can view them any time later. What do I need to attend classes online? You need internet connection and a computer with camera and microphone. The other available option is to use a smartphone as well; however, we recommend you use a computer. Will I have AIT student status? Yes, you will be a registered AIT student like every student on campus. However, we do not provide a student visa for the time you conduct the online coursework. We will help you to obtain a student visa for the Master Thesis if you write the thesis on AIT campus. Will I have an AIT email? Yes, as an AIT student, you will have an AIT student email account during the study period. Can I come to the AIT campus for my thesis? Yes, you can come to the campus and stay on campus at our student residences. If you may prefer, you can stay for 2 semesters to complete your thesis on a full-time basis. Alternatively, you can make other arrangements with your supervisor, e.g. stay on campus in blocks and return home or leave for data collection. This is up to your supervisor and you to arrange. Can I come to AIT for my graduation? Yes, sure you can attend the AIT graduation ceremony. How much is the registration fee? The registration fee is calculated per credit of your registered courses per semester. The registration fee per credit is 1,667 Thai Baht. For a typical course of 3 credits, the fee is 5000 Thai Baht. You need to register for a minimum of 6 credits (typically 2 courses); then your total registration fee will be 10,000 Thai Baht per semester. Will AIT help me to get a study visa and come to Campus? Yes, if you come to campus after the completion of your coursework to conduct your thesis research (24 credits) or research study (12 credits) AIT will help you to get a student visa to come to campus. You will not get a student visa for the time you spend on coursework from your home country. Some programs may have a lab for which you need to come to campus. In those cases, AIT will also support your visa. Apply Now Program brochure For more information Click this link

Important Links:
Apply Now: https://admission.ait.ac.th/aoas/Applicant/FirstPage.aspx
Program brochure: https://ait.ac.th/wp-content/uploads/2021/12/Flexible-Master-Option-2021-1.pdf
Click this link: https://admission.ait.ac.th/aoas/Applicant/FirstPage.aspx

Additional Resources Found:
Context: To apply, go to the AIT online application form byclicking hereand choose “Flexible Master Degree” in the drop down menu of the selected program. -> URL: https://admission.ait.ac.th/aoas/Applicant/FirstPage.aspx
Context: First, you need to decide for how many courses you want to enrollee, the minimum enrollment is 6 credits which is equivalent to 2 courses. The Program Secretary can advise you on details. You need to pay the full fee for your courses before the start of the semester.All details to make payments are at this website,Click here. -> URL: https://www.ait.ac.th/admissions/payment-advice/",https://ait.ac.th/study/flexible-masters-option
"Dual Degree Programs Dual Degree Master’s Program in Water Engineering and Management with Colorado State University Dual Degree Master’s Program in Geotechnical and Earth Resources Engineering with Colorado State University Dual Degree Master’s Program in Asian Institute of Technology and the University of Iowa Dual Master’s Degree from AIT and Telecom Sud Paris France Dual Master’s Degree from AIT and the University of Nice Sophia Antipolis (UNS) in France International Dual Degree Program with University of Wollongong (Australia) Dual Degree Master’s Program in Wireless Communications Engineering with University of Oulu (UOulu) Dual Master’s Degree Program with Indian Institute of Technology Gandhinagar (IITGN), India Dual Master’s Degree Program with SRM Institute of Science and Technology (SRMIST), India Dual Doctoral Degree Program with Indian Institute of Technology Kanpur (IITK), India Dual Doctoral Degree Program with Indian Institute of Technology Rookee (IITR), India Dual Doctoral Degree Program with Indian Institute of Technology Gandhinagar (IITGN), India Dual Doctoral Degree Program with Indian Institute of Technology Madras (IITM), India Dual Degree Master’s Program in Semiconductor Engineering with the National Taipei University of Technology (Taipei Tech), Taiwan",https://ait.ac.th/study/dual-degree-programs
"Doctoral Degree Programs Faculty of Business Management Doctor in Business Administration (DBA) Phd in Management Faculty of Climate Change Climate Change and Sustainable Development (CCSD) Disaster Preparedness, Mitigation, and Management (DPMM) Urban Innovation and Sustainability (UIS) Sustainable Energy Transition (SE) Faculty of Infrastructure Environmental Engineering and Management (EEM) Water Engineering and Management (WEM) Construction, Engineering and Infrastructure Management (CEIM) Geotechnical and Earth Resources Engineering (GTE) Structural Engineering (STE) Transportation Engineering (TRE) Faculty of Public Policy Development Planning Management and Innovation (DPMI) Development and Sustainability (DS) Gender and Development Studies (GDS) Faculty of Resource Aquaculture and Aquatic Resources Management (AARM) AgriBusiness Management (ABM) Agricultural Systems & Engineering (ASE) Food Engineering and Bioprocess Technology (FEBT) Food Innovation, Nutrition and Health (FINH) Natural Resources Management (NRM) Faculty of Technology Computer Science (CS) Data Science and Artificial Intelligence (DSAI) Information & Communications Technologies (ICT) Information Management (IM) Internet of Things (IoT) Systems Engineering Remote Sensing and Geographic Information Systems (RS-GIS) Telecommunications (TC) Bio-Nano Material Science and Engineering (BNMSE) Mechatronics and Machine Intelligence (MMI) Medical Engineering (MDE) Industrial and Manufacturing Engineering (IME)",https://ait.ac.th/study/doctoral-degree-programs
"Master’s Degree Programs Faculty of Business Management Master of Business Administration (MBA) Business Analytics and Digital Transformation (MSc.) International Finance (MSc.) Faculty of Climate Change Climate Change and Sustainable Development (CCSD) Disaster Preparedness, Mitigation, and Management (DPMM) Urban Innovation and Sustainability (UIS) Sustainable Energy Transition (SE) Faculty of Infrastructure Environmental Engineering and Management (EEM) Water Engineering and Management (WEM) Construction, Engineering and Infrastructure Management (CEIM) Geotechnical and Earth Resources Engineering (GTE) Structural Engineering (STE) Transportation Engineering (TRE) Faculty of Public Policy Development Planning Management and Innovation (DPMI) Development and Sustainability (DS) Gender and Development Studies (GDS) Faculty of Resource Aquaculture and Aquatic Resources Management (AARM) AgriBusiness Management (ABM) Agricultural Systems & Engineering (ASE) Food Engineering and Bioprocess Technology (FEBT) Food Innovation, Nutrition and Health (FINH) Natural Resources Management (NRM) Faculty of Technology Computer Science (CS) Data Science and Artificial Intelligence (DSAI) Information & Communications Technologies (ICT) Information Management (IM) Internet of Things (IoT) Systems Engineering Remote Sensing and Geographic Information Systems (RS-GIS) Telecommunications (TC) Bio-Nano Material Science and Engineering (BNMSE) Mechatronics and Machine Intelligence (MMI) Medical Engineering (MDE) Industrial and Manufacturing Engineering (IME)",https://ait.ac.th/study/masters-degree-programs
"Unified Degree Programs The Bachelor’s Degree will be awarded by Partner University while the Master’s Degree will be awarded by AIT. This accelerated program links AIT to partner universities, allowing students to earn a Bachelor’s degree and a Master’s degree in minimum of 5 years! Details about the Unified Programs are available at this link https://sdp.ait.ac.th/unifiedmasters AIT has partnered with universities/institutions from different countries and developed the Unified Bachelor-Masters Program. Partner universities include: Bangladesh University of Liberal Arts Bangladesh China Beijing Institute of Technology (BIT) Shanghai Ocean University (SHOU) Czech Republic University of West Bohemia (ZCU) India Presidency University, Bengaluru Jawaharlal Nehru Technological University Kakinada (JNTUK), Andhra Pradesh Jawaharlal Nehru Technological University Hyderabad (JNTUH), Telangana National Institute of Technology Warangal (NITW), Andhra Pradesh K L University (KLU), Andhra Pradesh Nepal Kathmandu University (KU) Vietnam Van Lang University (VLU) National Economics University (NEU) Nguyen Tat Thanh University (NTTU) Thailand Chulalongkorn School of Integrated Innovation (CSII), Chulalongkorn University King Mongkut’s Institute of Technology Ladkrabang (KMITL) Siam University (SU) College of Industrial Technology – King Mongkut’s University of Technology North Bangkok (CIT-KMUTNB) Chiang Mai University (CMU)",https://ait.ac.th/study/unified-degree-programs
"Minor in Entrepreneurship The Minor in Entrepreneurship (MES) will give you a solid foundation starting “to think business minded”, understand products, services and market fit, marketing and sales and to start and run a company and understand corporate entities and their governance, contracts, intellectual property and human resources. A business is a complex construct, we will break it down in its elements and you learn how those elements work individually and how they are connected to each other. At the end of this program you will have the ability to participate and understand communications of business leaders. Have the foundation to start your own business or become a valuable partner in existing businesses, for profit or social, business principles are very similar. The program is jointly offered by the School of Management (SOM) and the School of Engineering and Technology (SET). The minor is taught by Faculty from SOM and SET and several external experts. The AIT Entrepreneurship Center is facilitating the minor and helps in all organization issues. If you are a SOM MBA student and you want to choose “Area of Specialization in Entrepreneurship”, please click here to see the required courses. Curriculum The Minor is a 12 credit program , organized in 4 Terms over a period of 8 weeks per term (includes exam) . There are 3 required courses with a total of 9 credits and students can select an elective of 3 credits ; making it a total of 12 credits. The 3 required courses in brief are: 1) “SM80.1704 – Entrepreneurship and New Ventures” is a foundation course. At this course, the student groups each having a startup idea are formed. Offered in Term 1 3) “AT84.9001 and AT84.1001 – In the Mind of the Entrepreneur   –   Part A and B” equips students and the startup groups with the necessary tools to build and run a startup company. Offered in Terms 2 and 3 4) “AT84.1101 – Entrepreneur in Action” applies the knowledge, methods and tools of the previous two courses to actually create a startup company until the stage to receive first funding and sell the first product. Such startups are ready to be incubated in the future AIT Incubator. Offered in Term 4 The electives are: SM80.1707 Managing Technology and Innovation; 3 credits; June SM80.1709 Operation Management; 3 credits; October SM80.1711 Strategic Management;  3 credits; October SM94.06 Decision making, Risk and Opportunities: Creative, design and critical thinking in complex multi-parameter environments to derive strategies and decision making; 3 credits; October The Terms and the respective courses with learning outcomes are as follows: Term 1 – August “SM80.1704 – Entrepreneurship and New Ventures” – 3 credits Course Objective : The objective of this course is to provide an understanding of the interrelationships between the management of new ventures and entrepreneurship in an innovation-driven and knowledge-based economic development. In addition, this course will enable students to design and present to venture capitalists/professional investors both, a business model canvas and a complete business plan for a new business venture. This course helps students to understand typical success and failure factors most frequently encountered by new business ventures in knowledge intensive industries and provide future entrepreneurs with strategic tools of planning the operations for the new company. Course work: Days 1-2 Warm-up:  Experience, interest and questions “in the room” Micro overview: Who/what/why/how’s of entrepreneurs and entrepreneurship Macro overview: Startup ecosystems and entrepreneurial infrastructure Entrepreneurial process: Triggers, diagnosis, challenge, options and plan Case analysis Skill 1: Design thinking Tool: Problem mapping Brainstorm triggers and team formation Guest speakers Days 3-4 Value propositions Tool: Journey mapping Skill 2: Blue Ocean Strategy (case and exercise) Fundamental strategies and business model canvas (case) Skill 3: Strategic pivots Presentations: Triggers  Diagnosis  Challenge  Options Stakeholders and 4-hurdle strategies Pitch basics Guest speakers Day 5-6 Execution:  Business model canvas and plan New venture nuts and bolts Incubators, accelerators and platforms Consolidate insights from interviews with founders and business owners Peer team feedback on draft pitch decks and supporting slides Financing:  Angel investing, venture capital Pitches Guest speakers Learning Outcomes: Entrepreneurship is fundamentally about identifying problems and opportunities, gaining insights into those problems and opportunities, generating proposals to address them, and ensuring that initiatives can be implemented successfully.  To this end, this course will contribute to your: analytic, entrepreneurial and creative problem-solving skills, communication skills and ability to engage with and gain buy-in from key stakeholders. ASSESSMENT Participation (10%) Preparedness for sessions, active and valuable contribution to discussions, and attendance (if on Zoom, camera on). Memo: Entre- and/or intra-preneurial opportunity candidates (10%) Individually, you will prepare a memo in which you propose 6 problems or opportunities that you may want to use in exercises in sessions during this course and for your final project.  (These are not binding; i.e., you may change to another problem/opportunity later.)  These include (1) any problem or opportunity that you think is worth addressing but not related to any specific organization (i.e., could be the basis for a new venture), (2) a new technology that could be applied in different ways to different industries or problems, and (3) a problem or opportunity related to your current organization or another specific organization (i.e., potential intra-preneurial initiative). Due on Day 2 Interview with founder or business owner (20%) Each student will interview a founder or business owner to gain insights into how they started their business, challenges they faced and their “journey”, and related management and strategic issues they must deal with.  Guidelines will be distributed. Due on Day 5 Pitch project (60%): Main pitch deck and supporting back-up slides Instead of a final exam, you (individually or in a team of up to 3 people) will develop an entrepreneurial proposal, either for a new firm, a major new revenue stream in an existing firm, or a major new initiative in a not-for-profit organization (government agency, non-profit, etc). If you choose to focus on a not-for-profit organization, then “value creation” need not be in pursuit of revenue/profit, but must deliver some kind of new value to a focal stakeholder.  The pitch deck will be evaluated on how attractive, clear and convincing is your proposal and should be designed for a 10-minute pitch presentation.  Additional, more detailed content should be appended in back-up slides. Detailed guidelines will be distributed separately. Full draft version due and will be presented on final day of course. Term 2 – October “AT84.9001 – In the Mind of the Entrepreneur   –   Part A” – 1.5 credits Course Objective : This course is designed for students aiming at launching or joining a very early-stage company, students willing to pursue a career in early-stage investment, or those curious to understand how startups works. The objective of this course is to explain the key milestones a startup needs to achieve in order to successfully reach growth stage (series B). In parallel, students will get to apply the concepts taught on their own business idea and should be prepared to launch their company with a viable product. Course Design: This course is the second course that makes up the Minor in Entrepreneurship . The course is divided into 2 parts, Part A and Part B. Each part carries 3 credits and is accessed and graded individually. Students will continue to work in groups formed in the previous course “ Entrepreneurship and New Ventures”. Learning Outcomes :  Students on completion of this course would be able to: After Part A of the course: Define a customer profile Create a prototype of product or service Estimate the best price and pricing model for their business idea Prepare a sales pitch Oversee the development of a lead automation tool Learning Outcomes – Progression towards a startup company: At the end of Part A of this course, students have a full validation, segmentation, and consumer evidence of the market for the product and startup idea of the group. Term 3 – January “AT84.1001 – In the Mind of the Entrepreneur   –   Part B” – 1.5 credits Course Objective : This course is designed for students aiming at launching or joining a very early-stage company, students willing to pursue a career in early-stage investment, or those curious to understand how startups works. The objective of this course is to explain the key milestones a startup needs to achieve in order to successfully reach growth stage (series B). In parallel, students will get to apply the concepts taught on their own business idea and should be prepared to launch their company with a viable product. Course Design: This course is the second course that makes up the Minor in Entrepreneurship . Students will continue to work in groups formed previously. Learning Outcomes :  Students on completion of this course would be able to: After Part B of the course: Understanding company leadership and legal structures Prepare basic documents such as cap tables, terms sheets, resolutions Apply management and leadership skills Convince investors to deploy capital in their business idea Negotiate the main contract of small startup Learning Outcomes – Progression towards a startup company: At the end of Part B of this course, students fully understand the management structure and legal structure of a startup and can prepare documents to receive funding for the startup idea of the group. Term 4 – March “AT84.1101 – Entrepreneur in Action” – 3 credits Course Objective :  The main objective of this course is to confront the student to the real life of an entrepreneur with the benevolent support of mentors, academics and alumni. Students are expected to be able to identify and reach out to key stakeholders for their business idea and influence or convince them to purchase their product or service or to invest in their company. At the end of this course, students (and the start-up group) can confidently pitch their ideas to investors and have prepared all due diligence materials. The proposed start-up is ready to receive funding and make first sales and could be incubated for growth. Course Design: This course is the last course that makes up the Minor in Entrepreneurship . Students will continue to work in groups formed in the first course “ Entrepreneurship and New Ventures” and will build on the knowledge and management skills learned in the previous course “In the Mind of the Entrepreneur“. This course is mainly practical, and students and student groups are working with their mentor. Learning Outcomes – Progression towards a startup company: At the end of this course, students and the startup idea group are ready to confidently pitch their ideas to investors and have prepared all due diligence materials. The proposed start-up is ready to receive funding. For SOM’s MBA student with “Area of Specialization in Entrepreneurship” Students must complete 12 credits of the courses listed below: 1) “SM80.1704 – Entrepreneurship and New Ventures” is a foundation course. At this course, the student groups each having a startup idea are formed. Offered in Term 1 2) “AT84.9001 and AT84.1001 – In the Mind of the Entrepreneur   –   Part A and B” equips students and the startup groups with the necessary tools to build and run a startup company. Offered in Terms 2 and 3 3) “AT84.1101 – Entrepreneur in Action” applies the knowledge, methods and tools of the previous two courses to actually create a startup company until the stage to receive first funding and sell the first product. Such startups are ready to be incubated in the future AIT Incubator. Offered in Term 4 4) SM94.03 Risk and Decision-making: Critical Thinking and Problem Solving; 3 credits; October Contacts AIT Entrepreneurship Center secretary entrepreneurship@ait.ac.th

Additional Resources Found:
Context: If you are a SOM MBA student and you want to choose “Area of Specialization in Entrepreneurship”, pleaseclick hereto see the required courses. -> URL: https://ait.ac.th/study/minor-in-entrepreneurship#anchor-here",https://ait.ac.th/study/minor-in-entrepreneurship
"Joint Degree Programs Asian Institute of Technology (AIT) in Thailand and IHE Delft Institute for Water Education in the Netherlands, have been jointly offering a Joint Degree Master’s program on Urban Water Engineering and Management (UWEM) since 2009. The program gives an excellent opportunity to gain knowledge and experience from both Asia and Europe environment. Application Procedure For IHE Delft Institute for Water Education, The Netherlands: Website Link ( https://www.un-ihe.org/msc-programmes/specialization/urban-water-engineering-and-management-0/ ) For AIT, Bangkok, Thailand: Apply online through AIT Admissions Website Link ( https://admission.ait.ac.th/aoas/Applicant/FirstPage.aspx ) Please mention clearly that you are applying for the joint degree program in Urban Water Engineering and Management (UWEM). Costs and Expenses The fee structure of this joint degree program is different from the regular AIT Degree program. Please Click here for Fees and Expenses under this joint degree program . Academic Funding Application for Admissions with Available Funding For applicants with prospective funding from their employers or other sources, the application procedures above should be followed. Applications will be accepted until 31 May . If an applicant requires an admission offer from AIT to seek financial support from external sources, please apply as soon as possible. Prof C. Visvanathan ( visu@ait.ac.th ); or Prof Mukand S. Babel ( msbabel@ait.ac.th ) Dr. Tenzin Rabgyal ( tenzin@ait.asia ) of AIT or Ms. Ineke Melis ( i.melis@un-ihe.org ) of IHE Delft Institute for Water Education UN-IHE Website http://www.un-ihe.org/ AIT Admissions https://admission.ait.ac.th/aoas/Applicant/FirstPage.aspx Orange Knowledge Programme https://www.un-ihe.org/orange-knowledge-programme UN-IHE UWEM Programme https://www.un-ihe.org/msc-programmes/specialization/urban-water-engineering-and-management-0 Download Costs https://pronto-core-cdn.prontomarketing.com/2/wp-content/uploads/sites/2404/2020/04/Cost-UWEM-2020-2022inclticket.pdf Deadline: 10 June",https://ait.ac.th/study/joint-degree-programs
"Open Master of Engineering/Science in Interdisciplinary Studies (OMIS) What is the new AIT OPEN MASTER? The new AIT OPEN MASTER OF ENGINEERING/SCIENCE IN INTERDISCIPLINARY STUDIES (OMIS) is a truly “Multidisciplinary approach” spanning all existing programs at AIT. It is designed for students with a clearly articulated research plan of multidisciplinary nature. We seek students who have unique educational objectives and want to pursue a multidisciplinary study spanning over different fields. The OMIS program encourages interdisciplinary thinking, courses and research that involves more than one of the AIT Focus Areas, and thus, offers students an academic freedom to define their unique study and research plans that best match their interests and goals.’ Prospective students need to submit a research proposal which indicated their research interest and if admitted they will work with their supervisor and co-supervisor from different programs/research areas to develop their full study and research plans. Students can choose any course from different departments/schools to fulfill their unique multidisciplinary research goals. For the course work, there will be almost no restrictions other than a limit of courses from the same Department. The motto of the AIT OPEN MASTER is “Design Your Own Curriculum Design Your Future” . Students must submit a ‘tentative’ Master’s study and research plan. This plan shall include a “Research Plan” outlaying the intended interdisciplinary research and a “Study Plan” proposing the courses to lay the base for the proposed research plan. Students can design a study plan melting business courses from SOM with engineering courses from SET and sustainable technology courses from SERD. The OMIS program also encourages translational research and entrepreneurship to support AITs goal on “Social Impact with Innovation”. What Degree will I get? Depending on your bachelor’s degree, you will either get a Master of Engineering or a Master of Science, the full name on your degree will be “Open Master of Engineering/Science in Interdisciplinary Studies”. In addition, your field of research will be added in brackets after the degree name. For example, your bachelor was in Electronics Engineering and your research was to control a robot by your brainwaves it could be “Open Master of Engineering in Interdisciplinary Studies (Human Machine Interfaces)”. What Degree Options are Available? The program is offered as our traditional 2-year On-Campus option (The Flexible Master’s Option is only available on a case-by-case basis in consolidation with the supervisor). Can I get a Scholarship? Yes, all our regular scholarships are applicable to the new OMIS program. However, scholarships are given out on a competitive basis and there is no guarantee to receive them. After your application AIT will select the best matching scholarship for you automatically. You do not need to apply for a scholarship from AIT. Alternative, you may apply for a scholarship from your government or other organization. If you intend to do so, please contact us at the email provided below if you need supporting documents from AIT. What are the Advantages? The Open Master gives you the flexibility and academic freedom you need! Choose from all courses offered by AIT. Create your unique own curriculum. Blend engineering with business and sustainability with courses from all 3 schools. Combine your research interest and study with an internship or exchange. Stay out of the crowd with your unique curriculum and research. What are the Details of the Curriculum? With the program’s emphasis on multidisciplinary research, the following program structure is allowed: 24-credit coursework + 24-credit thesis 24-credit coursework + 12-credit internship or exchange + 12-credit research study 36-credits coursework + 12 credits research study Admitted students will design their individualized study program with their supervisors and co-supervisors. The study plan can be tailored for each student to best suit his/her interests and to fulfill the multidisciplinary research goal. Hence, with the supervisor recommendations and approvals, students can select any relevant courses from any programs/schools within AIT. Certain requirements to design the study program shall be applied, such are: Program Rules: For 24 credits coursework: Students shall take courses from at least 2 Departments (maximum 12 credits per Department) For 36 credits coursework: Students shall take courses from at least 2 Departments (maximum 18 credits per Department) Students shall take courses from at least 3 programs The study plan must support and match the research plan Program Guildlines: It is encouraged to take courses from more than 3 programs. It is encouraged to take courses from all 3 schools. It is encouraged to engage in translational and/or entrepreneurial work What is the Cost? The OPEN MASTER has the same cost as our other programs. View Expenses What Research and Study Plan must I Submit for the Application? You must submit a Research Plan that outlines your intended research interest. The Research Plan shall include at least: Title, Research Field, Hypothesis to proof/disproof, Research Methodology, Facilities Needed, Impact Statement, References. The impact statement shall also include if your research can be translated and how your research and its potential translation will support AITs goal on “Social Impact with Innovation”. The length shall be 2-4 pages. After definition of your research plan you can design your Study Plan and select courses to support your research. You may submit a table with courses and a justification on how the selected course will help you in your future research. The length shall be 2 to 3 pages. What Type of Research and Courses are Available at AIT for the Open Master? AIT offer a wide range of research and study opportunities and there is hardly any limit. However, you may consider choosing interdisciplinary research within AITs Focus Research Areas listed here: Climate Change Food-Energy-Water Infrastructure Smart Communities Technology, Policy and Development The courses are available on the three School webpages of SET, SERD and SOM with the links provided here: Click Here I do not know what I want to Study; shall I Choose the Open Master? No, you should not! The OPEN MASTER is for students with a very clear Research and Study Plan and strong desire to study and research a well-defined interdisciplinary topic. How to Apply? To apply, go to the AIT online application form by Clicking Here and choose “Open Master of Engineering/Science in Interdisciplinary Studies”. You also need to submit a Study Plan and a Research Plan in addition to the other required documents. Deadline The application deadline is like our other programs. Check Deadline Payment The payment follows the same process as for other programs. All details to make payments are at this website, Click here. Contact & Support For more Inquiry, please contact the us at this email: openmaster@ait.ac.th Apply Now Program brochure For more information Click this link

Important Links:
Apply Now: https://admission.ait.ac.th/aoas/Applicant/FirstPage.aspx
Program brochure: https://ait.ac.th/wp-content/uploads/2021/12/OMP-AIT-2021.pdf
Click this link: https://admission.ait.ac.th/aoas/Applicant/FirstPage.aspx

Additional Resources Found:
Context: The courses are available on the three School webpages of SET, SERD and SOM with the links provided here:Click Here -> URL: https://www.ait.ac.th/education/schools
Context: To apply, go to the AIT online application form byClicking Hereand choose “Open Master of Engineering/Science in Interdisciplinary Studies”.You also need to submit a Study Plan and a Research Plan in addition to the other required documents. -> URL: https://www.ait.ac.th/admissions/application-form/
Context: The payment follows the same process as for other programs. All details to make payments are at this website,Click here. -> URL: https://www.ait.ac.th/admissions/payment-advice/",https://ait.ac.th/study/open-master-of-engineering-science-in-interdisciplinary-studies-omis
"Erasmus Programs University of Granada, Spain (Erasmus+ Key Action 1 -Mobility for learners and staff- Higher Education Student and Staff Mobility) Vilnius Gediminas Technical University, Lithuania (Erasmus+ Key Action 1 -Mobility for learners and staff- Higher Education Student and Staff Mobility) Tallinn University of Technology (TalTech), Estonia (Erasmus+ Key Action 1 -Mobility for learners and staff- Higher Education Student and Staff Mobility) University of Minho, Portugal (Erasmus+ Key Action 1 -Mobility for learners and staff- Higher Education Student and Staff Mobility)",https://ait.ac.th/study/erasmus-programs
"Student opportunities Once you are officially admitted to a our programs at AIT, you can enjoy these many opportunities. In this section Academic calendar Academic Programs / Areas of Specialization Study options Student opportunities Faculties Student Assistantships Assistantships Student International Exchange International Exchange Program Student Internships Internships Career Center Career Center Academics Academic calendar Academic Programs / Areas of Specialization Study options Student opportunities Faculties",https://ait.ac.th/academics/student-opportunities/
"Admissions AIT welcomes talented, high-achieving students who contribute a wide diversity of views, experiences and perspectives. In this section Admissions Eligibility Financial aid Tuition and fees Student housing Apply online Frequently Asked Questions Join us at AIT We want to get to know you through your application, to hear your voice and explore your potential. We hope you get to know yourself better through the application process, too. Across each and every program, we actively seek students from a wide variety of backgrounds. We value the exceptional academic talent, intellectual curiosity, individual perspectives, creativity, and other defining attributes that each student uniquely contributes to our community. Programs AIT provides students with distinctive opportunities to undertake their studies in rigorous and challenging ways. Each programs requires its own application for participation. Deadlines and notifications The AIT academic year consists of two semesters: January and August. The deadlines of applications for admissions and financial aid (Scholarships) are as follows: January Semester/Term Intake: • 20 December is the deadline for overseas applicants, requiring educational visa March Term Intake (only for Faculty of Business Management) • 15 February is the deadline for overseas applicants, requiring educational visa • 25 February is for other applicants June Term Intake (only for Faculty of Business Management) • 15 May is the deadline for overseas applicants, requiring educational visa • 25 May is for other applicants August Semester/Term Intake: January Intake • 28 February is the deadline for HM King’s and Queen’s, and GMS scholarships • 31 March is the deadline for other Scholarships (i.e. ADB-JSP, Bangchak: Master and Doctoral and others. • 10 June is the deadline for AIT Scholarships including RTG Fellowships. • 30 June is the deadline for overseas applicants, requiring educational visa • 25 July is for other applicants October Term Intake (only for Faculty of Business Management) • 15 September is the deadline for overseas applicants, requiring educational visa • 25 September is for other applicants Further Inquiries For further inquiries on AIT Admissions Requirements and Procedures. You may also contact the following address: Admissions and Scholarships Unit Asian Institute of Technology P.O. Box 4, KlongLuang Pathumthani 12120 THAILAND (662) 524 5024, 31-33 admissions@ait.ac.th APPLY ONLINE Apply Admissions Eligibility Financial aid Tuition and fees Student housing Apply online Frequently Asked Questions",https://ait.ac.th/admissions/
"Eligibility AIT provides equal academic opportunities to all applicants and students regardless of their national origin, gender, age, marital status or disability. In this section Admissions Eligibility Financial aid Tuition and fees Student housing Apply online Frequently Asked Questions Admission requirements The Asian Institute of Technology (AIT) provides equal academic opportunities to all applicants and students regardless of their national origin, gender or sexual orientation, age, religion, marital status or disability. Please note that an applicant can only apply for one program at a time and pay the application processing fee: 25 USD or 800 Baht. Our competitive admission requirements vary depending on your educational background and the program(s) you want to study. Select your educational background to review requirements: Master’s degree Doctoral degree Certificate and special program Fellows of AIT Bridging program English proficiency requirement for admission Special Students: Exchange and Visiting Students Application form Apply Admissions Eligibility Financial aid Tuition and fees Student housing Apply online Frequently Asked Questions",https://ait.ac.th/eligibility/
"Master’s Degree Program Eligibility Requirements for the Master’s Degree Program MSc/MEng: 2 Year Program MS/MA: 1 Year Program MBA: 2 Year and 1 Year Program PM: 1 Year Program To be eligible for admission to the regular Master’s program, an applicant must: Hold a Bachelor’s degree (normally from a four-year program), or its equivalent, in an appropriate field of study from an institution of good standing acceptable to AIT; Have undergraduate grades significantly above average; the minimum cGPA requirement for admission to the Master’s Program is 2.75 or equivalent, at the Bachelor’s degree level; English Proficiency Requirement: AIT-EET: 6; IELTS Academic: overall 6 (writing 6); TOEFL iBT: overall 80 (writing 21-23); & PTE Academic: overall 52 (writing 62-73) Be in satisfactory physical and mental health, and have a record of good conduct; For the Professional Master’s (PM) degree program, in addition to the above-mentioned eligibility requirements, an applicant must: Have at least 3 years of work experience in areas related to the academic program at AIT and Be executives in organizations/companies. Please note that applicants applying for 1-year Master Degree Program are not eligible for Scholarships/Fellowships. However, applicants may seek funding from external sponsors. MPhil 2 Year Program To be eligible for admission to MPhil, an applicant must: Hold a Bachelor’s degree (normally from a four-year program), or its equivalent, in an appropriate field of study from an institution of good standing acceptable to AIT; Have undergraduate grades significantly above average; the minimum cGPA requirement for admission to the MPhil Program is 3.0 out of 4.0 scale or equivalent, at the Bachelor’s degree level; English Proficiency Requirement: AIT-EET: 6; IELTS Academic: overall 6 (writing 6); TOEFL iBT: overall 80 (writing 21-23); & PTE Academic: overall 52 (writing 62-73) Be in satisfactory physical and mental health, and have a record of good conduct; Submit a brief outline of the research proposal. Apply Here",https://ait.ac.th/eligibility/masters-degree-program/
"Doctoral Degree Program To be eligible for admission to the regular Doctoral degree program, an applicant must: Have strong academic records (both undergraduate and graduate) and normally hold a four-year bachelor’s degree and a Master’s degree*, preferably with a combination of course and thesis work, from an institution of good standing, acceptable to AIT. The minimum cGPA requirement for admission to the doctoral program is 3.50 or equivalent, at the Master’s degree level. English Proficiency Requirement: AIT-EET: 6; IELTS Academic: overall 6 (writing 6); TOEFL iBT: overall 80 (writing 21-23); & PTE Academic: overall 52 (writing 62-73) Submit a brief outline of dissertation research proposal (5-10 pages) including the required research facilities, if necessary. Two recommendation letters. * Applicants with a one-year master’s degree, a one-year professional master’s degree, or a one-year postgraduate diploma can enroll in the doctoral program by completing an additional 12-24 credits of coursework, obtaining a CGPA of 3.5, and achieving a very good or excellent grade in their research study, in addition to the required 84 credits for the doctoral program. Apply Here https://www.ait.ac.th/admissions/application-form/",https://ait.ac.th/eligibility/doctoral-degree-program/
"Certificate and Special Program Eligibility Requirements for the Certificate and Special Program Certificate Program Certificate students need to satisfy the eligibility requirements similar to those entering the master’s degree program and have the appropriate background to take selected courses. In exceptional cases, candidates who lack formal academic qualifications but who have extensive and appropriate professional experience may be considered for admission; the discretion in such cases rests with the School Deans. Special Program (Exchange and Visiting Students) Candidates coming to AIT for programs or courses of at least one semester are considered as Special students: Visiting Students. Candidates under non-degree academic exchange agreements between AIT and their home universities are also enrolled at AIT as Special students: Exchange Students. Here https://www.ait.ac.th/admissions/application-form/",https://ait.ac.th/eligibility/certificate-and-special-program/
"Fellows of AIT Eligibility Requirements for Fellows of AIT Individuals whose qualifications are considered acceptable and who have requested to be attached to the Institute to do research are considered for an appointment as `Fellows of AIT’. A Fellow of AIT has the privilege to use Institute research facilities, the library and recreational facilities and may audit courses with the permission of the instructor. To apply, candidates must submit to the relevant School an AIT Application (Form 1) , a copy of CV and a research study plan. Fellows of AIT are endorsed by the relevant School Deans and are formally invited to the Institute by the Vice President for Academic Affairs. A candidate, who has completed a doctoral degree from an institution recognized by AIT, is offered admission as a Post-Doctoral Fellow. A candidate whose qualifications are equivalent to an AIT master’s degree student is considered for admission as a Research Fellow",https://ait.ac.th/eligibility/fellows-of-ait/
"English Proficiency Requirement For Admission AIT is an international institute with a mission to serve as a platform for international students from the full spectrum of highly developed to less developed countries. Its residential campus is today a small replica of the world without borders. English is, therefore, its official medium, not only in the classroom but in everyday life, in the interaction among all members of the AIT Community. AIT is committed to investing in our students’ English multi-literacy proficiency and success. The institute has a human development mandate and works with students to ensure professional competency and to ensure that AIT graduates will advance to become future global leaders in the globalization age. Thus, we provide courses in academic English literacy development to assist students in continuously improving their communication skills while studying at AIT. All academic English and research communication courses and workshops(except for compulsory English classes for conditional offers) throughout the duration of study are included in the 2,000 Baht one-time flat Language Support fee that students are required to pay at entry. AIT ENGLISH REQUIREMENTS FOR ADMISSION There are three ways to satisfy the AIT English requirements for admission. Official Test Scores. Submit an official test score. Test scores are valid for only two years from the testing date. IELTS-Academic OR AIT English Entry Test (EET) (Writing band only) Required Courses* Remarks 6.0 or higher – English requirements – satisfied 5.5 EL 19 Click here for more information on EL19 * Minimum entry requirements with conditions for doctoral applicants 5.0 EL 15 Click here for more information on EL15 * Minimum entry requirements for degree program admission with conditions for Master’s applicants Minimum entry requirements for the Bridging Program for doctoral applicants. Bridging Program Click here for information on the program dates. On the assumption that upon completing the 6-week Bridging Program, doctoral applicants can attain an entry score of 5.5 or higher prior to the start of their degree program at AIT. In case the donors of the students are not able to cover the full Bridging Program fee, applicants will pay the Bridging Program fee. 4.5 ******Bridging Program Click here for information on the program dates. *Minimum entry requirements for the Bridging Program for Master’s applicants On the assumption that upon completing the 6-week Bridging Program, Master’s applicants can attain an entry score of 5 or higher prior to the start of their degree program at AIT.
In case the donors of the students are not able to cover the full Bridging Program fee, applicants will pay the Bridging Program fee. Note: Applicants applying for full scholarships must submit the English Proficiency Test Score of 6.0 (writing and overall) score. * All required EL courses throughout the duration of study are included in the 3,000 Baht one-time flat EL fee. The fee is to be invoiced to students in the EL track by Language Center and to be settled by the said students in their first semester. This EL fee is on top of the 2,000 baht Language Support Fee paid by all students. ** Students who join the Bridging Program will be exempted from the 2,000-baht Language Support Fee and the 3,000-baht EL fee. If you wish to submit an official test score from an official test other than IELTS and AIT-EET, please check the list of all accepted official tests here: please see the table below. TABLE OF EQUIVALENCY IN ENGLISH PROFICIENCY TESTS (Writing Band/Section Only) IELTS-Academic
(Writing Band) AIT-EET TOEFL IBT
(Writing Band) PTE Academic (writing score) 4.5 4.5 50 (12-13) n/a 5 5 60 (14-17) 43-50 5.5 5.5 70 (18-20) 51-61 6 6 80 (21-23) 62-73 Exemption, Applicants who are citizens of an English-speaking country (e.g., Australia, Canada, Ireland, New Zealand, the UK, and the USA) are exempted. Proof of citizenship must be submitted. Certificate of English Medium Instruction Applicants who have earned a degree at a university at which English is the sole medium of instruction may submit a document signed by the University Registrar attesting to the English medium of instruction. AIT reserves the right to accept or reject such certificates based on our extensive list of recognized certificates of English Medium of Instruction. Applicants who submit an acceptable certificate are required to sit the AIT Academic Writing Test (AWPT) upon arrival/enrollment and must obtain a score of 5. If the score is less than 5, he or she will not be allowed to register for the courses.

Additional Resources Found:
Context: EL 19Click here for more information on EL19 -> URL: https://languages.ait.ac.th/english-writing-courses/
Context: EL 15Click here for more information on EL15 -> URL: https://languages.ait.ac.th/english-writing-courses/
Context: Bridging ProgramClick here for information on the program dates. -> URL: https://languages.ait.ac.th/bp/
Context: ******Bridging ProgramClick here for information on the program dates. -> URL: https://languages.ait.ac.th/bp/",https://ait.ac.th/eligibility/english-proficiency-requirement-for-admission/
"Special Students: Exchange and Visiting Students Incoming exchange students: Students coming from AIT Partner universities need to submit the following documents together with the o nline application form Bachelor’s transcript and degree certificate (for continuing student; transcript from 1st to current year). Letter from the partner universities allow as an Exchange student at AIT—Approval letter/recommendation from the partner university. Pay the process fees—Pay the application processing fee of US$25 or Baht 800. The following fee will be charged upon enrollment. Student ID card fee: 100 Baht Student Union fee: 150 Baht per semester Medical fee: 1,250 Baht per semester ( optional or provide a copy of international medical insurance ) Incoming visiting students: Students coming from non-AIT Partner universities need to submit the following documents together with the online application form Bachelor’s transcript and degree certificate (for continuing student; transcript from 1st to current year) Approval letter /recommendation letter from the home university stating that he or she is allowed as a visiting student at AIT Pay the application processing fee of US$25 or Baht 800. The following fees will be charged upon enrollment per semester: Registration fee: 20,000 Thai Baht per semester* Student Union fee: 150 Thai Baht Medical fee: 1,250 Thai Baht (optional or  provide a copy of international medical insurance) Student ID card: 100 Thai Baht If registered for the courses, 16,000 Baht will be charged per credit Laboratory fees will be charged on a case-by-case basis. * If visiting  as an Intern for a month or less, registration fees of 5,000 Baht will be charged per month",https://ait.ac.th/special-students-exchange-and-visiting-students/
Loading... Copyright 2017 Asian Institute of Technology,https://admission.ait.ac.th/aoas/Applicant/FirstPage.aspx
"Tuition and fees Estimated costs and expenses for a full-time student without financial aid for the duration of his/her study program. In this section Admissions Eligibility Financial aid Tuition and fees Student housing Apply online Frequently Asked Questions Tuition & fees Faculty of Climate Change & Faculty of Infrastructure & Faculty of Public Policy & Faculty of Resource & Faculty of Technology Study costs Doctorate Master’s & M.Phil Master (1 year) Certificate 7 Semesters
(84 credits)
42 Months 4 Semesters
(48 credits)
22 Months (30 credits) 1 Semester
(12 credits)
5 Months Registration Fee @Baht 20,000 per Semester ฿140,000 ฿80,000 ฿40,000 ฿20,000 Tuition Fee @Baht 16,000 per Credit ฿1,344,000 ฿768,000 ฿480,000 ฿48,000 – 192,000 Language Support Fee ฿2,000 ฿2,000 ฿2,000 – Medical Insurance Fee @Baht 2,500 per Year ฿8,750 ฿5,000 ฿2,500 ฿1,250 Student Union Fee @Baht 150 per Semester ฿1,050 ฿600 ฿300 ฿150 Total Fees ## ฿1,495,800 ## ## ฿855,600 ## ## ฿524,800 ## ## ฿69,400 – 213,400 ## Living /Accommodation/Miscellaneous Expenses* @Baht 11,500-15,000 per Month ฿483,000 – 630,000 ฿253,000 – 330,000 ฿138,000 – 180,000 ฿57,500 – 75,000 Visa fee @Baht 1,900 per Year ฿5,700 ฿3,800 ฿1,900 ฿1,900 Faculty of Business Management Study costs PhD Program
7 Semesters
(84 credits)
42 Months DBA Program
(3 yrs) MBA / MSc Program 1 year MBA / MSc Program 2 years Tuition and Registration Fee ฿1,484,000 ฿1,500,000 ฿626,000 ฿848,000 Language Support Fee ฿2,000 ฿2,000 ฿2,000 ฿2,000 Medical fee @Baht 2,500 Baht per year ฿8,750 ฿7,500 ฿2,500 ฿2,500 Student Union Fee @ Baht 150 per semester ฿1,050 ฿900 ฿300 ฿300 Education visa fee @ Baht 1,900 per year ฿5,700 ฿5,700 ฿1,900 ฿3,800 Total Fees ## ฿1,501,500 ## ## ฿1,516,100 ## ## ฿632,700 ## ## ฿856,600 ## *Living /Accommodation/Miscellaneous Expenses @Baht 11,500-15,000 per Month ฿483,000 – 630,000 ฿414,000 – 540,000 ฿138,000 – 180,000 ฿253,000 – 330,000 Living costs in Thailand Below is an approximate guide to the minimum amount you should expect for living expenses in the Thailand per month. These costs are for one person only, so students with children and dependents should keep this in mind when working out a budget. Expenses Approximate Price Accommodation (Dormitory, Usually Including Bills) ฿2,500 – 7,000 per month Private Accommodation (bills not included) ฿8,000 – 20,000 per month Mobile phone ฿200 per month minimum suggested amount Books / Stationery ฿2,000 minimum suggested amount Travel / Transport ฿2,000 per month minimum suggested amount to the city or near by campus Payment Advice AIT tuition and registration fees are charged in Thai Baht, so all students are encouraged to pay in Thai Baht. For the January 2026 Semester, the AIT Official Rate of Exchange (ROE) of conversion is as follows: If the invoice is in THB to USD, use the ROE is 28.88 If the invoice is in USD to THB, use the ROE is 32.16 If the invoice is in THB to EUR, use the ROE is 33.765 If the invoice is in EUR to THB, use the ROE is 37.0475 If the invoice is in THB to GBP, use the ROE is 38.62875 If the invoice is in GBP to THB, use the ROE is 42.10375 If the invoice is in THB to AUD, use the ROE is 17.5175 If the invoice is in AUD to THB, use the ROE is 20.705 For Certificate, Diploma, Master ‘s, and Doctoral Programs 1) Payments of tuition and other fees can be paid/transferred from Overseas through the AIT Current Account (A/C) details below: Thai Baht Account: Siam Commercial Bank, Thammasat University Hospital Branch Name of A/C: ASIAN INSTITUTE OF TECHNOLOGY Current A/C # 468-046301-2 Address: 95 Moo 8, Klong Nueng, Klong Luang, Pathumthani 12120 Thailand Swift code: SICOTHBK 2) Payments of tuition and other fees can be paid/transferred in Thailand through the AIT Savings Account (A/C) detailed below: Thai Baht Account: Siam Commercial Bank, Thammasat University Hospital Branch Name of A/C: ASIAN INSTITUTE OF TECHNOLOGY Savings A/C : #405-999567-0 Address: 95 Moo 8, Klong Nueng, Klong Luang, Pathumthani 12120 Thailand Swift code: SICOTHBK Contact For payment advice and inquriy, please contact For more information +66 2524 5031/5032/5033 admissions@ait.ac.th , aso@ait.asia Note: Please email the scanned copy of the transaction detail or payment slip/money transfer to aso@ait.ac.th and prate ep@ait.asia (Cashier) with the student ID number/invoice numbe r (enrolled students) or the Application number of the new incoming studen t Apply Admissions Eligibility Financial aid Tuition and fees Student housing Apply online Frequently Asked Questions",https://ait.ac.th/tuition-and-fees/
"Apply online AIT welcomes talented, high-achieving students who contribute a wide diversity of views, experiences and perspectives. In this section Admissions Eligibility Financial aid Tuition and fees Student housing Apply online Frequently Asked Questions Start your application Complete your Online Application by clicking the ‘Apply Now’ button below. Apply now Deadlines and notifications for the Application The AIT academic year consists of two semesters: January and August. The deadlines for applications for admissions and financial aid (Scholarships) are as follows: January Semester/Term Intake: Faculty of Infrastructure, Faculty of Technology, Faculty of Resource, Faculty of Climate Change, the Faculty of Public Policy , and the School of Management • 20 December is the deadline for overseas applicants, requiring an educational visa March Term Intake (only for the School of Management) • 15 February is the deadline for overseas applicants, requiring an educational visa • 25 February is for other applicants June Term Intake (only for the School of Management) • 15 May is the deadline for overseas applicants, requiring an educational visa • 25 May is for other applicants August Semester/Term Intake: January IntakeFaculty of Infrastructure, Faculty of Technology, Faculty of Resource, Faculty of Climate Change,  Faculty of Public Policy, and the School of Management (SOM) • 28 February is the deadline for HM King’s and Queen’s, and GMS scholarships • 31 March is the deadline for other Scholarships (i.e., ADB-JSP, Bangchak: Master and Doctoral, and others. • 10 June is the deadline for AIT Scholarships, including RTG Fellowships. • 30 June is the deadline for overseas applicants, requiring an educational visa • 25 July is for other applicants October Term Intake (only for the School of Management) • 15 September is the deadline for overseas applicants, requiring an educational visa • 25 September is for other applicants Apply Admissions Eligibility Financial aid Tuition and fees Student housing Apply online Frequently Asked Questions",https://ait.ac.th/apply-online/
"Financial aid This page provides you the information about the different scholarships that are offered by AIT. In this section Admissions Eligibility Financial aid Tuition and fees Student housing Apply online Frequently Asked Questions Show filters Study option Nationality Keyword Clear Filter AIS Scholarship Nationality: Thailand Study level: Master’s Degree Programs Deadline: 15 Nov 2025 AIT Alumni Association Hong Kong & Macau Chapter Master’s Scholarship Nationality: Study level: Master’s Degree Programs Deadline: 15 Nov 2025 AIT Alumni Scholarship Fund Nationality: Any nationality Study level: Master’s Degree Programs Deadline: 15 Nov 2025 AIT Scholarships Nationality: Any nationality Study level: Master’s Degree Programs,                      Flexible Master’s Option,                      Flexible PhD Option,                      Doctoral Degree Programs Deadline: 20 Dec 2025 Asian Development Bank-Japan Scholarship Program (ADB-JSP) Nationality: ADB borrowing member countries Study level: Master’s Degree Programs Deadline: 31 Mar 2026 Chinese Government Scholarships Nationality: China Study level: Doctoral Degree Programs,                      Master’s Degree Programs Deadline: 31 Mar 2026 Computer and Structures, Inc. Scholarship Nationality: Pakistan Study level: Master’s Degree Programs Deadline: 30 Jun 2025 DAAD Scholarship Nationality: Myanmar, Thailand, Cambodia, Malaysia, The Philippines, Lao PDR, East Timor, Indonesia Study level: Master’s Degree Programs Deadline: 16 Feb 2026 Element Solutions Foundation scholarships (August 2026 Intake) Nationality: Myanmar, Thailand, Timor Leste, Malaysia, Viet Nam, Laos, Phili, Indonesia Study level: - Deadline: 30 Nov 2025 GWSC Scholarships to study Master’s degree in Asian Institute of Technology Nationality: India, Indonesia, Nepal, Bangladesh Study level: Master’s Degree Programs Deadline: 30 Apr 2025 Japanese Government Scholarships Nationality: India, Indonesia, Myanmar, Pakistan, Philippines, Sri Lanka, Thailand, Vietnam, Bhutan, Cambodia, Malaysia, Nepal, Laos, Bangladesh Study level: Doctoral Degree Programs Deadline: 30 Apr 2025 KPCIP Scholarships 2026 Nationality: Pakistan Study level: Master’s Degree Programs Deadline: 12 Oct 2025 Apply Admissions Eligibility Financial aid Tuition and fees Student housing Apply online Frequently Asked Questions",https://ait.ac.th/financial-aid/
"DAAD Scholarship DAAD Scholarship at AIT is Funded by the German Federal Ministry for Economic Cooperation and Development (BMZ). Application Deadline for August 2026 Intake: February 16, 2026, to AIT and to the DAAD portal For this scholarship, applicants need to apply for one of the following programs to be eligible for this scholarship. Please select your academic program carefully when applying for admission AIT system. Gender and Development Studies (GDS) / Click here for program schedule for 2025 Natural Resources Management (NRM) / Click here for program schedule for 2025 Eligible Countries Cambodia, Indonesia, Lao, Myanmar, Malaysia, the Philippines, East Timor, Thailand, and Vietnam Application Requirements Must be nationals of one of the following countries: Cambodia, Indonesia, Lao PDR, Myanmar, Malaysia, the Philippines, East Timor, Thailand, and Vietnam have successfully completed a three or four-year bachelor’s degree with above-average academic performance (upper third of class) not more than 6 years ago at the time of application. clearly show motivation and strong commitment. have a thorough command of written English (IELTS or AIT-EET 6.0 or above). See http://bit.ly/ait-eng-req must fulfill AIT online admission requirements. Applicants must apply to http://bit.ly/ait-admission and pay the processing fee Female applicants and candidates from less privileged regions or groups are especially encouraged to apply. Duration and Commencement Scholarships are awarded for the duration of the standard period of study for the chosen programme (up to a maximum of 22 months). Please state the entire period for which you wish to apply for a scholarship in your application. For example, if you are planning a 2-year degree programme, you must directly communicate two years as the desired scholarship duration in your application. After the first year of study, your academic achievements will be assessed in a further funding procedure. If this assessment shows that you will successfully complete your programme within a reasonable period of time, the scholarship will continue as planned. The scholarship usually begins in August of the following year Selection Procedure After the deadline of 16 February 2026 , AIT will screen, pre-select (according to DAAD selection criteria) and short-list the applicants. Short-listed applicants will be contacted for the following additional documents: DAAD application form duly filled in (to be provided to short-listed applicants) Hand-signed curriculum vitae (please use the European specimen form at http://europass.cedefop. Europa.eu), including a list of publications (if applicable). One recommendation letter by a university teacher Letter of admission from AIT Certified copies of university degree certificates, including transcripts Letter of motivation (if applicable: mentioning the planned research stay in Germany; see “Additional benefits”) Copy of the passport *Note: Only short-listed applicants will be contacted by AIT Please note that all these documents need to be prepared by AIT and submitted by 27 February 2026 to DAAD. Scholarship Objectives The DAAD Scholarship aims at fostering strong, internationally oriented higher education systems in Southeast Asia with the capacity to contribute to sustainable development. To this end, scholarships are granted for development-related Master studies for individuals who plan to pursue a career in teaching and/or research at a higher education institution in Southeast Asia. By training future academic and professional leaders, the scholarship program will have the following long-term impacts: Qualified professionals’ involvement in the solution of development-related problems in Southeast Asia Graduates strengthening education and research in Southeast Asia Structural strengthening and regional networking of partner institutions and partner universities To achieve these long-term impacts, the following outcomes have been formulated as programme objectives: Scholarship Objective 1: Graduates are qualified to take leadership in development and sustainability in their region of origin and beyond Scholarship Objective 2: The participation of women and underprivileged groups is reinforced Scholarship Objective 3: Organizational, financial, and personal capacities of partner institutions are strengthened Please be aware of the DAAD’s application deadline ( 16 February 2026 ) and the AIT deadline ( 16 February 2026 ). The application process for DAAD scholarships contains the following steps: Register on the portal: https:// www.meindaad.de/en/help/how-do-register-for-an-application/ Log in to the portal Carefully read the instructions on how to apply in the portal:https:/ /www.meindaad.de/en/help/how-can-i-submit-my-application/ Submit your application via the portal by the deadline indicated on the cover page of this document (16.02.2026). Use the following link to access the funding programme via the portal directly: https://portal.meindaad.de/sites/personalfunding/#PBFApplication Start?fundingProgramInstance=57859089 Applications are only accepted during the application period from 01.12.2025 to 16.02.2026. Further Inquiries For further inquiries on AIT Admissions Requirements and Procedures, applicants can visit the  AIT Admissions website. You may also contact the following address: Admissions and Scholarships Unit Asian Institute of Technology P.O. Box 4, KlongLuang Pathumthani 12120 THAILAND (662) 524 5024, 31-33 admissions@ait.ac.th Scholarship Funding: The scholarship covers the following items: Item Payment Frequency Amount Tuition fees Twice a year The regularly charged amount Study and research allowance Annually 460 EUR Printing allowance Once (at the end) 400 EUR Bursary(Accommodation, Food etc.) Monthly 500 EUR Travel allowance(Non-Thai) Twice (beginning/end of scholarship) The flat rate travel allowance will be specified in the letter of award Insurance – The tuition fees include health insurance The scholarship will either be disbursed by the host institution, the German Embassy or will be paid directly to the scholarship holder´s banking account. Further details will be announced after admission to the scholarship programme. Additional Benefits DAAD scholarship holders are also encouraged to apply for a research stay in Germany for 2 up to 6 months. Please note: The short-term research stay in Germany should preferably be announced in the application for the regular scholarship and can only be awarded if the necessary financial means are available. The short-term research scholarship includes: a monthly scholarship payment for living costs health/accident/personal liability insurance a flat-rate travel allowance All further details regarding additional benefits and the additional application processes will be provided after being awarded the scholarship. For more information about this scholarship, please see a file below; Call-for-Scholarships-2026_AIT For any inquiry, please contact us at dds-admissions@ait.ac.th or direct message to us at http://m.me/dds.ait To apply for AIT, please visit http://bit.ly/ait-admission Apply Now For more information Click this link

Important Links:
Apply Now: https://ait.ac.th/apply-online/
Click this link: https://ait.ac.th/apply-online/

Additional Resources Found:
Context: Gender and Development Studies(GDS)/Click here for program schedule for 2025 -> URL: https://ait.ac.th/wp-content/uploads/2024/11/GDS-time-schedule.pdf
Context: Natural Resources Management(NRM)/Click here for program schedule for 2025 -> URL: https://ait.ac.th/wp-content/uploads/2024/11/NRM_2-year_Master_curriculum_Aug-2025_intake.pdf",https://ait.ac.th/financial/daad-scholarship
"Asian Development Bank-Japan Scholarship Program (ADB-JSP) ADB-JSP scholarships are awarded at designated institutions (DIs) in the Asia and Pacific region for studies in economics, business and management, science and technology and other development-related fields. A. Eligibility A national of an ADB borrowing member country (applicants from countries that are no longer borrowing from ADB are not eligible for the ADB-JSP Scholarship) A Bachelor’s degree or its equivalent with a superior academic record. At least two (2) years of full-time professional working experience (acquired after a university degree) at the time of application. Proficiency in oral and written English communication skills to be able to pursue studies. Not more than 35 years old at the time of application. In exceptional cases, for programs which are appropriate for senior officials and managers, the age limit is 45 years old. In good health. Should agree to return to his/her home county after completion of studies under the Program. Executive Directors, Alternate Directors, management and staff of ADB, consultants, and relatives of the aforementioned are not eligible for the Scholarship. Staff of AIT are not eligible for the Scholarship. Applicants living or working in a country other than his/her home country are not eligible for the scholarships. ADB-JSP does not support applicants who are already enrolled in graduate degree programs. ADB-JSP does not sponsor undergraduate studies, distance learning programs, short-term training, conferences, seminars, thesis writing, and research projects. B. Selection Criteria Priority to the ranking, or order of merit, proposed by AIT. Applicants with less than two years of work experience will not be selected. Preference to women candidates. Preference to applicants with lesser financial capacity. Family income should be not more than USD 50,000 per year and individual income should not be more than USD 25,000 per year. The Program will, in principle, not support applicants who have previously studied abroad. The Program will, in principle, not support applicants who are pursuing a second MA. Candidates who are applying at Designated Institute (DI-AIT) in their own country may not be selected. Diversification of nationality in the overall Program as well as at each DI level will be considered. The Program encourages studies in line with core areas of ADB’s Strategy 2030, which address poverty reduction through infrastructure, environment, regional cooperation and integration, finance sector development, and education. Strategy 2030, ADB’s strategy, sets ADB’s strategic course for its operations to the year 2030. For more details, please refer to this LINK The following documents are required Copy of Degree Certificate and Transcript of 4 years of undergraduate degree program Have English proficiency score as required by AIT Language Center (IELTS-Academic: 6 (writing and overall) or AIT EET ≥ 6.0, TOEFL ≥ 550). Work certificate provided by the employer. Income statement. If married, please submit the spouse income statement; otherwise, parent income statement ADB-JSP Information sheet. C. Procedures for Applying: Applicants should request information and application forms from the chosen DI (e.g. AIT). Applicants are encouraged to access various resources, including the DI’s website & handbooks, and DI information sessions held in-country, to assist them in making an informed decision on the DI and course they wish to undertake. Applicants should indicate to AIT that they are applying for admission and that they would like to be considered for the ADB-JSP Scholarship. The completed DI application form and required documentation, including the ADB-JSP Information Sheet form, should be submitted to AIT. Applicants must ensure that they submit accurate and complete documentation. Failure to do so may result in an application not being processed or to an award being terminated if documentation or information provided is later determined to be false. Applicants are required to submit their latest Income Tax Return or Certification of their Annual Salary/Monthly Salary, whichever is available. They should also submit a Certification of Family Income (Parent’s Income/Spouse if married). AIT will screen and rank the applicants, based on its own selection criteria, keeping in view the eligibility requirements and selection criteria of the ADB. In the evaluation process, AIT may contact the candidates for further information. AIT will then submit its ranked list of applicants to ADB, including a description of the score/grading system which is the basis for the ranking. ADB will review the submission from AIT and recommend awardees based on the selection criteria of ADB to the Executive Director of Japan for formal approval. Upon approval by the Executive Director of Japan, ADB will advise AIT on the successful candidates. AIT will inform all applicants of the outcome of the selection process and begin to make arrangements for the awardees take up their scholarships. AIT will arrange for the signing of the Acceptance of Scholarship Award by awardee wherein the scholars agree that after completion of their study, they will return to their home country. ADB will send an appropriate congratulatory letter to each scholar. D. Coverage Tuition fees (actual costs) Housing (based on actual cost of dormitory housing or a reasonable allowance for appropriate off campus housing—to be agreed upon between each DI and ADB). Subsistence Allowance including housing allowance (a flat allowance to be agreed upon between each DI and ADB). Student Medical and accident insurance (flat allowance). Books (a flat allowance to be agreed upon between each DI and ADB). Economy class air travel at most direct route to and from the DI and the awardee’s home country (actual costs). Miscellaneous expenses related to travel such as visa fees, airport taxes, luggage allowance, etc. (a flat allowance). Excess luggage up to 20 kgs may be financed during return travel to the home country (actual costs). Thesis/Research Allowance is intended to cover the scholar’s research expenditures and can be used for such expenditure items as photocopying, school supplies, typing and computer charges, postage, communications, binding charges, local travel costs and accommodation for out-of-town trips. (a flat allowance) Scholars are expected to have sufficient skills in language and computer to undertake their study program. However, in special cases where additional training is deemed necessary, expenditures incurred to improve language proficiency and computer literacy may be covered under the scholarship (actual costs). The ADB-JSP does not cover: expenses for the scholar family; extra-curricular courses or training; additional travel during the course of study program; additional expenses related to supplementary educational materials, field trips, or participation in workshops, seminars, or internships while at the DI or purchase of educational equipment such as computers. E. Policies and Procedures The ADB-JSP Scholarship is for the scholar only and does not cover the scholar’s dependents’ expenses. DIs are encouraged to provide tuition fee discounts to outstanding scholars, as agreed with ADB. Preparatory/bridging courses, such as English proficiency or computer literacy courses, can be funded by ADB-JSP. These courses should be undertaken within AIT. Expenses for activities not directly related to the pursuit of the degree, such as attendance at a conference and similar activities, are not financed under the ADB-JSP. Subsistence allowances are normally given to the scholars at the beginning of each month. However, AIT may disburse allowances according to its practice. For expenses related to air travel, AIT should provide ADB with a copy of the scholars’ air tickets from their home countries to AIT. Return travel is paid upon successful completion of studies. An establishment allowance may be provided to new scholars to help with the initial costs of setting up their temporary home at AIT. This is paid only once at the start of the scholarship (a flat allowance). The ADB-JSP scholarship only supplements, and does not duplicate, any other source of financial support/fellowship the scholar might have. Scholars must inform the ADB-JSP if they have other sources of scholarship funds. The ADB-JSP stipend may be withdrawn completely or partially if, during the scholarship period, the program has evidence of additional sources of support. For more details on ADB-JSP please visit this LINK Guidelines Terms of Awards Scholarships are for a period of one to two years and are awarded at designated institutions (DIs) in the Asia and Pacific region. Studies in economics, business and management, science and technology, and other development-related fields are eligible. The maximum duration of the scholarship award is two years for the MA, MS, & MBA programs. Remarks: The Government of Japan has made clear that it would support only up to 2 years, consistent with similar assistance that it is providing through other international development institutions. A. Renewal of Scholarships The initial scholarship period is one year. An appropriate extension for the second year of study shall be conditional on the scholar’s maintaining a satisfactory level of performance as determined by AIT. Extension of scholarships will not be allowed, in principle, beyond the two-year period. Scholarships maybe suspended for a maximum of twelve months or two semesters, if deemed necessary for valid reasons such as health or family reasons. The total number of scholarship awards is reviewed and set yearly by ADB. Within the total number of scholars, ADB will approve new scholars based upon the recommendation of AIT when incumbent scholars complete studies or withdraw their scholarships. B. Deferment of Awards Deferment of awards may be granted for up to a maximum of six months or one semester, at the discretion of AIT. AIT should submit the request for deferral to the ADB. Deferrals maybe approve for valid reasons, including pregnancy, unresolved family issues, or failure to obtain a visa. If a student cannot take up the offer within one year after the year for which it is awarded, he/she has to reapply for the scholarship. C. Replacement of Dropouts Replacement of scholars who have dropped from the Program is not allowed during the academic year. D. Transfer of Scholarships A transfer from one course of study to another, or to another institution, is not allowed. E. Special Conditions In accepting the ADB-JSP scholarship, scholars should commit themselves to return to, and work in their home countries for a period of at least 2 years after completion of their studies. In accepting the ADB-JSP scholarship, scholars consent to the employment restriction policy of the ADB-JSP and acknowledge that they will not be able to work at ADB for two years after completion of their academic programs. F. Termination of Scholarships Scholarships maybe terminated upon the recommendation of AIT, at any time, for failure to make satisfactory academic progress, failure to comply with the laws of the host country, Thailand, misconduct, or breaches of the conditions of the ADB-JSP or the student visa. Deadline for August 2026 intake: 31 March 2026 Further Inquiries For further inquiries on AIT Admissions Requirements and Procedures, applicants can visit the  AIT Admissions website. You may also contact the following address: Admissions and Scholarships Unit Asian Institute of Technology P.O. Box 4, KlongLuang Pathumthani 12120 THAILAND (662) 524 5024, 31-33 admissions@ait.ac.th ADB JSP Brochure Download",https://ait.ac.th/financial/asian-development-bank-japan-scholarship-program-adb-jsp
"RTG Fellowships (Ph.D) to Support the Asian Innovation Hub As part of AIT’s mission to build alliances and foster networks in education, research, and development both within Thailand and internationally, these fellowships aim to address the development needs of Thailand and other Asian countries. The program aspires to produce highly qualified graduates who are widely recognized and valued across the region. Additionally, it seeks to advance high-quality research and innovation in specialized fields that can lead to commercial applications. With Thailand’s strategic geographical position as the gateway and hub of Asian countries, combined with AIT’s strength in collaboration with international organizations and world-class universities, AIT is uniquely positioned to deliver cutting-edge research. This includes partnerships with leading academic institutions and industrial sectors globally. The RTG Fellowships (Ph.D.) to support the Asian Innovation Hub are designed to cultivate expertise in the fields of Science and Technology, enabling students to conduct groundbreaking research that supports the Asian Innovation Hub and addresses the increasing demand for advanced research in Thailand. The program offers an exceptional opportunity for Asian nationalities, including Thais, to pursue doctoral degrees, with thesis topics aligned with AIT but not limited to the 13 academic programs below. Eligibility Criteria Nationality: Applicants must be citizens of Asian countries, including Thailand. cGPA Requirements Bachelor’s Degree: A minimum cumulative GPA of 3.00 on a 4.00 scale or equivalent Master’s Degree: A minimum cumulative GPA of 3.50 on a 4.00 scale or equivalent. English Proficiency Applicants must meet the English proficiency requirements stipulated by the AIT Language Center: an IELTS score of 6 (with a minimum score in the Writing section) or an AIT EET score of 6 or above. Two recommendation letters Brief outline of dissertation research proposal (5-10 pages) Applicants must have a research interest in science and technology within, but not limited to, one of the following academic programs: Civil and Infrastructure Engineering Remote Sensing and GIS Sustainable Energy Transition Mechatronics and Machine Intelligence Water Resources and Environmental Engineering Food engineering and bioprocess technology Aquaculture and aquatic resources management Food Innovation, Nutrition and Health Data Science and Artificial Intelligence Information and Communications technology Urban innovation and sustainability Agriculture systems and engineering Natural resources management Coverage RTG Fellowships (Ph.D.) to support the Asian Innovation Hub cover tuition and registration fees, research grant, but do not cover accommodation fees or living expenses. The value of the non-binding Scholarship per student is approximately 1.53 MB. Deadline for August 2026 Intake: 31 March 2026 Please note: Eligibility Restriction for RTG Fellowship (Ph.D.) to Support the Asian Innovation Hub: Applicants who have previously been awarded an RTG Fellowship for a doctoral degree program at AIT are not eligible to receive another RTG Fellowship for a doctoral degree, irrespective of the academic program. Apply here: https://ait.ac.th/apply-online/ Contact: Ms. Wilailak at 02-524-5023 or Ms. Kanchana at 02-524-6119 or Email: rtg@ait.ac.th . Further Inquiries For further inquiries on AIT Admissions Requirements and Procedures, applicants can visit the AIT Admissions website. You may also contact the following address: Admissions and Scholarships Unit Asian Institute of Technology P.O. Box 4, KlongLuang Pathumthani 12120 THAILAND (662) 524 5024, 31-33 admissions@ait.ac.th",https://ait.ac.th/financial/rtg-fellowships-ph-d-to-support-the-asian-innovation-hub
Error: 429 Client Error: Too Many Requests for url: https://ait.ac.th/financial/royal-thai-government-scholarships,https://ait.ac.th/financial/royal-thai-government-scholarships
Error: 429 Client Error: Too Many Requests for url: https://ait.ac.th/financial/rtg-fellowships,https://ait.ac.th/financial/rtg-fellowships
Error: 429 Client Error: Too Many Requests for url: https://ait.ac.th/financial/gwsc-scholarships-to-study-masters-degree-in-asian-institute-of-technology,https://ait.ac.th/financial/gwsc-scholarships-to-study-masters-degree-in-asian-institute-of-technology
"Chinese Government Scholarships The Scholarships are set up and directed by the Agreement between China Scholarship Council (CSC), Ministry of Education, China and the Asian Institute of Technology (AIT). The CSC Scholarships include the tuition fee, registration fee and research fee, the visa application fee, a living stipend (health insurance included), and one return international airfare to China by the most economical route. The funding for each PhD program awardee will be up to 48 months. The funding for each Master’s degree program awardee will be up to 24 months. CSC and AIT support the following areas of study with priority: Engineering, Technology, and Management. Entry Criteria Applicants must be citizens and permanent residents of the People’s Republic of China at the time of application; Applicants must not be currently working or studying abroad; The scholarship awardees must return to China upon the completion of their studies and/or research; Applicants are encouraged to obtain information about AIT’s admissions requirement and admissions procedure. All Applicants should submit their application for AIT programs and obtain a non-conditional or a conditional admissions letter. Doctoral applicants must receive a written confirmation from AIT that an AIT faculty member is available and willing to supervise them; All academic areas of AIT are eligible for consideration. Applicants must satisfy the selection criteria set out by CSC at https://www.csc.edu.cn/chuguo and strictly follow the schedule of the application, by completing the CSC Application Form and the CSC Employer Reference Form before 31 March every year. 2. The Timetable for August 2026 January – March, students should learn about the selection criteria and procedure of the CSC scholarship from the CSC website: https://www.csc.edu.cn/chuguo and about AIT’s academic programs and admissions criteria from the AIT website: https://www.ait.ac.th/admissions/ ; doctoral program applicants should obtain a written confirmation from AIT that an AIT faculty member is available and willing to supervise them; master’s program applicants should obtain an admissions letter from AIT. 10 – 31 March, all applicants should submit their on-line applications in the CSC portal http://apply.csc.edu.cn/ and upload written admissions letter issued by AIT; 3 April, CSC will send AIT a list of applicants who meet the criteria together with their documents; . By 20 April, AIT will accept applications from the applicants on the list of CSC and issue an admissions letter and send to CSC if they are qualified; 20 April – May, CSC will evaluate all qualified applicants for the scholarship; CSC and AIT will confirm the final result together; By 31 May, CSC will announce the scholarship awardees and send AIT the name list along with their documents. In June, AIT will process the files for visa application for the successful applicants from Ministry of Foreign Affairs (MoFA), Thailand and expect to receive the files by 26 July. In August, the scholarship awardees will arrive at AIT for orientation and necessary procedures; the latest time of postponing enrollment will be the next Spring (January) Semester on the condition that both CSC and AIT receive and approve the request. July 28 – August 2, Arrival / Pre-registration. 4 August, Institute Wide Registration/ New Student Orientation. Student will be advised to report her/ his arrival at the Embassy of China within 10 days after reaching AIT. 8 August, Classes begin.. 19 August, Last day for adding or dropping courses. 10 September, AIT will provide invoices of the tuition fee and registration fee to remit to the bank account of AIT. Monthly stipend and research fee will be remitted to the awardees’ personal bank accounts. Duration The funding for each PHD program awardee will be up to 48 months. The funding for each Master degree program awardee will be up to 24 months. Further Inquiries For further enquiries on AIT Admissions Requirements and Procedures, applicant can visit the AIT Admissions website . They may also contact the following address: Admissions and Scholarships Unit Asian Institute of Technology P.O. Box 4, KlongLuang Pathumthani 12120 THAILAND (662) 524 5024, 31-33 admissions@ait.ac.th Contact China Scholarship Council (CSC) Ms. Liu Wanying Project Officer Division European, Asian and African Affairs China Scholarship Council Level 13, A3 Building, No. 9 Chegongzhuang Avenue Beijing 100044, P.R. China ouyafei5@csc.edu.cn +86-10-66093572 Fax: +Fax: +86-10-66093581 Asian Institute of Technology (AIT) Dr. Tenzin Rabgyal Director Admission and Scholarships Office Asian Institute of Technology P.O. Box 4, Klong Luang Pathumthani 12120, Thailand tenzin@ait.ac.th +66(2)524-5024 Danielle Duan Head, Emerging Markets International Cooperation (EMIC) Office of International Affairs Asian Institute of Technology P.O. Box 4, Klong Luang Pathumthani 12120, Thailand danielleduan@ait.ac.th +66(2)524-5041",https://ait.ac.th/financial/chinese-government-scholarships
Error: 429 Client Error: Too Many Requests for url: https://ait.ac.th/financial/element-solutions-foundation-scholarships-january-2026-intake,https://ait.ac.th/financial/element-solutions-foundation-scholarships-january-2026-intake
Error: 429 Client Error: Too Many Requests for url: https://ait.ac.th/financial/lpdp-scholarships-indonesia-government-scholarships-for-indonesian,https://ait.ac.th/financial/lpdp-scholarships-indonesia-government-scholarships-for-indonesian
"AIT Scholarships The Asian Institute of Technology (AIT) in Thailand is offering applicants to its Master’s and Doctoral degree programs an opportunity to qualify for generous academic scholarships. A large number of no-bond AIT Scholarships are available for students applying for postgraduate programs offered at AIT’s Faculty of Infrastructure, Faculty of Technology, Faculty of Resource, Faculty of Climate Change, and the Faculty of Public Policy and School of Management (SOM). As Asia’s leading international higher learning institute, the AIT Scholarships are intended to increase the number of skilled international scientists, engineers, and managers required to meet the future challenges of the emerging Asian Economic Community region and beyond. AIT Scholarships are a form of financial aid that provides an opportunity for students from all over the world to study together at AIT. It helps subsidize part of the study cost by covering full, or a portion of, tuition for qualified students, while the students are responsible for the rest of the tuition, the registration fees (20,000 Baht per semester to maintain student status), and the living expenses (around 11,500‐15,000 Baht per month). Each school has its Selection Committee. The Selection Committee will propose the value of the AIT Scholarships grant for each applicant (if eligible) for approval by the School Dean. This AIT Scholarships grant can only be given once before enrollment and cannot be changed over the entire study period. Eligibility All nationalities; Meeting AIT’s English Proficiency Requirement (i.e. IELTS-Academic or AIT EET score of 5.0 or above for Master’s and 5.5 for Doctoral program); Having a four‐year Bachelor’s degree from a recognized university; Having a master’s degree from a recognized university for Ph.D. applicants and should have a Cumulative GPA of 3.50 in their Master’s degree and 2.75 in their undergraduate program from top universities. Deadline for August 2026 Intake: 15  July 2026 Contact : AIT Admissions Office Tel: 02-524 5032, 02-524 5033/5024 Email: admissions@ait.ac.th",https://ait.ac.th/financial/ait-scholarships
Error: 429 Client Error: Too Many Requests for url: https://ait.ac.th/financial/alumni-scholarship-fund,https://ait.ac.th/financial/alumni-scholarship-fund
"AIT Alumni Association Hong Kong & Macau Chapter Master’s Scholarship The AITAA Hong Kong & Macau Chapter will support a Master’s scholarship for the August 2025 Intake, amounting to Thai Baht 464,000. The scholarship includes 24 credits of tuition fees (THB 384,000) as well as registration fees for 4 semesters (THB 80,000). AIT Scholarship will cover the remaining 48 credits of tuition fees (THB 384,000). CRITERIA: Nationality: Hong Kong & Macau citizens (only) Study for a Master’s degree in any of the three schools: School of Environment, Resources & Development, School of Engineering & Technology, and School of Management. Any programs Candidate should have a cumulative GPA of at least 2.75 Candidate should pass IELTS with a score of 6.0 or AIT-EET Score of 6.0 Applicant must fulfill the AIT Entry Requirement s Deadline for January 2026 intake:  15 November 2025 Apply here https://admission.ait.ac.th/aoas/Applicant/FirstPage.aspx Further Inquiries For further inquiries on AIT Admissions Requirements and Procedures, applicants can visit the  AIT Admissions website. You may also contact the following address: Admissions and Scholarships Unit Asian Institute of Technology P.O. Box 4, KlongLuang Pathumthani 12120 THAILAND (662) 524 5024, 31-33 admissions@ait.ac.th",https://ait.ac.th/financial/ait-alumni-association-hong-kong-macau-chapter-masters-scholarship
Error: 429 Client Error: Too Many Requests for url: https://ait.ac.th/financial/ais-scholarship,https://ait.ac.th/financial/ais-scholarship
"Prof. Emeritus Madan Mohan Das Memorial Scholarship Mr. Bhargab Mohan Das, AIT alumnus graduated in Structural Engineering (2005) support (24 credits + 2 semesters registration fees) to the Asian Institute of Technology through his contribution for named Scholarships and Student award for Best Master’s Thesis under his late father, Prof. Emeritus Madan Mohan Das. Eligibility Nationality: Thai and Indian (Assam State) Will study Master’s degree program in Faculty of Infrastructure Condition for the continuation to the 2nd semester: The student should obtain a CGPA – 3.0 in the 1st semester to avail the scholarship for the 2nd semester. In a scenario, after 1st semester, if the student cannot meet the required threshold for CGPA, then the remaining 12 credits of the existing student, will be given to a new student for the upcoming semester. Must fulfill the AIT Admissions Requirements . Scholarship: 24 credits (12 credits for the 1st semester and 12 credits for the 2nd semester) and registration fee (2 semesters) for two semesters. Deadline for August 2026 intake: 30 June 2026 Apply here: https://ait.ac.th/apply-online/ Further Inquiries For further inquiries on AIT Admissions Requirements and Procedures, applicants can visit the  AIT Admissions website. You may also contact the following address: Admissions and Scholarships Unit Asian Institute of Technology P.O. Box 4, KlongLuang Pathumthani 12120 THAILAND (662) 524 5024, 31-33 admissions@ait.ac.th",https://ait.ac.th/financial/prof-emeritus-madan-mohan-das-memorial-scholarship
"Mitani Trading (Thailand) Co., Ltd. Master’s Scholarship with Job Offer Mitani Trading (Thailand) Co., Ltd. was established in 1988 to support Thai and Southeast Asian markets. The company is a well-known Japanese packaging manufacturer and distributor of valves, pumps, sprayers, triggers as well as accessories such as caps, spouts, and actuators under Japanese standard quality. Mitani Trading (Thailand) Co., Ltd. is a subsidiary of Mitani Valve Co., Ltd. based in Japan. This scholarship is for the Department of Industrial Systems Engineering (ISE), School of Engineering & Technology (SET) enrolled in either one of the following programs Bio-Nano Material Science and Engineering Mechatronics Industrial and Manufacturing Engineering Microelectronics and Embedded Systems CRITERIA Thai nationality Graduate of Bachelor with a cumulative GPA of at least 2.75 English Proficiency Requirement: AIT-English Entry Test (AIT-EET):6 or IELTS-Academic:6 (writing 6) The applicant must fulfill the AIT Entry Requirements. Applicant must maintain cGPA 3.00 or higher during his/ her study in order to retain Mitani Scholarship. The student’s research/ thesis topics should be of interest to Mitani Trading (Thailand) Co., Ltd. and must be under one of the following topics: 6.1 Digging Deeper into Fog Technology 6.2 Manufacturing Engineering, Robotics 6.3 Inventory Control 6.4 Control of the Jet Sound 6.5 Research on Jetting Agents 6.6 Foaming Technology 6.7 Human Engineering 6.8 Search of New Materials NOTE: The selected candidate will be offered not only a full scholarship but also a guaranteed job with the Mitani Valve Co., Ltd. in Japan. Also, the company will provide a Japanese language course (free of charge) to the selected candidate during his/ her studies at AIT. Deadline: 15 November 2025 for January 2026 Intake Apply here: https://ait.ac.th/apply-online/ Further Inquiries For further inquiries on AIT Admissions Requirements and Procedures, applicants can visit the  AIT Admissions website. You may also contact the following address: Admissions and Scholarships Unit Asian Institute of Technology P.O. Box 4, KlongLuang Pathumthani 12120 THAILAND (662) 524 5024, 31-33 admissions@ait.ac.th",https://ait.ac.th/financial/mitani-trading-thailand-co-ltd-masters-scholarship-with-job-offer
Error: 429 Client Error: Too Many Requests for url: https://ait.ac.th/financial/kpcip-scholarships-2025,https://ait.ac.th/financial/kpcip-scholarships-2025
Error: 429 Client Error: Too Many Requests for url: https://ait.ac.th/financial/computer-and-structures-inc-scholarship,https://ait.ac.th/financial/computer-and-structures-inc-scholarship
Error: 429 Client Error: Too Many Requests for url: https://ait.ac.th/financial/japanese-government-scholarships/,https://ait.ac.th/financial/japanese-government-scholarships/
Error: 429 Client Error: Too Many Requests for url: https://ait.ac.th/student-housing/,https://ait.ac.th/student-housing/
"Housing AIT campus offers many opportunities for sports activities. In this section Housing Dining Health and Wellness Cultural diversity Athletics Career development Facilities AIT Conference Center Virtual tour On-campus living at AIT High-quality on campus accommodations are available in different types, such as air-conditioned or non air-conditioned; cooking or non cooking, and single or double occupancy — all rooms are fully furnished with regular maintenance services. Weekly cleaning service is also available. Accommodation facilities & service Campus accommodation with air-conditioned/non air-conditioned & cooking/non cooking rooms* Provides following maintenance services Electrical equipment, furniture, sanitary, building maintenance, gas delivery Weekly cleaning services Linens provision and laundry service (2 bedsheets, 2 towels, and 1 Pillowcase) except Category 2 (Dorm E, J, K) and SV Married Units. Special accommodation facility for disabled Accommodation suitable for disabled, wheelchair users and those needing extra space for special equipment are available (4 non-air-conditioned in Dorm C and 4 air-conditioned in Dorm X and Y) Regulations Pets are not allowed in dorms. Do not feed any stray animals. No cooking allowed in non-cooking dorm. No subletting of room! Subletting will result in eviction from the student accommodation. Always lock your room when you leave. For bicycle owners, Please park properly and lock your bike. Before leaving the rooms, make sure that all electric appliances, gas appliances and water are turned off. How to apply? For new incoming students, accommodation will be allocated upon arrival and there is no need to register to queue for the preferred room type. For continuing students: Please register to queue for the preferred room type at the accommodation office. For more details, please refer to student handbook or contact the Office of Facilities and Assets Management. For more information 66 (0)2 524-5093 accommodation@ait.ac.th Click this link Choosing your accommodation options Information about the differences between each accommodation type, to help you to make your selection. Cat 1 without AC Cat 1 with AC Cat 2 Cat 3 Cat 4 Cat 5 Student Village (Single) with AC Student Village (Single) without AC Student Village (Married) with AC Student Village (Married) without AC Campus life Housing Dining Health and Wellness Cultural diversity Athletics Career development Facilities AIT Conference Center Virtual tour

Important Links:
Click this link: https://ait.ac.th/housing/",https://ait.ac.th/housing/
Error: 429 Client Error: Too Many Requests for url: https://ait.ac.th/housing/student-village-married-without-ac,https://ait.ac.th/housing/student-village-married-without-ac
Error: 429 Client Error: Too Many Requests for url: https://ait.ac.th/housing/student-village-married-with-ac-copy,https://ait.ac.th/housing/student-village-married-with-ac-copy
"Student Village (Married) with AC About the accommodation Student village consists of mostly double rooms with community bathrooms and lounge spaces on each floor. Separate male and female washrooms are available throughout the floors. Room information Dorms : SVI, SVII, and SVIII Size : Air-con : Yes (SV-III), and (SV-II 22 and 23) Water heater : Yes (SV-III) Kitchen : Yes (Refrigerator, gas stove) Balcony : Private Bathroom : Private Furniture : Bedroom: 2 beds, pillows, study tables, chairs, 1 stand fan, 2 wooden shelves, cupboards, 1 dustbin (for each room)
Living room: 1 dining table, 4 chairs, 1 sofa Linens : None Cleaning : 3 times/year Room Costs Rent : 6,350 THB",https://ait.ac.th/housing/student-village-married-with-ac
"Student Village (Single) without AC About the accommodation Student village consists of mostly double rooms with community bathrooms and lounge spaces on each floor. Separate male and female washrooms are available throughout the floors. Room information Dorms : SVI, SVII, and SVIII Size : Air-con : None Water heater : None Kitchen : Yes (Refrigerator, gas stove) Balcony : Private Bathroom : Shared (between 3 rooms) Furniture : Bedroom: 1 bed, 1 mattress, 1 pillow, 1 study tables, 1 chair, 1 fan, 1 wooden shelf, 1 cupboard, 1 dustbin (for each room)
Living room: 1 dining table 4 chairs, 1 sofa Linens : None Cleaning : Done once a week and change the linens every week Room Costs Rent : 7,950 -THB (2,650 THB/room)",https://ait.ac.th/housing/student-village-single-without-ac
"Student Village (Single) with AC About the accommodation Student village consists of mostly double rooms with community bathrooms and lounge spaces on each floor. Separate male and female washrooms are available throughout the floors. Room information Dorms : SVI (SV1-SV10)
SVII (SV21, SV24, SV25, SV30, and SV36)
SVIII (SV57-SV69) Size : Air-con : Yes Water heater : Yes Kitchen : Yes (Refrigerator, gas stove) Balcony : Private Bathroom : Shared (between 3 rooms) Furniture : Bedroom: 1 bed, 1 mattress, 1 pillow, 1 study tables, 1 chair, 1 fan, 1 wooden shelf, 1 cupboard, 1 dustbin (for each room)
Living room: 1 dining table 4 chairs, 1 sofa Linens : None Cleaning : Done once a week and change the linens every week Room Costs Rent : 9,540 -THB (3,150 THB/room)",https://ait.ac.th/housing/student-village
Error: 429 Client Error: Too Many Requests for url: https://ait.ac.th/housing/dorm-p/,https://ait.ac.th/housing/dorm-p
"Cat 4 About the accommodation Cat 4 is a single room with a kitchen containing a refrigerator and hot plate shared between two rooms with a shared bathroom and private balcony. Room information Dorms : T, U, V, W, X, and Y Size : 26.4 sq.m Air-con : Yes Water heater : Yes Kitchen : Yes (refrigerator, hot plate, shared between 2 rooms) Balcony : Private Bathroom : Shared (between 2 rooms) Furniture : Bed, study table, 2 chairs, side table, shelves on wall, cupboard, dustbin, mattress, pillow, clothes stand Linens : None Cleaning : 3 times/year Room Costs Rent : 3,450 -THB",https://ait.ac.th/housing/cat-4
"Cat 3 About the accommodation Cat 3 room is a single room with a shared bathroom between 2 rooms and a private balcony. Room information Dorms : M, N, R, L, Q., and P 3rd floor Size : 21.6 sq. m Air-con : Yes Water heater : Yes Kitchen  : None Balcony : Private Bathroom : Shared (between 2 rooms) Furniture : Bed, study table, 2 chairs, side table, shelves on wall, cupboard, dustbin, mattress, pillow, clothes stand Linens : None Cleaning : 3 times/year Room Costs Rent : 3,050 -THB",https://ait.ac.th/housing/cat-3
Error: 429 Client Error: Too Many Requests for url: https://ait.ac.th/housing/cat-2,https://ait.ac.th/housing/cat-2
Error: 429 Client Error: Too Many Requests for url: https://ait.ac.th/housing/cat-1-without-ac/,https://ait.ac.th/housing/cat-1-without-ac
"Cat 1 with AC About the accommodation Cat 1 consists of a single room with a shared bathroom and balcony between two rooms. Room information Dorms : F21-28 and F31-32 Size  : 18 sq. m. Air-con : Yes Table fan : Yes Water heater : Yes Kitchen : None Balcony : Private Bathroom : Private Furniture : Bed, study table, chair, sofa, fan, side table with shelves, shelves on wall, cupboard, dustbin, mattress, pillow, clothes stand Linens : None Cleaning : 3 times/ year Room Costs Rent : 2,650 -THB",https://ait.ac.th/housing/cat-1-with-ac/
"Dining AIT has many places to relax and eat on campus. Whether you're looking for something quick on your way to clas, you'll find quality food services at AIT. In this section Housing Dining Health and Wellness Cultural diversity Athletics Career development Facilities AIT Conference Center Virtual tour AIT Cafeteria AIT Cafeteria with a variety of cuisines are available on campus. In addition to its quality, the food is tasty and easy on the wallet. Cafe An educational institute would definitely be incomplete without cafés, and AIT has quite a number of them around the campus. In alphabetical order, you will find the following cafés: AFE Coffee Lounge, Easy House, Fresh Fuel, Energy Coffee Lounge, Hom Krun Coffee, Inthanin Garden, SET Coffee Lounge, Sara’s, and SOM Coffee Lounge. Coffee Indy Easy Coffee House Hom Krun Coffee Inthanin Garden Cafe Tan90 Campus life Housing Dining Health and Wellness Cultural diversity Athletics Career development Facilities AIT Conference Center Virtual tour",https://ait.ac.th/dining/
"Health & Wellness AIT is proactive in maintaining good wellness practices for its community members. In this section Housing Dining Health and Wellness Cultural diversity Athletics Career development Facilities AIT Conference Center Virtual tour Welfare Here is some more information on welfare and support services AIT community members  may find useful. Advice is also available from schools, department and the Student Union. Guidance and counselling In a multinational environment such as AIT campus, AIT provides mentoring/counselling/peer support programs to support students, faculty and staffs  including those from underrepresented groups on academic and non-academic matters. Personal Counseling Dispute Mediation Harassment Issues Gender Related Matters Feeling of Academic Inadequacy Difficulties with English Language Any AIT community member who wishes to seek advice/counseling or lodge a complaint can request for an appointment by contacting: Email to: student-welfare@ait.ac.th / hro@ait.ac.th Call to: 02-524-6744 Personal visit: Stop by to schedule an appointment with the Student Welfare or Human Resource Officers. Disability Support Accommodation suitable for disabled, wheelchair users and those needing extra space for special equipment are available (4 non-air-conditioned in Dorm C and 4 air-conditioned in Dorm X and Y) Contact Accommodation Office or send email to: accommodation@ait.ac.th Health The AIT Medical Center offers health care visits with both male and female doctors and nurses. You can contact us and make a reservation by phone. Scan QR to make an appointment or Click Here Working days : 7:00am – 11:00pm Holidays : 7:00am – 11:00pm Next to AIT Conference Center AITCC Medical Insurance Every faculty, students, and staffs members at AIT are provided with free, compulsory standard medical insurance plan. The standard plan, which entails an annual premium covers certain costs for hospitalization, outpatient treatment, dental as well as life plus personal accident. Fitness center We are proud to offer a facility that caters to the on-campus lifestyle. We are happy to introduce you to our new facility. We also offer a variety of ways to get fit and have fun including; group fitness classes. Working days: 8:00am – 9:00pm Holidays : 8:00am – 9:00pm Above AIT Cafeteria, Second Floor Student union Student Union of AIT is the representative body for all the students at AIT. Objective of Student Union is to foster good relationships and encourage harmony among its members, as well as the other members of the community, and better understanding of their various backgrounds and cultures, through activities. Learn more about student union Wellness Park The park is equipped with a sand pit, tunnel, spring benches for kids, different playground equipment sets, and exercise equipment. OFAM also constructed several benches and structures fabricated from recycled timber removed from walkway ceilings across the campus as part of its sustainability initiative. Learn more Campus life Housing Dining Health and Wellness Cultural diversity Athletics Career development Facilities AIT Conference Center Virtual tour

Additional Resources Found:
Context: Scan QR to make an appointment orClick Here -> URL: https://docs.google.com/forms/d/e/1FAIpQLSfgTAg1BT-sJxAlJXHdFu24ILce0euhnu5JedJW87Y4nIT3uA/viewform?fbclid=IwAR0pMkTrRid7RgOsGjnJxJiSOrSApfQZdhHgxdTktAcE0Nv6TbqFNT_Zszo",https://ait.ac.th/health-wellness/
"Skip to content Campus Accommodation facilities AIT campus has accommodation facilities for both students and employees. There are 1406 student dorm units and 373 employee units. An appropriate housing facility for all types of students & staff who are single or married, with cooking and no cooking facility, air-conditioned or non-air conditioned. The facility also includes few disabled accommodation units to cater special needs. Dormitories are equipped with furniture, Internet facility and required maintenance services. A student registered to doctoral, master’s, diploma, certificate or special programs and AIT faculty/staff are eligible for accommodation on campus. Student Accommodation Accommodation Facilities Campus accommodation with air-conditioned/non air-conditioned & 53% of the units have cooking facility in rooms* Provides following maintenance services Electrical equipment, furniture, sanitary, building maintenance, gas delivery Weekly cleaning services Linen (one set) is provided to each student living in accommodation units. One set includes one pillowcase, two bedsheets, and one pillow. Special accommodation facility for disabled Accommodation suitable for disabled, wheelchair users and those needing extra space for special equipment are available (4 non-air-conditioned in Dorm C and 4 air-conditioned in Dorm X and Y) Dorm allocation procedure For new students, units are allotted to the student at the start of the semester through lottery. Students can queue later for the desired room, which will be allocated as per the availability. To view the status of queue click Student accommodation allocation * Please register to queue for the preferred room type at accommodation office. For more details, please refer to student handbook. Accommodation rental & utilities payment Invoice will be generated every month and will be shown in the Student Information System (SIS) and payment should be made at Accommodation Office Cashier. Payable on first day of each month. The first invoice will include rental for 2 months (1-month advance & 1-month rental) Sanctions for unpaid rental and utilities: Interest penalty of 1.5% per month is imposed if amount remains unpaid after 30 days. If outstanding amount exceeds two-months rental, student will be required to vacate the rooms. L, Q, M, N, R, S L, Q, M, N, R, S Dorm L, Q, M, N, R, S Student Village-III Student Village-I Student Village-II Dorm A-H Category-1 Dorm A-H Cat-3 Dorm L, Q, M, N, R, S Cat-4 Dorm T,U,V,W,X,Y Categories of student dormitories and facilities details Dormitory Name Air conditioner Cooking facilities Bathroom CAT 1 A, B, C, D, F**, G, H NO NO SHARE* CAT 2 E, J, K, YES YES PRIVATE CAT 3 L, M, N, P3, Q, R, S, YES NO SHARE* CAT 4 T, U, V, W, X, Y YES NO SHARE* CAT 5 Dorms P1, P2, X11, Y11 (Married Units) YES YES PRIVATE Student village Married units SV I, SV II, SV III YES*** YES PRIVATE Student village Married units SV I, SV II, SV III NO YES PRIVATE Student village Single units SV I, SV II, SV III YES*** YES SHARE* Student village Single units SV I, SV II, SV III NO YES SHARE* Remarks: * Student village single unit can accommodate 3 students with shared bathroom and kitchen and for CAT 1, 3, 4 a bathroom is shared by 2 students. ** Dorm F has four units that are air-conditioned and has a private bathroom *** The rental rate of the air-conditioned student village and dorm F units are higher than non-airconditioned units. Utility charges on campus: Electricity Consumption After VAT (THB /unit) Service charge (THB/ customer/month) Internet Changes First 0 – 100 units 5.00 20.00 6 00 THB per person Next 101 – 400 units 5.60 40.00 Over 401 – up 6.00 Click here to check your monthly electricity usage Campus Faculty/Staff Accommodation 381 units of which 20 are faculty houses. Categorized based on air-conditioned and non-air-conditioned, with 70 % units with cooking facility, Singles, and married. Allocation of dorms AIT faculty or staff with employment contract of duration of at least six months may apply for on-campus housing units Allocation is  based on queue system To view the queue status click Staff accommodation allocation Billing The rent and utilities are directly deducted from salary and staff can view the details in Human Resources Information system (HRIS) through staff login. Accommodation rental & utilities Payment: Invoice will be generated every month and will be shown in the Student Information System (SIS) and payment should be made at Accommodation office Cashier. Payable on first day of each month. The first invoice will include rental for 2 months (1-month advance & 1-month rental) Unpaid rental and utilities: Interest penalty of 1.5% per month is imposed if Various categories of student dormitories Name of the Dormitory Total units Name of the Dormitory Total units Faculty House 9 – 14 6 Staff Dormitory 7-  Studio 24 Faculty House 15 – 18 4 Staff Dormitory 7 – Bachelor 42 Faculty House 19 – 28 10 Staff Dormitory 8 – 1 br 6 Staff Dormitory 2 18 Staff Dormitory 8 – 2 br 12 Staff Dormitory 3 – Single 54 Staff Dormitory 8 – 3br 6 Staff Dormitory 3 – Married 8 Staff Dormitory 9 – Studio 42 Staff Dormitory 4 – Studio 12 Staff Dormitory 10 – 2 br 18 Staff Dormitory 4 – Married 3 Staff Dormitory 11 – 1 br 2 Staff Dormitory 5 – 1 br 6 Staff Dormitory 11 – 2 br 1 Staff Dormitory 5 – 2 br 9 Staff Dormitory 11 – 2 br 5 Staff Dormitory 5 – 2 br (L) 3 Staff Dormitory 11 – 1 bed room 4 Staff Dormitory 6 – Studio 48 Staff Dormitory 11 – 2 bed room 6 Staff Dormitory 6 – Married 18 Staff Dormitory 12-3 bed room 6",https://ofam.ait.ac.th/asset-management/accommodation-office/
"AIT Sport Facilities Previous Next Sports and Recreation With its extensive open space, AIT campus offers many opportunities for sports activities that in­clude golf, swimming, basketball, badminton, tennis, table tennis, volleyball, football, cricket, hockey, running, squash and petanque, etc. A multi-purpose field, used as a football field, cricket field, running track, squash courts, tennis courts, badminton courts, basketball court and volleyball court are all located near the residential area while the table tennis room and other tennis courts are closer to the cafeteria. The renovation of the multipurpose field had been completed in 2012 after floods in 2011, with the support of Thailand Cricket Association. Often Thailand Cricket Association organizes cricket matches and practice matches, the student cricket and football club of AIT are associated with other universities to play inter-university matches. Most of the sports fields other than the swimming pool have access to the outsider if accompanied by an AIT member. Student Union also organizes some trips for the enjoyment of the AIT community. There is a one day trip and the other one is the Grand trip for 2-3 days. Various cultural events are also organized to enhance friendships among different country associations and promote their cultures for the highly diversified AIT Community. General Sports Facilities House Rules: Sports hours: Monday to Sunday, 6:00 a.m.  – 11:00 p.m. Proper sports attire is required for each sports facility. Slippers/flip-flops are not allowed. Users must follow standard sports rule for each facility or upon mutual agreement of players depending on need. Sportsmanship and proper decorum is highly encouraged in the conduct of sports events. First come-first served basis rule must be followed for each court/field and queuing must be adhered to if there are many players waiting. Priority for use of AIT residents. For racquet sports, doubles events should be prioritized over single events if there is a queue. Sports facilities cannot be used for other sporting events aside from the intended use of the court/field. Food and beverages are not allowed in the sports facility. Food may be consumed on the sitting area only. Last players of the evening must turn off the lights and other electrical equipment of the court. Student organizations who wish to book the courts/fields must seek permission from the Student Union and inform the community before its use. Individuals breaking the sports facility house rules will be subject to possible forfeiture of privileges. Swimming Pool The swimming pool is located behind the AIT Conference Center and changing rooms are available. A lifeguard is on duty daily from opening to closing time. The users of the pool should only be AIT community members which includes AIT staff, students and their families and visitors at AITCC. Outsiders are not allowed. All users have to register before using the swimming pool and the swimming pool staff may also request for the AIT ID verification. Swimming Pool Regulations: Pool hours: Monday to Sunday, 6:00 a.m. – 7:00 p.m. Reserved for Ladies – every Wednesday from 1:00 p.m. onwards Proper swim wear is required. No outerwear including cut-offs or shorts will be allowed. Food and beverages are not allowed in the pool. Liquor or any intoxicating drinks is prohibited. Individuals intoxicated with liquor are not permitted to use the pool. Lifeguards and/or security guards have the authority to prevent intoxicated individuals from entering the pool area. Smoking is not permitted at the pool. Take a shower before getting to the pool. Take off shoes or slippers before entering the pool. No screaming, running, rough play or any activity that would disturb other users. No spitting, spouting water or blowing nose in the pool. Children must be accompanied and supervised by parents or guardians Inexperienced swimmer must be accompanied by an experienced swimmer. Persons suffering from contagious diseases or those with open wounds are strictly prohibited from using the pool. For training sessions, prior permission has to be taken from OFAM and trainer need to pay for using the facilities. Individuals breaking the pool regulations are subject to possible forfeiture of swimming privileges. etc Outdoor Sports Facilities Gallery Swimming pool at AITCC Kids Swimming Pool Football/Cricket field with a running track Football/Cricket field with a running track Tennis court at Library Tennis court near Library Sport courts near 7-Eleven Tennis court near 7-Eleven Tennis court near 7-Eleven Basketball, Volleyball and badminton courts Badminton court opposite to dorm P Admin Football field Dorm-E Badminton court SV3 Basket Ball Court Dorm-L Tennis Court Dorm-L-Volley-Ball-court Outdoor excercise equipment at 7-Eleven ST9 Badminton court Sport courts near 7-Eleven ST9 Badminton Court Cricket net practice court SV-65-Petangue-Court SV1-Badminton-Court AIT Golf Club Indoor Sports Facilities China Center Indoor sports Table Tennis China Center AIT Gym AIT Gym Squash Court 1 Squash Court 2 Squash Court",https://ofam.ait.ac.th/ait-sport-facilities/
"20160512161528 20160512161145 20160512160944 20160512161554 20160512161623 Security service team ensures safety and security of students and staff with in the campus. The services is contracted  to a company who can provide sufficiently with a service mind to provide Professional security service to protect and secure everything within the AIT campus Static and mobile patrolling Security Contingency Plan Security services provided are listed below Services provided 24 hours a day, 7 days a week, 52 weeks a year including holidays. Traffic management services 12 security post for 24 hours surveillance & patrolling 129 CCTVs in the academic area and students dorms, 35 CCTV in the staff accommodation area Serves as call center during the non-working hours Responds to emergency issues/request in the campus. Transportation service to the clinic/nearest hospital in case of medical emergencies Professionally advise AIT on all security issues Protect and secure everything within the AIT campus Coordinate security matters with neighbouring universities / communities / police Support with all legal, regulatory requirements for accidents/incidents Emergency evacuation procedures Security guard post (heavy metal barriers) All CCTV cameras, time lapse video recording devices, camera controller devices, and communication devices are supervised by the security To request any emergency maintenance or any medical concerns off working hours Call to security at 02-524-6000 Important & Emergency Tel Numbers: AIT Medical Clinic: (Daytime):         02-524-5286 (24 hrs.):             089-075-4243 Taxi Service:                                     02-524-6300 Thammasat Hospital:                     02-926-9999 AIT Security + Fire + Ambulance: 02-524-6000",https://ofam.ait.ac.th/campus-maintenance/security/
AIT Call Center operates under the management of Office of facilities and Asset Management (OFAM) as a Service unit. Call Center operates all days except  on AIT official holidays. Office working time: 08:00 am to 05:00 pm. After 5 pm the calls will be forwarded to Security office at gate-1. Call center normally supports both Thai and English Language. AIT Call center accepts service requests from both Academics and Residential members of AIT. Instructions for the service request: Specify the precise details of the service requested. Provide the location of service with room number and building number. Provide the requester email ID and phone number for further coordination Provide the picture of the service required Please note to specify the subject of the request in below format For Residents: Specify dorm / house / building and unit number: followed by Request details. Ex: Dorm P–206A: Water leakage in kitchen sink. For Others : Specify building name / office area and room number: followed by request details. Ex: SERD Building room E-220: Lights are not working Call Center (Facility Services): Telephone: 02-524-5800 Email: callcenter@ait.asia Weblink: fims.ait.asia Help desk (Internet Concerns): Telephone: 02-524-6082 Email: helpdesk@ait.asia Web link : http://itserv.ait.ac.th/helpdesk/,https://ofam.ait.ac.th/campus-services/call-center/
"Error: HTTPConnectionPool(host='192.41.170.23', port=3128): Read timed out. (read timeout=15)",http://aitcc.ait.ac.th/standard-rates/
"Error: HTTPConnectionPool(host='192.41.170.23', port=3128): Read timed out. (read timeout=15)",http://aitcc.ait.ac.th/contact-us/
"Error: HTTPConnectionPool(host='192.41.170.23', port=3128): Read timed out. (read timeout=15)",http://aitcc.ait.ac.th/facilities/
"Error: HTTPConnectionPool(host='192.41.170.23', port=3128): Read timed out. (read timeout=15)",http://aitcc.ait.ac.th/home/
"Error: HTTPConnectionPool(host='192.41.170.23', port=3128): Read timed out. (read timeout=15)",http://aitcc.ait.ac.th/accommodation/
"Tuition and fees Estimated costs and expenses for a full-time student without financial aid for the duration of his/her study program. In this section Admissions Eligibility Financial aid Tuition and fees Student housing Apply online Frequently Asked Questions Tuition & fees Faculty of Climate Change & Faculty of Infrastructure & Faculty of Public Policy & Faculty of Resource & Faculty of Technology Study costs Doctorate Master’s & M.Phil Master (1 year) Certificate 7 Semesters
(84 credits)
42 Months 4 Semesters
(48 credits)
22 Months (30 credits) 1 Semester
(12 credits)
5 Months Registration Fee @Baht 20,000 per Semester ฿140,000 ฿80,000 ฿40,000 ฿20,000 Tuition Fee @Baht 16,000 per Credit ฿1,344,000 ฿768,000 ฿480,000 ฿48,000 – 192,000 Language Support Fee ฿2,000 ฿2,000 ฿2,000 – Medical Insurance Fee @Baht 2,500 per Year ฿8,750 ฿5,000 ฿2,500 ฿1,250 Student Union Fee @Baht 150 per Semester ฿1,050 ฿600 ฿300 ฿150 Total Fees ## ฿1,495,800 ## ## ฿855,600 ## ## ฿524,800 ## ## ฿69,400 – 213,400 ## Living /Accommodation/Miscellaneous Expenses* @Baht 11,500-15,000 per Month ฿483,000 – 630,000 ฿253,000 – 330,000 ฿138,000 – 180,000 ฿57,500 – 75,000 Visa fee @Baht 1,900 per Year ฿5,700 ฿3,800 ฿1,900 ฿1,900 Faculty of Business Management Study costs PhD Program
7 Semesters
(84 credits)
42 Months DBA Program
(3 yrs) MBA / MSc Program 1 year MBA / MSc Program 2 years Tuition and Registration Fee ฿1,484,000 ฿1,500,000 ฿626,000 ฿848,000 Language Support Fee ฿2,000 ฿2,000 ฿2,000 ฿2,000 Medical fee @Baht 2,500 Baht per year ฿8,750 ฿7,500 ฿2,500 ฿2,500 Student Union Fee @ Baht 150 per semester ฿1,050 ฿900 ฿300 ฿300 Education visa fee @ Baht 1,900 per year ฿5,700 ฿5,700 ฿1,900 ฿3,800 Total Fees ## ฿1,501,500 ## ## ฿1,516,100 ## ## ฿632,700 ## ## ฿856,600 ## *Living /Accommodation/Miscellaneous Expenses @Baht 11,500-15,000 per Month ฿483,000 – 630,000 ฿414,000 – 540,000 ฿138,000 – 180,000 ฿253,000 – 330,000 Living costs in Thailand Below is an approximate guide to the minimum amount you should expect for living expenses in the Thailand per month. These costs are for one person only, so students with children and dependents should keep this in mind when working out a budget. Expenses Approximate Price Accommodation (Dormitory, Usually Including Bills) ฿2,500 – 7,000 per month Private Accommodation (bills not included) ฿8,000 – 20,000 per month Mobile phone ฿200 per month minimum suggested amount Books / Stationery ฿2,000 minimum suggested amount Travel / Transport ฿2,000 per month minimum suggested amount to the city or near by campus Payment Advice AIT tuition and registration fees are charged in Thai Baht, so all students are encouraged to pay in Thai Baht. For the January 2026 Semester, the AIT Official Rate of Exchange (ROE) of conversion is as follows: If the invoice is in THB to USD, use the ROE is 28.88 If the invoice is in USD to THB, use the ROE is 32.16 If the invoice is in THB to EUR, use the ROE is 33.765 If the invoice is in EUR to THB, use the ROE is 37.0475 If the invoice is in THB to GBP, use the ROE is 38.62875 If the invoice is in GBP to THB, use the ROE is 42.10375 If the invoice is in THB to AUD, use the ROE is 17.5175 If the invoice is in AUD to THB, use the ROE is 20.705 For Certificate, Diploma, Master ‘s, and Doctoral Programs 1) Payments of tuition and other fees can be paid/transferred from Overseas through the AIT Current Account (A/C) details below: Thai Baht Account: Siam Commercial Bank, Thammasat University Hospital Branch Name of A/C: ASIAN INSTITUTE OF TECHNOLOGY Current A/C # 468-046301-2 Address: 95 Moo 8, Klong Nueng, Klong Luang, Pathumthani 12120 Thailand Swift code: SICOTHBK 2) Payments of tuition and other fees can be paid/transferred in Thailand through the AIT Savings Account (A/C) detailed below: Thai Baht Account: Siam Commercial Bank, Thammasat University Hospital Branch Name of A/C: ASIAN INSTITUTE OF TECHNOLOGY Savings A/C : #405-999567-0 Address: 95 Moo 8, Klong Nueng, Klong Luang, Pathumthani 12120 Thailand Swift code: SICOTHBK Contact For payment advice and inquriy, please contact For more information +66 2524 5031/5032/5033 admissions@ait.ac.th , aso@ait.asia Note: Please email the scanned copy of the transaction detail or payment slip/money transfer to aso@ait.ac.th and prate ep@ait.asia (Cashier) with the student ID number/invoice numbe r (enrolled students) or the Application number of the new incoming studen t Apply Admissions Eligibility Financial aid Tuition and fees Student housing Apply online Frequently Asked Questions",https://ait.ac.th/tuition-and-fees/
